time*0.3[s],altitude[cm],rot_old,air_sp[mm/s],yaw_old,pitch_old,roll_old,rotation*10[rpm],thrust_H,thrust_M,thrust_L,rudder,elevator,rudde_trim,elev_trim,servo_voltage,servo_current,elev_trim(nunchuck),screen_toggle
015834,000525,008888,000000,00000,00000,00000,000007,0000,0507,6973,091,090,090,090,0820,0012,+01,0
015835,000525,008888,000000,00000,00000,00000,000007,0000,0507,6952,091,090,090,090,0817,0020,+01,0
015836,000525,008888,000000,00000,00000,00000,000007,0000,0507,6989,091,090,090,090,0818,0034,+01,0
015837,000525,008888,000000,00000,00000,00000,000007,0000,0507,6945,091,090,090,090,0818,0016,+01,0
015838,000525,008888,000000,00000,00000,00000,000007,0000,0507,6865,091,090,090,090,0820,0010,+01,0
015839,000525,008888,000000,00000,00000,00000,000007,0000,0507,6631,091,090,090,090,0820,0010,+01,0
015840,000525,008888,000000,00000,00000,00000,000007,0000,0507,6631,091,090,090,090,0818,0011,+01,0
015841,000525,008888,000000,00000,00000,00000,000007,0000,0507,6563,091,090,090,090,0817,0025,+01,0
015842,001070,008888,000000,00000,00000,00000,000007,0000,0507,6614,091,090,090,090,0818,0015,+01,0
015843,001070,008888,000000,00000,00000,00000,000007,0000,0507,6387,091,090,090,090,0821,0009,+01,0
015844,001070,008888,000000,00000,00000,00000,000007,0000,0507,6508,091,090,090,090,0821,0009,+01,0
015845,001070,008888,000000,00000,00000,00000,000007,0000,0507,6384,091,090,090,090,0820,0007,+01,0
015846,001070,008888,000000,00000,00000,00000,000007,0000,0507,6331,091,090,090,090,0818,0023,+01,0
015847,001070,008888,000000,00000,00000,00000,000007,0000,0507,6245,091,090,090,090,0820,0010,+01,0
015848,001070,008888,000000,00000,00000,00000,000007,0000,0507,6168,091,090,090,090,0820,0014,+01,0
015849,000284,008888,000000,00000,00000,00000,000007,0000,0507,6258,091,090,090,090,0818,0020,+01,0
015850,000284,008888,000000,00000,00000,00000,000007,0000,0507,6179,091,090,090,090,0820,0013,+01,0
015851,000284,008888,000000,00000,00000,00000,000007,0000,0507,6071,091,090,090,090,0818,0028,+01,0
015852,000284,008888,000000,00000,00000,00000,000007,0000,0507,6071,091,090,090,090,0818,0030,+01,0
015853,000284,008888,000000,00000,00000,00000,000007,0000,0507,6059,091,090,090,090,0820,0012,+01,0
015854,000284,008888,000000,00000,00000,00000,000007,0000,0507,5901,091,090,090,090,0817,0025,+01,0
015855,000284,008888,000000,00000,00000,00000,000007,0000,0507,5938,091,090,090,090,0820,0015,+01,0
015856,000284,008888,000000,00000,00000,00000,000007,0000,0507,5832,091,090,090,090,0820,0013,+01,0
015857,000513,008888,000000,00000,00000,00000,000007,0000,0507,5832,091,090,090,090,0818,0024,+01,0
015858,000513,008888,000000,00000,00000,00000,000007,0000,0507,5607,091,090,090,090,0818,0017,+01,0
015859,000513,008888,000000,00000,00000,00000,000007,0000,0507,5607,091,090,090,090,0818,0010,+01,0
015860,000513,008888,000000,00000,00000,00000,000007,0000,0507,5648,091,090,090,090,0820,0015,+01,0
015861,000513,008888,000000,00000,00000,00000,000007,0000,0507,5607,091,090,090,090,0820,0015,+01,0
015862,000513,008888,000000,00000,00000,00000,000007,0000,0507,5607,091,090,090,090,0820,0014,+01,0
015863,000513,008888,000000,00000,00000,00000,000007,0000,0507,5481,091,090,090,090,0820,0012,+01,0
015864,000513,008888,000000,00000,00000,00000,000007,0000,0507,5395,091,090,090,090,0820,0011,+01,0
015865,000513,008888,000000,00000,00000,00000,000007,0000,0507,5153,091,090,090,090,0818,0018,+01,0
015866,000513,008888,000000,00000,00000,00000,000007,0000,0507,5309,091,090,090,090,0820,0012,+01,0
015867,000513,008888,000000,00000,00000,00000,000007,0000,0507,5227,091,090,090,090,0818,0032,+01,0
015868,000333,008888,000000,00000,00000,00000,000007,0000,0507,5231,091,090,090,090,0818,0022,+01,0
015869,000333,008888,000000,00000,00000,00000,000007,0000,0507,5231,091,090,090,090,0820,0025,+01,0
015870,000333,008888,000000,00000,00000,00000,000007,0000,0507,5275,091,090,090,090,0818,0014,+01,0
015871,000333,008888,000000,00000,00000,00000,000007,0000,0507,5204,091,090,090,090,0818,0018,+01,0
015872,000333,008888,003894,00000,00000,00000,000007,0000,0507,5039,091,090,090,090,0818,0014,+01,0
015873,000333,008888,000000,00000,00000,00000,000007,0000,0507,5202,091,090,090,090,0820,0005,+01,0
015874,000333,008888,000000,00000,00000,00000,000007,0000,0507,4754,091,090,090,090,0817,0073,+01,0
015875,000333,008888,000000,00000,00000,00000,000007,0000,0507,4941,091,090,090,090,0820,0005,+01,0
015876,000333,008888,000000,00000,00000,00000,000007,0000,0507,4881,091,090,090,090,0818,0016,+01,0
015877,000333,008888,000000,00000,00000,00000,000007,0000,0507,4782,091,090,090,090,0820,0026,+01,0
015878,000333,008888,000000,00000,00000,00000,000007,0000,0507,4689,091,090,090,090,0818,0015,+01,0
015879,000333,008888,000000,00000,00000,00000,000007,0000,0507,4689,091,090,090,090,0820,0016,+01,0
015880,000333,008888,000000,00000,00000,00000,000007,0000,0507,4740,091,090,090,090,0818,0042,+01,0
015881,000333,008888,000000,00000,00000,00000,000007,0000,0507,4839,091,090,090,090,0818,0042,+01,0
015882,000333,008888,000000,00000,00000,00000,000007,0000,0507,4727,091,090,090,090,0818,0008,+01,0
015883,000333,008888,000000,00000,00000,00000,000007,0000,0507,4689,091,090,090,090,0817,0018,+01,0
015884,000333,008888,000000,00000,00000,00000,000007,0000,0507,4495,091,090,090,090,0820,0013,+01,0
015885,000333,008888,000000,00000,00000,00000,000007,0000,0507,4639,091,090,090,090,0820,0021,+01,0
015886,000333,008888,000000,00000,00000,00000,000007,0000,0507,4681,091,090,090,090,0820,0005,+01,0
015887,000333,008888,000000,00000,00000,00000,000007,0000,0507,4499,091,090,090,090,0818,0013,+01,0
015888,000333,008888,000000,00000,00000,00000,000007,0000,0507,4484,091,090,090,090,0820,0013,+01,0
015889,000333,008888,000000,00000,00000,00000,000007,0000,0507,4475,091,090,090,090,0820,0012,+01,0
015890,000333,008888,000000,00000,00000,00000,000007,0000,0507,4368,091,090,090,090,0820,0005,+01,0
015891,000333,008888,000000,00000,00000,00000,000007,0000,0507,4403,091,090,090,090,0817,0036,+01,0
015892,000333,008888,000000,00000,00000,00000,000007,0000,0507,4403,091,090,090,090,0818,0012,+01,0
015893,000509,008888,000000,00000,00000,00000,000007,0000,0507,4284,091,090,090,090,0820,0019,+01,0
015894,000509,008888,000000,00000,00000,00000,000007,0000,0507,4214,091,090,090,090,0818,0019,+01,0
015895,000509,008888,000000,00000,00000,00000,000007,0000,0507,4226,091,090,090,090,0820,0014,+01,0
015896,000509,008888,000000,00000,00000,00000,000007,0000,0507,4118,091,090,090,090,0818,0019,+01,0
015897,000509,008888,000000,00000,00000,00000,000007,0000,0507,4069,091,090,090,090,0818,0017,+01,0
015898,000509,008888,000000,00000,00000,00000,000007,0000,0507,4042,091,090,090,090,0818,0039,+01,0
015899,000026,008888,000000,00000,00000,00000,000007,0000,0507,4057,091,090,090,090,0818,0026,+01,0
015900,000026,008888,000000,00000,00000,00000,000007,0000,0507,4000,091,090,090,090,0820,0007,+01,0
015901,000026,008888,000000,00000,00000,00000,000007,0000,0507,3826,091,090,090,090,0818,0027,+01,0
015902,000026,008888,000000,00000,00000,00000,000007,0000,0507,3798,091,090,090,090,0820,0008,+01,0
015903,000026,008888,000000,00000,00000,00000,000007,0000,0507,3902,091,090,090,090,0818,0017,+01,0
015904,000026,008888,000000,00000,00000,00000,000007,0000,0507,3819,091,090,090,090,0818,0022,+01,0
015905,000026,008888,000000,00000,00000,00000,000007,0000,0507,3638,091,090,090,090,0818,0022,+01,0
015906,000026,008888,000000,00000,00000,00000,000007,0000,0507,3638,091,090,090,090,0818,0012,+01,0
015907,000026,008888,000000,00000,00000,00000,000007,0000,0507,3505,091,090,090,090,0818,0017,+01,0
015908,000026,008888,000000,00000,00000,00000,000007,0000,0507,3601,091,090,090,090,0818,0016,+01,0
015909,000026,008888,000000,00000,00000,00000,000007,0000,0507,3638,091,090,090,090,0818,0022,+01,0
015910,000026,008888,000000,00000,00000,00000,000007,0000,0507,3383,091,090,090,090,0820,0010,+01,0
015911,000026,008888,000000,00000,00000,00000,000007,0000,0507,3462,091,090,090,090,0820,0020,+01,0
015912,001070,008888,000000,00000,00000,00000,000007,0000,0507,3228,091,090,090,090,0818,0006,+01,0
015913,001070,008888,000000,00000,00000,00000,000007,0000,0507,3165,091,090,090,090,0818,0028,+01,0
015914,001070,008888,000000,00000,00000,00000,000007,0000,0507,3165,091,090,090,090,0820,0005,+01,0
015915,001070,008888,000000,00000,00000,00000,000007,0000,0507,3088,091,090,090,090,0818,0018,+01,0
015916,001070,008888,000000,00000,00000,00000,000007,0000,0507,3088,091,090,090,090,0816,0049,+01,0
015917,001070,008888,000000,00000,00000,00000,000007,0000,0507,2934,091,090,090,090,0818,0005,+01,0
015918,001070,008888,000000,00000,00000,00000,000007,0000,0507,2934,091,090,090,090,0818,0023,+01,0
015919,001070,008888,000000,00000,00000,00000,000007,0000,0507,2771,091,090,090,090,0820,0005,+01,0
015920,000021,008888,000000,00000,00000,00000,000007,0000,0507,2758,091,090,090,090,0820,0005,+01,0
015921,000021,008888,000000,00000,00000,00000,000007,0000,0507,2798,091,090,090,090,0818,0009,+01,0
015922,000021,008888,000000,00000,00000,00000,000007,0000,0507,2672,091,090,090,090,0820,0009,+01,0
015923,000021,008888,000000,00000,00000,00000,000007,0000,0507,2384,091,090,090,090,0820,0020,+01,0
015924,000021,008888,000000,00000,00000,00000,000007,0000,0507,2485,091,090,090,090,0818,0024,+01,0
015925,000021,008888,000000,00000,00000,00000,000007,0000,0507,2485,091,090,090,090,0817,0020,+01,0
015926,000021,008888,000000,00000,00000,00000,000007,0000,0507,2235,091,090,090,090,0818,0018,+01,0
015927,000021,008888,000000,00000,00000,00000,000007,0000,0507,2250,091,090,090,090,0818,0011,+01,0
015928,000021,008888,000000,00000,00000,00000,000007,0000,0507,2275,091,090,090,090,0818,0036,+01,0
015929,000021,008888,000000,00000,00000,00000,000007,0000,0507,2078,091,090,090,090,0818,0018,+01,0
015930,000021,008888,000000,00000,00000,00000,000007,0000,0507,2078,091,090,090,090,0816,0042,+01,0
015931,000021,008888,000000,00000,00000,00000,000007,0000,0507,2064,091,090,090,090,0820,0017,+01,0
015932,000021,008888,000000,00000,00000,00000,000007,0000,0507,2064,091,090,090,090,0818,0017,+01,0
015933,000021,008888,000000,00000,00000,00000,000007,0000,0507,1804,091,090,090,090,0818,0033,+01,0
015934,000021,008888,000000,00000,00000,00000,000007,0000,0507,1706,091,090,090,090,0818,0029,+01,0
015935,000516,008888,000000,00000,00000,00000,000007,0000,0507,1706,091,090,090,090,0820,0014,+01,0
015936,000516,008888,000000,00000,00000,00000,000002,0000,0507,1727,091,090,090,090,0818,0019,+01,0
015937,000516,008888,000000,00000,00000,00000,000002,0000,0507,1582,091,090,090,090,0820,0014,+01,0
015938,000516,008888,000000,00000,00000,00000,000002,0000,0507,1858,091,090,090,090,0820,0026,+01,0
015939,000516,008888,000000,00000,00000,00000,000002,0000,0507,1980,091,090,090,090,0818,0012,+01,0
015940,000021,008888,000000,00000,00000,00000,000001,0000,0507,0528,091,090,090,090,0818,0012,+01,0
015941,000021,008888,000000,00000,00000,00000,000001,0000,0507,1543,091,090,090,090,0818,0022,+01,0
015942,000021,008888,000000,00000,00000,00000,000001,0000,0507,1796,091,090,090,090,0818,0023,+01,0
015943,000021,008888,000000,00000,00000,00000,000001,0000,0507,1577,091,090,090,090,0820,0014,+01,0
015944,000021,008888,000000,00000,00000,00000,000001,0000,0507,1004,091,090,090,090,0820,0018,+01,0
015945,000021,008888,000000,00000,00000,00000,000001,0000,0507,1357,091,090,090,090,0818,0013,+01,0
015946,000021,008888,000000,00000,00000,00000,000001,0000,0507,1367,091,090,090,090,0820,0014,+01,0
015947,000021,008888,000000,00000,00000,00000,000001,0000,0507,1122,091,090,090,090,0818,0028,+01,0
015948,000021,008888,000000,00000,00000,00000,000001,0000,0507,1122,091,090,090,090,0817,0014,+01,0
015949,000021,008888,000000,00000,00000,00000,000001,0000,0507,1294,091,090,090,090,0818,0017,+01,0
015950,000021,008888,000000,00000,00000,00000,000001,0000,0507,1053,091,090,090,090,0818,0011,+01,0
015951,000021,008888,000000,00000,00000,00000,000001,0000,0507,1111,091,090,090,090,0818,0008,+01,0
015952,000021,008888,000000,00000,00000,00000,000001,0000,0507,1111,091,090,090,090,0818,0018,+01,0
015953,000021,008888,000000,00000,00000,00000,000001,0000,0507,1111,091,090,090,090,0818,0017,+01,0
015954,000021,008888,000000,00000,00000,00000,000001,0000,0507,0987,091,090,090,090,0820,0014,+01,0
015955,000021,008888,000000,00000,00000,00000,000001,0000,0507,1138,091,090,090,090,0820,0013,+01,0
015956,000021,008888,000000,00000,00000,00000,000001,0000,0507,0981,091,090,090,090,0817,0019,+01,0
015957,000021,008888,000000,00000,00000,00000,000001,0000,0507,0981,091,090,090,090,0820,0010,+01,0
015958,000021,008888,000000,00000,00000,00000,000001,0000,0507,0815,091,090,090,090,0820,0010,+01,0
015959,000021,008888,000000,00000,00000,00000,000001,0000,0507,0860,091,090,090,090,0818,0022,+01,0
015960,000021,008888,000000,00000,00000,00000,000001,0000,0507,0839,091,090,090,090,0818,0014,+01,0
015961,000514,008888,000000,00000,00000,00000,000001,0000,0507,0683,091,090,090,090,0818,0020,+01,0
015962,000514,008888,000000,00000,00000,00000,000001,0000,0507,0683,091,090,090,090,0818,0028,+01,0
015963,000514,008888,000000,00000,00000,00000,000001,0000,0507,0742,091,090,090,090,0818,0023,+01,0
015964,000514,008888,000000,00000,00000,00000,000001,0000,0000,0050,091,090,090,090,0818,0016,+01,0
015965,000514,008888,000000,00000,00000,00000,000001,0000,0507,0695,091,090,090,090,0820,0015,+01,0
015966,000514,008888,000000,00000,00000,00000,000001,0000,0507,0626,091,090,090,090,0820,0015,+01,0
015967,000514,008888,000000,00000,00000,00000,000001,0000,0507,0646,091,090,090,090,0820,0016,+01,0
015968,000514,008888,000000,00000,00000,00000,000001,0000,0507,0678,091,090,090,090,0818,0018,+01,0
015969,000514,008888,000000,00000,00000,00000,000001,0000,0507,0696,091,090,090,090,0818,0024,+01,0
015970,000514,008888,000000,00000,00000,00000,000001,0000,0507,0680,091,090,090,090,0820,0015,+01,0
015971,000514,008888,000000,00000,00000,00000,000001,0000,0507,0557,091,090,090,090,0820,0015,+01,0
015972,000514,008888,000000,00000,00000,00000,000001,0000,0507,0557,091,090,090,090,0820,0009,+01,0
015973,000514,008888,000000,00000,00000,00000,000001,0000,0507,0551,091,090,090,090,0818,0025,+01,0
015974,000514,008888,000000,00000,00000,00000,000001,0000,0507,0535,091,090,090,090,0817,0008,+01,0
015975,000514,008888,000000,00000,00000,00000,000001,0000,0507,0456,091,090,090,090,0818,0018,+01,0
015976,000514,008888,000000,00000,00000,00000,000001,0000,0507,0535,091,090,090,090,0820,0022,+01,0
015977,000514,008888,000000,00000,00000,00000,000001,0000,0507,0538,091,090,090,090,0818,0017,+01,0
015978,000514,008888,000000,00000,00000,00000,000001,0000,0507,0474,091,090,090,090,0820,0018,+01,0
015979,000514,008888,000000,00000,00000,00000,000001,0000,0507,0444,091,090,090,090,0818,0027,+01,0
015980,000514,008888,000000,00000,00000,00000,000001,0000,0507,0394,091,090,090,090,0818,0017,+01,0
015981,000514,008888,000000,00000,00000,00000,000001,0000,0507,0393,091,090,090,090,0818,0023,+01,0
015982,000514,008888,000000,00000,00000,00000,000001,0000,0507,0257,091,090,090,090,0820,0014,+01,0
015983,001070,008888,000000,00000,00000,00000,000001,0000,0507,0330,091,090,090,090,0820,0019,+01,0
015984,001070,008888,000000,00000,00000,00000,000001,0000,0507,0330,091,090,090,090,0820,0008,+01,0
015985,001070,008888,000000,00000,00000,00000,000001,0000,0507,0302,091,090,090,090,0818,0026,+01,0
015986,001070,008888,000000,00000,00000,00000,000001,0000,0507,0192,091,090,090,090,0820,0008,+01,0
015987,001070,008888,000000,00000,00000,00000,000001,0000,0507,0206,091,090,090,090,0818,0013,+01,0
015988,001070,008888,000000,00000,00000,00000,000001,0000,0507,0085,091,090,090,090,0818,0009,+01,0
015989,001070,008888,000000,00000,00000,00000,000001,0000,0507,0163,091,090,090,090,0818,0009,+01,0
015990,001070,008888,000000,00000,00000,00000,000001,0000,0507,0250,091,090,090,090,0818,0015,+01,0
015991,001070,008888,000000,00000,00000,00000,000001,0000,0507,0078,091,090,090,090,0818,0016,+01,0
015992,001070,008888,000000,00000,00000,00000,000001,0000,0507,0048,091,090,090,090,0818,0015,+01,0
015993,001070,008888,000000,00000,00000,00000,000001,0000,0506,9952,091,090,090,090,0817,0021,+01,0
015994,001070,008888,000000,00000,00000,00000,000001,0000,0506,9978,091,090,090,090,0818,0015,+01,0
015995,001070,008888,000000,00000,00000,00000,000001,0000,0506,9978,091,090,090,090,0818,0013,+01,0
015996,001070,008888,000000,00000,00000,00000,000001,0000,0506,9719,091,090,090,090,0818,0013,+01,0
015997,001070,008888,000000,00000,00000,00000,000001,0000,0506,9719,091,090,090,090,0818,0015,+01,0
015998,001070,008888,000000,00000,00000,00000,000001,0000,0506,9918,091,090,090,090,0818,0025,+01,0
015999,001070,008888,000000,00000,00000,00000,000001,0000,0506,9751,091,090,090,090,0820,0010,+01,0
016000,001070,008888,000000,00000,00000,00000,000001,0000,0506,9456,091,090,090,090,0818,0015,+01,0
016001,001070,008888,000000,00000,00000,00000,000001,0000,0506,9456,091,090,090,090,0818,0012,+01,0
016002,001070,008888,000000,00000,00000,00000,000001,0000,0506,9578,091,090,090,090,0818,0025,+01,0
016003,001070,008888,000000,00000,00000,00000,000001,0000,0506,9539,091,090,090,090,0818,0010,+01,0
016004,001070,008888,000000,00000,00000,00000,000001,0000,0506,9530,091,090,090,090,0818,0014,+01,0
016005,001070,008888,000000,00000,00000,00000,000001,0000,0506,9374,091,090,090,090,0818,0019,+01,0
016006,001070,008888,000000,00000,00000,00000,000001,0000,0506,9287,091,090,090,090,0818,0014,+01,0
016007,001070,008888,000000,00000,00000,00000,000001,0000,0506,9210,091,090,090,090,0818,0041,+01,0
016008,001070,008888,000000,00000,00000,00000,000001,0000,0506,9217,091,090,090,090,0818,0009,+01,0
016009,001070,008888,000000,00000,00000,00000,000001,0000,0506,9201,091,090,090,090,0818,0020,+01,0
016010,001070,008888,000000,00000,00000,00000,000001,0000,0506,9035,091,090,090,090,0818,0020,+01,0
016011,001070,008888,000000,00000,00000,00000,000001,0000,0506,9035,091,090,090,090,0820,0018,+01,0
016012,001070,008888,000000,00000,00000,00000,000001,0000,0506,8947,091,090,090,090,0817,0022,+01,0
016013,001070,008888,000000,00000,00000,00000,000001,0000,0506,8947,091,090,090,090,0818,0011,+01,0
016014,001070,008888,000000,00000,00000,00000,000001,0000,0506,8901,091,090,090,090,0818,0017,+01,0
016015,001070,008888,000000,00000,00000,00000,000001,0000,0506,8884,091,090,090,090,0818,0016,+01,0
016016,001070,008888,000000,00000,00000,00000,000001,0000,0506,8815,091,090,090,090,0818,0015,+01,0
016017,001070,008888,000000,00000,00000,00000,000001,0000,0506,8711,091,090,090,090,0818,0016,+01,0
016018,001070,008888,000000,00000,00000,00000,000001,0000,0506,8711,091,090,090,090,0818,0032,+01,0
016019,001070,008888,000000,00000,00000,00000,000001,0000,0506,8845,091,090,090,090,0817,0028,+01,0
016020,001070,008888,000000,00000,00000,00000,000001,0000,0506,8601,091,090,090,090,0818,0021,+01,0
016021,001070,008888,000000,00000,00000,00000,000001,0000,0506,8520,091,090,090,090,0818,0014,+01,0
016022,001070,008888,000000,00000,00000,00000,000001,0000,0506,8583,091,090,090,090,0818,0014,+01,0
016023,001070,008888,000000,00000,00000,00000,000001,0000,0506,8596,091,090,090,090,0818,0013,+01,0
016024,001070,008888,000000,00000,00000,00000,000001,0000,0506,8375,091,090,090,090,0818,0022,+01,0
016025,001070,008888,000000,00000,00000,00000,000001,0000,0506,8334,091,090,090,090,0818,0016,+01,0
016026,001070,008888,000000,00000,00000,00000,000001,0000,0506,8219,091,090,090,090,0818,0013,+01,0
016027,000516,008888,000000,00000,00000,00000,000001,0000,0506,7955,091,090,090,090,0818,0013,+01,0
016028,000516,008888,000000,00000,00000,00000,000001,0000,0506,2164,091,090,090,090,0820,0009,+01,0
016029,000516,008888,000000,00000,00000,00000,000002,0000,0505,3854,091,090,090,090,0818,0021,+01,0
016030,000516,008888,003020,00000,00000,00000,000006,0000,0506,1377,091,090,090,090,0818,0020,+01,0
016031,000516,008888,003020,00000,00000,00000,000018,0000,0506,7014,091,090,090,090,0818,0027,+01,0
016032,000516,008888,000000,00000,00000,00000,000075,0000,0506,7409,091,090,090,090,0818,0014,+01,0
016033,000516,008888,001079,00000,00000,00000,000245,0000,0507,2888,091,090,090,090,0818,0043,+01,0
016034,000516,008888,001079,00000,00000,00000,000245,0000,0507,2888,091,090,090,090,0816,0079,+01,0
016035,001070,008888,000000,00000,00000,00000,000938,0000,0505,7470,091,090,090,090,0817,0028,+01,0
016036,001070,008888,000778,00000,00000,00000,001037,0000,0507,4024,091,090,090,090,0818,0050,+01,0
016037,001070,008888,000000,00000,00000,00000,001117,0000,0507,8572,091,090,090,090,0818,0024,+01,0
016038,001070,008888,002331,00000,00000,00000,001198,0000,0507,3426,091,090,090,090,0817,0045,+01,0
016039,001070,008888,000000,00000,00000,00000,001188,0000,0506,6012,091,090,090,090,0818,0041,+01,0
016040,000021,008888,000000,00000,00000,00000,001123,0000,0507,0611,091,090,090,090,0814,0098,+01,0
016041,000021,008888,000365,00000,00000,00000,001123,0000,0507,0611,091,090,090,090,0817,0085,+01,0
016042,000021,008888,000080,00000,00000,00000,001398,0000,0505,5211,091,090,090,090,0817,0085,+01,0
016043,000021,008888,000080,00000,00000,00000,001398,0000,0505,5211,091,090,090,090,0818,0005,+01,0
016044,000021,008888,000662,00000,00000,00000,001254,0000,0507,2446,091,090,090,090,0818,0021,+01,0
016045,000021,008888,000781,00000,00000,00000,001295,0000,0506,7091,091,090,090,090,0818,0052,+01,0
016046,000606,008888,001193,00000,00000,00000,001423,0000,0506,0111,091,090,090,090,0814,0084,+01,0
016047,000606,008888,000969,00000,00000,00000,001468,0000,0506,2821,091,090,090,090,0818,0030,+01,0
016048,000606,008888,002348,00000,00000,00000,001323,0000,0507,3629,091,090,090,090,0817,0026,+01,0
016049,000606,008888,002886,00000,00000,00000,001023,0000,0505,9568,091,090,090,090,0818,0017,+01,0
016050,000606,008888,003222,00000,00000,00000,001347,0000,0504,6346,091,090,090,090,0818,0010,+01,0
016051,000606,008888,003693,00000,00000,00000,001392,0000,0505,8644,091,090,090,090,0817,0081,+01,0
016052,000606,008888,003709,00000,00000,00000,001024,0000,0506,0712,179,090,090,090,0810,0233,+01,0
016053,000606,008888,006200,00000,00000,00000,001273,0000,0506,3391,041,090,090,090,0810,0222,+01,0
016054,000339,008888,007900,00000,00000,00000,001132,0000,0505,5211,005,090,090,090,0817,0011,+01,0
016055,000339,008888,000000,00000,00000,00000,001146,0000,0504,6320,091,090,090,090,0810,0199,+01,0
016056,000339,008888,000000,00000,00000,00000,001146,0000,0504,6320,091,090,090,090,0817,0015,+01,0
016057,000339,008888,000000,00000,00000,00000,001330,0000,0504,6145,091,090,090,090,0815,0131,+01,0
016058,000339,008888,000000,00000,00000,00000,001218,0000,0504,5874,008,090,090,090,0816,0136,+01,0
016059,000013,008888,000000,00000,00000,00000,001173,0000,0505,1582,007,090,090,090,0816,0040,+01,0
016060,000013,008888,000000,00000,00000,00000,001624,0000,0504,6725,091,090,090,090,0800,0355,+01,0
016061,000013,008888,000000,00000,00000,00000,001454,0000,0504,8239,091,090,090,090,0816,0052,+01,0
016062,000013,008888,000000,00000,00000,00000,001454,0000,0504,8239,091,090,090,090,0814,0086,+01,0
016063,000013,008888,000000,00000,00000,00000,001639,0000,0505,3685,064,090,090,090,0815,0035,+01,0
016064,000451,008888,000000,00000,00000,00000,001386,0000,0505,6905,053,090,090,090,0814,0033,+01,0
016065,000451,008888,000000,00000,00000,00000,001599,0000,0505,3164,070,090,090,090,0802,0337,+01,0
016066,000451,008888,000000,00000,00000,00000,001373,0000,0507,2519,091,090,090,090,0814,0085,+01,0
016067,000451,008888,000000,00000,00000,00000,001373,0000,0507,2519,091,033,090,090,0813,0109,+01,0
016068,000451,008888,000000,00000,00000,00000,001039,0000,0507,2915,091,090,090,090,0817,0008,+01,0
016069,000451,008888,000000,00000,00000,00000,001476,0000,0506,2571,091,090,090,090,0813,0097,+01,0
016070,000407,008888,000000,00000,00000,00000,001367,0000,0507,4846,064,045,090,090,0794,0293,+01,0
016071,000407,008888,000000,00000,00000,00000,001503,0000,0506,3524,002,090,090,090,0798,0130,+01,0
016072,000407,008888,000000,00000,00000,00000,001503,0000,0506,3524,091,090,090,090,0809,0160,+01,0
016073,000407,008888,000000,00000,00000,00000,001436,0000,0504,9082,091,090,090,090,0816,0031,+01,0
016074,000407,008888,000000,00000,00000,00000,001011,0000,0507,2420,091,090,090,090,0815,0040,+01,0
016075,000349,008888,000000,00000,00000,00000,001198,0000,0507,1921,086,090,090,090,0814,0063,+01,0
016076,000349,008888,000000,00000,00000,00000,001062,0000,0507,2423,078,039,090,090,0800,0436,+01,0
016077,000349,008888,000000,00000,00000,00000,001062,0000,0507,2423,079,073,090,090,0815,0127,+01,0
016078,000349,008888,000000,00000,00000,00000,001040,0000,0506,8281,045,089,090,090,0816,0136,+01,0
016079,000349,008888,000000,00000,00000,00000,001040,0000,0506,8281,027,041,090,090,0811,0102,+01,0
016080,000311,008888,000000,00000,00000,00000,001458,0000,0506,1388,083,090,090,090,0815,0048,+01,0
016081,000311,008888,000000,00000,00000,00000,001322,0000,0505,9559,091,090,090,090,0816,0010,+01,0
016082,000311,008888,000000,00000,00000,00000,001186,0000,0507,5530,091,090,090,090,0815,0019,+01,0
016083,000311,008888,000000,00000,00000,00000,001186,0000,0507,5530,091,090,090,090,0811,0128,+01,0
016084,000311,008888,000000,00000,00000,00000,001039,0000,0507,2107,064,060,090,090,0807,0410,+01,0
016085,000311,008888,000000,00000,00000,00000,001404,0000,0507,6151,091,090,090,090,0816,0005,+01,0
016086,000923,008888,000000,00000,00000,00000,001404,0000,0507,4450,025,038,090,090,0794,0547,+01,0
016087,000923,008888,007900,00000,00000,00000,001294,0000,0507,4354,018,056,090,090,0815,0010,+01,0
016088,000923,008888,007900,00000,00000,00000,001446,0000,0506,5803,091,090,090,090,0816,0035,+01,0
016089,000923,008888,000000,00000,00000,00000,000899,0000,0507,1620,091,090,090,090,0815,0021,+01,0
016090,000923,008888,000000,00000,00000,00000,001460,0000,0507,2777,091,090,090,090,0813,0042,+01,0
016091,000301,008888,000000,00000,00000,00000,001542,0000,0507,2379,091,090,090,090,0816,0010,+01,0
016092,000301,008888,000000,00000,00000,00000,001547,0000,0507,6673,091,090,090,090,0816,0010,+01,0
016093,000301,008888,000000,00000,00000,00000,001547,0000,0507,6673,074,090,090,090,0815,0048,+01,0
016094,000301,008888,000000,00000,00000,00000,001438,0000,0506,9972,091,090,090,090,0809,0109,+01,0
016095,000301,008888,000000,00000,00000,00000,001573,0000,0506,3013,091,090,090,090,0800,0105,+01,0
016096,000301,008888,000000,00000,00000,00000,001064,0000,0506,6447,074,090,090,090,0813,0040,+01,0
016097,000222,008888,000000,00000,00000,00000,001064,0000,0506,6447,060,090,090,090,0814,0040,+01,0
016098,000222,008888,000000,00000,00000,00000,001512,0000,0507,1804,091,090,090,090,0816,0015,+01,0
016099,000222,008888,000000,00000,00000,00000,001102,0000,0507,7378,091,090,090,090,0815,0029,+01,0
016100,000222,008888,000000,00000,00000,00000,001102,0000,0507,7378,022,090,090,090,0815,0105,+01,0
016101,000222,008888,000000,00000,00000,00000,001236,0000,0506,6020,091,090,090,090,0811,0138,+01,0
016102,000218,008888,000000,00000,00000,00000,001236,0000,0506,6020,091,090,090,090,0815,0063,+01,0
016103,000218,008888,000000,00000,00000,00000,001478,0000,0507,9390,091,090,090,090,0813,0053,+01,0
016104,000218,008888,000000,00000,00000,00000,001487,0000,0508,2761,015,121,090,090,0800,0097,+01,0
016105,000218,008888,000000,00000,00000,00000,001459,0000,0508,6405,091,090,090,090,0804,0273,+01,0
016106,000218,008888,000000,00000,00000,00000,001508,0000,0506,3500,091,090,090,090,0807,0168,+01,0
016107,000129,008888,000000,00000,00000,00000,001058,0000,0508,1485,091,090,090,090,0808,0230,+01,0
016108,000129,008888,000000,00000,00000,00000,001058,0000,0508,1485,077,090,090,090,0811,0466,+01,0
016109,000129,008888,000000,00000,00000,00000,001497,0000,0508,3622,091,090,090,090,0815,0035,+01,0
016110,000129,008888,000000,00000,00000,00000,001515,0000,0505,8148,009,090,090,090,0797,0066,+02,0
016111,000129,008888,000000,00000,00000,00000,001438,0000,0507,2303,002,090,090,090,0807,0193,+02,0
016112,000129,008888,000000,00000,00000,00000,001438,0000,0507,2303,002,090,090,090,0815,0027,+02,0
016113,000072,008888,003911,00000,00000,00000,001362,0000,0506,0745,002,090,090,090,0813,0067,+02,0
016114,000072,008888,000000,00000,00000,00000,001506,0000,0506,5717,002,090,090,090,0815,0014,+02,0
016115,000072,008888,000000,00000,00000,00000,001584,0000,0506,3147,092,090,090,090,0803,0281,+02,0
016116,000072,008888,007650,00000,00000,00000,001474,0000,0505,9987,175,097,090,090,0815,0191,+02,0
016117,000072,008888,007650,00000,00000,00000,001474,0000,0505,9987,092,090,090,090,0814,0040,+02,0
016118,000072,008888,000000,00000,00000,00000,001170,0000,0506,3810,092,090,090,090,0815,0020,+02,0
016119,000165,008888,000000,00000,00000,00000,001078,0000,0506,0886,092,090,090,090,0813,0068,+02,0
016120,000165,008888,000000,00000,00000,00000,001476,0000,0506,6740,009,084,090,090,0804,0321,+02,0
016121,000165,008888,000000,00000,00000,00000,001338,0000,0506,3502,006,090,090,090,0815,0057,+02,0
016122,000165,008888,007900,00000,00000,00000,001609,0000,0505,8123,006,090,090,090,0815,0057,+02,0
016123,000165,008888,007700,00000,00000,00000,001702,0000,0506,0721,002,090,090,090,0815,0005,+02,0
016124,000165,008888,000000,00000,00000,00000,001754,0000,0506,0681,092,090,090,090,0803,0304,+02,0
016125,000058,008888,000000,00000,00000,00000,001706,0000,0506,9907,092,090,090,090,0810,0252,+02,0
016126,000058,008888,000000,00000,00000,00000,001475,0000,0508,5712,092,090,090,090,0807,0159,+02,0
016127,000058,008888,000000,00000,00000,00000,001361,0000,0507,8425,092,090,090,090,0807,0159,+02,0
016128,000058,008888,000000,00000,00000,00000,001670,0000,0507,5785,002,090,090,090,0811,0067,+02,0
016129,000058,008888,000000,00000,00000,00000,001726,0000,0507,3165,002,090,090,090,0814,0019,+02,0
016130,000058,008888,002869,00000,00000,00000,001716,0000,0507,2321,002,090,090,090,0815,0017,+02,0
016131,000593,008888,003709,00000,00000,00000,001269,0000,0505,7514,002,090,090,090,0815,0003,+02,0
016132,000593,008888,001070,00000,00000,00000,001266,0000,0502,6001,002,090,090,090,0815,0189,+02,0
016133,000593,008888,001137,00000,00000,00000,001266,0000,0500,6566,002,090,090,090,0815,0189,+02,0
016134,000593,008888,001137,00000,00000,00000,001266,0000,0500,6566,003,090,090,090,0804,0332,+02,0
016135,000593,008888,000000,00000,00000,00000,000928,0000,0502,4777,092,090,090,090,0814,0076,+02,0
016136,000093,008888,007800,00000,00000,00000,001749,0000,0498,9328,011,078,090,090,0796,0477,+02,0
016137,000093,008888,002718,00000,00000,00000,001200,0000,0498,3404,092,090,090,090,0813,0075,+02,0
016138,000093,008888,007350,00000,00000,00000,001144,0000,0499,6912,092,090,090,090,0809,0105,+02,0
016139,000093,008888,007500,00000,00000,00000,001252,0000,0499,8807,092,090,090,090,0815,0003,+02,0
016140,000093,008888,006450,00000,00000,00000,001002,0000,0499,7788,163,090,090,090,0814,0077,+02,0
016141,000093,008888,006800,00000,00000,00000,000592,0000,0499,6590,178,091,090,090,0815,0004,+02,0
016142,000622,008888,006050,00000,00000,00000,001001,0000,0499,9312,005,090,090,090,0807,0203,+02,0
016143,000622,008888,007150,00000,00000,00000,000908,0000,0500,1825,003,090,090,090,0808,0187,+02,0
016144,000622,008888,007150,00000,00000,00000,000908,0000,0500,1825,003,090,090,090,0808,0187,+02,0
016145,000622,008888,007150,00000,00000,00000,000908,0000,0500,1825,003,090,090,090,0808,0187,+02,0
016146,000026,008888,007150,00000,00000,00000,000908,0000,0500,1825,003,090,090,090,0808,0187,+02,0
016147,000026,008888,007150,00000,00000,00000,000908,0000,0500,1825,003,090,090,090,0808,0187,+02,0
016148,000026,008888,007150,00000,00000,00000,000908,0000,0500,1825,003,090,090,090,0808,0187,+02,0
016149,000026,008888,007150,00000,00000,00000,000908,0000,0500,1825,003,090,090,090,0808,0187,+02,0
016150,000026,008888,007150,00000,00000,00000,000908,0000,0500,1825,003,090,090,090,0808,0187,+02,0
016151,000026,008888,007150,00000,00000,00000,000908,0000,0500,1825,003,090,090,090,0808,0187,+02,0
016152,000021,008888,007150,00000,00000,00000,000908,0000,0500,1825,003,090,090,090,0808,0187,+02,0
016153,000021,008888,007150,00000,00000,00000,000908,0000,0500,1825,003,090,090,090,0808,0187,+02,0
016154,000021,008888,007150,00000,00000,00000,000908,0000,0500,1825,003,090,090,090,0808,0187,+02,0
016155,000021,008888,007150,00000,00000,00000,000908,0000,0500,1825,003,090,090,090,0808,0187,+02,0
016156,000021,008888,007150,00000,00000,00000,000908,0000,0500,1825,003,090,090,090,0808,0187,+02,0
016157,000021,008888,007150,00000,00000,00000,000908,0000,0500,1825,003,090,090,090,0808,0187,+02,0
016158,000021,008888,007150,00000,00000,00000,000908,0000,0500,1825,003,090,090,090,0808,0187,+02,0
016159,000021,008888,007150,00000,00000,00000,000908,0000,0500,1825,003,090,090,090,0808,0187,+02,0
016160,000021,008888,007150,00000,00000,00000,000908,0000,0500,1825,003,090,090,090,0808,0187,+02,0
016161,000021,008888,007150,00000,00000,00000,000908,0000,0500,1825,003,090,090,090,0808,0187,+02,0
016162,000021,008888,007150,00000,00000,00000,000908,0000,0500,1825,003,090,090,090,0808,0187,+02,0
016163,000021,008888,007150,00000,00000,00000,000908,0000,0500,1825,003,090,090,090,0808,0187,+02,0
016164,000021,008888,007150,00000,00000,00000,000908,0000,0500,1825,003,090,090,090,0808,0187,+02,0
016165,000021,008888,007150,00000,00000,00000,000908,0000,0500,1825,003,090,090,090,0808,0187,+02,0
016166,000021,008888,007150,00000,00000,00000,000908,0000,0500,1825,003,090,090,090,0808,0187,+02,0
016167,000021,008888,007150,00000,00000,00000,000908,0000,0500,1825,003,090,090,090,0808,0187,+02,0
016168,000021,008888,007150,00000,00000,00000,000908,0000,0500,1825,003,090,090,090,0808,0187,+02,0
016169,000021,008888,007150,00000,00000,00000,000908,0000,0500,1825,003,090,090,090,0808,0187,+02,0
016170,000021,008888,007150,00000,00000,00000,000908,0000,0500,1825,003,090,090,090,0808,0187,+02,0
016171,000021,008888,007150,00000,00000,00000,000908,0000,0500,1825,003,090,090,090,0808,0187,+02,0
016172,000021,008888,007150,00000,00000,00000,000908,0000,0500,1825,003,090,090,090,0808,0187,+02,0
016173,000021,008888,007150,00000,00000,00000,000908,0000,0500,1825,003,090,090,090,0808,0187,+02,0
016174,000021,008888,007150,00000,00000,00000,000908,0000,0500,1825,003,090,090,090,0808,0187,+02,0
016175,000021,008888,007150,00000,00000,00000,000908,0000,0500,1825,003,090,090,090,0808,0187,+02,0
016176,000021,008888,007150,00000,00000,00000,000908,0000,0500,1825,003,090,090,090,0808,0187,+02,0
016177,000021,008888,007150,00000,00000,00000,000908,0000,0500,1825,003,090,090,090,0808,0187,+02,0
016178,000021,008888,007150,00000,00000,00000,000908,0000,0500,1825,003,090,090,090,0808,0187,+02,0
016179,000021,008888,007150,00000,00000,00000,000908,0000,0500,1825,003,090,090,090,0808,0187,+02,0
016180,000021,008888,007150,00000,00000,00000,000908,0000,0500,1825,003,090,090,090,0808,0187,+02,0
016181,000021,008888,007150,00000,00000,00000,000908,0000,0500,1825,003,090,090,090,0808,0187,+02,0
016182,000021,008888,007150,00000,00000,00000,000908,0000,0500,1825,003,090,090,090,0808,0187,+02,0
016183,000021,008888,007150,00000,00000,00000,000908,0000,0500,1825,003,090,090,090,0808,0187,+02,0
016184,000021,008888,007150,00000,00000,00000,000908,0000,0500,1825,003,090,090,090,0808,0187,+02,0
016185,000021,008888,007150,00000,00000,00000,000908,0000,0500,1825,003,090,090,090,0808,0187,+02,0
016186,000021,008888,007150,00000,00000,00000,000908,0000,0500,1825,003,090,090,090,0808,0187,+02,0
016187,000021,008888,007150,00000,00000,00000,000908,0000,0500,1825,003,090,090,090,0808,0187,+02,0
016188,000021,008888,007150,00000,00000,00000,000908,0000,0500,1825,003,090,090,090,0808,0187,+02,0
016189,000021,008888,007150,00000,00000,00000,000908,0000,0500,1825,003,090,090,090,0808,0187,+02,0
016190,000021,008888,007150,00000,00000,00000,000908,0000,0500,1825,003,090,090,090,0808,0187,+02,0
016191,000021,008888,007150,00000,00000,00000,000908,0000,0500,1825,003,090,090,090,0808,0187,+02,0
016192,000021,008888,007150,00000,00000,00000,000908,0000,0500,1825,003,090,090,090,0808,0187,+02,0
016193,000021,008888,007150,00000,00000,00000,000908,0000,0500,1825,003,090,090,090,0808,0187,+02,0
016194,000021,008888,007150,00000,00000,00000,000908,0000,0500,1825,003,090,090,090,0808,0187,+02,0
016195,000021,008888,007150,00000,00000,00000,000908,0000,0500,1825,003,090,090,090,0808,0187,+02,0
016196,000021,008888,007150,00000,00000,00000,000908,0000,0500,1825,003,090,090,090,0808,0187,+02,0
016197,000021,008888,007150,00000,00000,00000,000908,0000,0500,1825,003,090,090,090,0808,0187,+02,0
016198,000020,008888,007150,00000,00000,00000,000908,0000,0500,1825,003,090,090,090,0808,0187,+02,0
016199,000020,008888,007150,00000,00000,00000,000908,0000,0500,1825,003,090,090,090,0808,0187,+02,0
016200,000020,008888,007150,00000,00000,00000,000908,0000,0500,1825,003,090,090,090,0808,0187,+02,0
016201,000020,008888,007150,00000,00000,00000,000908,0000,0500,1825,003,090,090,090,0808,0187,+02,0
016202,000020,008888,007150,00000,00000,00000,000908,0000,0500,1825,003,090,090,090,0808,0187,+02,0
016203,000020,008888,007150,00000,00000,00000,000908,0000,0500,1825,003,090,090,090,0808,0187,+02,0
016204,000020,008888,007150,00000,00000,00000,000908,0000,0500,1825,003,090,090,090,0808,0187,+02,0
016205,000020,008888,007150,00000,00000,00000,000908,0000,0500,1825,003,090,090,090,0808,0187,+02,0
016206,000020,008888,007150,00000,00000,00000,000908,0000,0500,1825,003,090,090,090,0808,0187,+02,0
016207,000020,008888,007150,00000,00000,00000,000908,0000,0500,1825,003,090,090,090,0808,0187,+02,0
016208,000020,008888,007150,00000,00000,00000,000908,0000,0500,1825,003,090,090,090,0808,0187,+02,0
016209,000020,008888,007150,00000,00000,00000,000908,0000,0500,1825,003,090,090,090,0808,0187,+02,0
016210,000020,008888,007150,00000,00000,00000,000908,0000,0500,1825,003,090,090,090,0808,0187,+02,0
016211,000020,008888,007150,00000,00000,00000,000908,0000,0500,1825,003,090,090,090,0808,0187,+02,0
016212,000020,008888,007150,00000,00000,00000,000908,0000,0500,1825,003,090,090,090,0808,0187,+02,0
016213,000020,008888,007150,00000,00000,00000,000908,0000,0500,1825,003,090,090,090,0808,0187,+02,0
016214,000020,008888,007150,00000,00000,00000,000908,0000,0500,1825,003,090,090,090,0808,0187,+02,0
016215,000020,008888,007150,00000,00000,00000,000908,0000,0500,1825,003,090,090,090,0808,0187,+02,0
016216,000021,008888,007150,00000,00000,00000,000908,0000,0500,1825,003,090,090,090,0808,0187,+02,0
016217,000021,008888,007150,00000,00000,00000,000908,0000,0500,1825,003,090,090,090,0808,0187,+02,0
016218,000021,008888,007150,00000,00000,00000,000908,0000,0500,1825,003,090,090,090,0808,0187,+02,0
016219,000021,008888,007150,00000,00000,00000,000908,0000,0500,1825,003,090,090,090,0808,0187,+02,0
016220,000021,008888,007150,00000,00000,00000,000908,0000,0500,1825,003,090,090,090,0808,0187,+02,0
016221,000021,008888,007150,00000,00000,00000,000908,0000,0500,1825,003,090,090,090,0808,0187,+02,0
016222,000020,008888,007150,00000,00000,00000,000908,0000,0500,1825,003,090,090,090,0808,0187,+02,0
016223,000020,008888,007150,00000,00000,00000,000908,0000,0500,1825,003,090,090,090,0808,0187,+02,0
016224,000020,008888,007150,00000,00000,00000,000908,0000,0500,1825,003,090,090,090,0808,0187,+02,0
016225,000020,008888,007150,00000,00000,00000,000908,0000,0500,1825,003,090,090,090,0808,0187,+02,0
016226,000020,008888,007150,00000,00000,00000,000908,0000,0500,1825,003,090,090,090,0808,0187,+02,0
016227,000020,008888,007150,00000,00000,00000,000908,0000,0500,1825,003,090,090,090,0808,0187,+02,0
016228,000020,008888,007150,00000,00000,00000,000908,0000,0500,1825,003,090,090,090,0808,0187,+02,0
016229,000020,008888,007150,00000,00000,00000,000908,0000,0500,1825,003,090,090,090,0808,0187,+02,0
016230,000020,008888,007150,00000,00000,00000,000908,0000,0500,1825,003,090,090,090,0808,0187,+02,0
016231,000020,008888,007150,00000,00000,00000,000908,0000,0500,1825,003,090,090,090,0808,0187,+02,0
016232,000020,008888,007150,00000,00000,00000,000908,0000,0500,1825,003,090,090,090,0808,0187,+02,0
016233,000020,008888,007150,00000,00000,00000,000908,0000,0500,1825,003,090,090,090,0808,0187,+02,0
016234,000021,008888,007150,00000,00000,00000,000908,0000,0500,1825,003,090,090,090,0808,0187,+02,0
016235,000021,008888,007150,00000,00000,00000,000908,0000,0500,1825,003,090,090,090,0808,0187,+02,0
016236,000021,008888,007150,00000,00000,00000,000908,0000,0500,1825,003,090,090,090,0808,0187,+02,0
016237,000021,008888,007150,00000,00000,00000,000908,0000,0500,1825,003,090,090,090,0808,0187,+02,0
016238,000021,008888,007150,00000,00000,00000,000908,0000,0500,1825,003,090,090,090,0808,0187,+02,0
016239,000021,008888,007150,00000,00000,00000,000908,0000,0500,1825,003,090,090,090,0808,0187,+02,0
016240,000021,008888,007150,00000,00000,00000,000908,0000,0500,1825,003,090,090,090,0808,0187,+02,0
016241,000021,008888,007150,00000,00000,00000,000908,0000,0500,1825,003,090,090,090,0808,0187,+02,0
016242,000021,008888,007150,00000,00000,00000,000908,0000,0500,1825,003,090,090,090,0808,0187,+02,0
016243,000021,008888,007150,00000,00000,00000,000908,0000,0500,1825,003,090,090,090,0808,0187,+02,0
016244,000021,008888,007150,00000,00000,00000,000908,0000,0500,1825,003,090,090,090,0808,0187,+02,0
016245,000021,008888,007150,00000,00000,00000,000908,0000,0500,1825,003,090,090,090,0808,0187,+02,0
016246,000021,008888,007150,00000,00000,00000,000908,0000,0500,1825,003,090,090,090,0808,0187,+02,0
016247,000021,008888,007150,00000,00000,00000,000908,0000,0500,1825,003,090,090,090,0808,0187,+02,0
016248,000021,008888,007150,00000,00000,00000,000908,0000,0500,1825,003,090,090,090,0808,0187,+02,0
016249,000021,008888,007150,00000,00000,00000,000908,0000,0500,1825,003,090,090,090,0808,0187,+02,0
016250,000021,008888,007150,00000,00000,00000,000908,0000,0500,1825,003,090,090,090,0808,0187,+02,0
016251,000021,008888,007150,00000,00000,00000,000908,0000,0500,1825,003,090,090,090,0808,0187,+02,0
016252,000021,008888,007150,00000,00000,00000,000908,0000,0500,1825,003,090,090,090,0808,0187,+02,0
016253,000021,008888,007150,00000,00000,00000,000908,0000,0500,1825,003,090,090,090,0808,0187,+02,0
016254,000021,008888,007150,00000,00000,00000,000908,0000,0500,1825,003,090,090,090,0808,0187,+02,0
016255,000021,008888,007150,00000,00000,00000,000908,0000,0500,1825,003,090,090,090,0808,0187,+02,0
016256,000021,008888,007150,00000,00000,00000,000908,0000,0500,1825,003,090,090,090,0808,0187,+02,0
016257,000021,008888,007150,00000,00000,00000,000908,0000,0500,1825,003,090,090,090,0808,0187,+02,0
016258,000021,008888,007150,00000,00000,00000,000908,0000,0500,1825,003,090,090,090,0808,0187,+02,0
016259,000021,008888,007150,00000,00000,00000,000908,0000,0500,1825,003,090,090,090,0808,0187,+02,0
016260,000021,008888,007150,00000,00000,00000,000908,0000,0500,1825,003,090,090,090,0808,0187,+02,0
016261,000021,008888,007150,00000,00000,00000,000908,0000,0500,1825,003,090,090,090,0808,0187,+02,0
016262,000021,008888,007150,00000,00000,00000,000908,0000,0500,1825,003,090,090,090,0808,0187,+02,0
016263,000021,008888,007150,00000,00000,00000,000908,0000,0500,1825,003,090,090,090,0808,0187,+02,0
016264,000021,008888,007150,00000,00000,00000,000908,0000,0500,1825,003,090,090,090,0808,0187,+02,0
016265,000021,008888,007150,00000,00000,00000,000908,0000,0500,1825,003,090,090,090,0808,0187,+02,0
016266,000021,008888,007150,00000,00000,00000,000908,0000,0500,1825,003,090,090,090,0808,0187,+02,0
016267,000021,008888,007150,00000,00000,00000,000908,0000,0500,1825,003,090,090,090,0808,0187,+02,0
016268,000021,008888,007150,00000,00000,00000,000908,0000,0500,1825,003,090,090,090,0808,0187,+02,0
016269,000021,008888,007150,00000,00000,00000,000908,0000,0500,1825,003,090,090,090,0808,0187,+02,0
016270,000021,008888,007150,00000,00000,00000,000908,0000,0500,1825,003,090,090,090,0808,0187,+02,0
016271,000021,008888,007150,00000,00000,00000,000908,0000,0500,1825,003,090,090,090,0808,0187,+02,0
016272,000021,008888,007150,00000,00000,00000,000908,0000,0500,1825,003,090,090,090,0808,0187,+02,0
016273,000021,008888,007150,00000,00000,00000,000908,0000,0500,1825,003,090,090,090,0808,0187,+02,0
016274,000021,008888,007150,00000,00000,00000,000908,0000,0500,1825,003,090,090,090,0808,0187,+02,0
016275,000021,008888,007150,00000,00000,00000,000908,0000,0500,1825,003,090,090,090,0808,0187,+02,0
016276,000021,008888,007150,00000,00000,00000,000908,0000,0500,1825,003,090,090,090,0808,0187,+02,0
016277,000021,008888,007150,00000,00000,00000,000908,0000,0500,1825,003,090,090,090,0808,0187,+02,0
016278,000021,008888,007150,00000,00000,00000,000908,0000,0500,1825,003,090,090,090,0808,0187,+02,0
016279,000021,008888,007150,00000,00000,00000,000908,0000,0500,1825,003,090,090,090,0808,0187,+02,0
016280,000021,008888,007150,00000,00000,00000,000908,0000,0500,1825,003,090,090,090,0808,0187,+02,0
016281,000021,008888,007150,00000,00000,00000,000908,0000,0500,1825,003,090,090,090,0808,0187,+02,0
016282,000021,008888,007150,00000,00000,00000,000908,0000,0500,1825,003,090,090,090,0808,0187,+02,0
016283,000021,008888,007150,00000,00000,00000,000908,0000,0500,1825,003,090,090,090,0808,0187,+02,0
016284,000021,008888,007150,00000,00000,00000,000908,0000,0500,1825,003,090,090,090,0808,0187,+02,0
016285,000021,008888,007150,00000,00000,00000,000908,0000,0500,1825,003,090,090,090,0808,0187,+02,0
016286,000021,008888,007150,00000,00000,00000,000908,0000,0500,1825,003,090,090,090,0808,0187,+02,0
016287,000021,008888,007150,00000,00000,00000,000908,0000,0500,1825,003,090,090,090,0808,0187,+02,0
016288,000021,008888,007150,00000,00000,00000,000908,0000,0500,1825,003,090,090,090,0808,0187,+02,0
016289,000021,008888,007150,00000,00000,00000,000908,0000,0500,1825,003,090,090,090,0808,0187,+02,0
016290,000021,008888,007150,00000,00000,00000,000908,0000,0500,1825,003,090,090,090,0808,0187,+02,0
016291,000021,008888,007150,00000,00000,00000,000908,0000,0500,1825,003,090,090,090,0808,0187,+02,0
016292,000021,008888,007150,00000,00000,00000,000908,0000,0500,1825,003,090,090,090,0808,0187,+02,0
016293,000021,008888,007150,00000,00000,00000,000908,0000,0500,1825,003,090,090,090,0808,0187,+02,0
016294,000021,008888,007150,00000,00000,00000,000908,0000,0500,1825,003,090,090,090,0808,0187,+02,0
016295,000021,008888,007150,00000,00000,00000,000908,0000,0500,1825,003,090,090,090,0808,0187,+02,0
016296,000021,008888,007150,00000,00000,00000,000908,0000,0500,1825,003,090,090,090,0808,0187,+02,0
016297,000021,008888,007150,00000,00000,00000,000908,0000,0500,1825,003,090,090,090,0808,0187,+02,0
016298,000021,008888,007150,00000,00000,00000,000908,0000,0500,1825,003,090,090,090,0808,0187,+02,0
016299,000021,008888,007150,00000,00000,00000,000908,0000,0500,1825,003,090,090,090,0808,0187,+02,0
016300,000021,008888,007150,00000,00000,00000,000908,0000,0500,1825,003,090,090,090,0808,0187,+02,0
016301,000021,008888,007150,00000,00000,00000,000908,0000,0500,1825,003,090,090,090,0808,0187,+02,0
016302,000021,008888,007150,00000,00000,00000,000908,0000,0500,1825,003,090,090,090,0808,0187,+02,0
016303,000021,008888,007150,00000,00000,00000,000908,0000,0500,1825,003,090,090,090,0808,0187,+02,0
016304,000021,008888,007150,00000,00000,00000,000908,0000,0500,1825,003,090,090,090,0808,0187,+02,0
016305,000021,008888,007150,00000,00000,00000,000908,0000,0500,1825,003,090,090,090,0808,0187,+02,0
016306,000021,008888,007150,00000,00000,00000,000908,0000,0500,1825,003,090,090,090,0808,0187,+02,0
016307,000021,008888,007150,00000,00000,00000,000908,0000,0500,1825,003,090,090,090,0808,0187,+02,0
016308,000021,008888,007150,00000,00000,00000,000908,0000,0500,1825,003,090,090,090,0808,0187,+02,0
016309,000021,008888,007150,00000,00000,00000,000908,0000,0500,1825,003,090,090,090,0808,0187,+02,0
016310,000021,008888,007150,00000,00000,00000,000908,0000,0500,1825,003,090,090,090,0808,0187,+02,0
016311,000021,008888,007150,00000,00000,00000,000908,0000,0500,1825,003,090,090,090,0808,0187,+02,0
016312,000021,008888,007150,00000,00000,00000,000908,0000,0500,1825,003,090,090,090,0808,0187,+02,0
016313,000021,008888,007150,00000,00000,00000,000908,0000,0500,1825,003,090,090,090,0808,0187,+02,0
016314,000021,008888,007150,00000,00000,00000,000908,0000,0500,1825,003,090,090,090,0808,0187,+02,0
016315,000021,008888,007150,00000,00000,00000,000908,0000,0500,1825,003,090,090,090,0808,0187,+02,0
016316,000021,008888,007150,00000,00000,00000,000908,0000,0500,1825,003,090,090,090,0808,0187,+02,0
016317,000021,008888,007150,00000,00000,00000,000908,0000,0500,1825,003,090,090,090,0808,0187,+02,0
016318,000021,008888,007150,00000,00000,00000,000908,0000,0500,1825,003,090,090,090,0808,0187,+02,0
016319,000021,008888,007150,00000,00000,00000,000908,0000,0500,1825,003,090,090,090,0808,0187,+02,0
016320,000021,008888,007150,00000,00000,00000,000908,0000,0500,1825,003,090,090,090,0808,0187,+02,0
016321,000021,008888,007150,00000,00000,00000,000908,0000,0500,1825,003,090,090,090,0808,0187,+02,0
016322,000021,008888,007150,00000,00000,00000,000908,0000,0500,1825,003,090,090,090,0808,0187,+02,0
016323,000021,008888,007150,00000,00000,00000,000908,0000,0500,1825,003,090,090,090,0808,0187,+02,0
016324,000021,008888,007150,00000,00000,00000,000908,0000,0500,1825,003,090,090,090,0808,0187,+02,0
016325,000021,008888,007150,00000,00000,00000,000908,0000,0500,1825,003,090,090,090,0808,0187,+02,0
016326,000021,008888,007150,00000,00000,00000,000908,0000,0500,1825,003,090,090,090,0808,0187,+02,0
016327,000021,008888,007150,00000,00000,00000,000908,0000,0500,1825,003,090,090,090,0808,0187,+02,0
016328,000021,008888,007150,00000,00000,00000,000908,0000,0500,1825,003,090,090,090,0808,0187,+02,0
016329,000021,008888,007150,00000,00000,00000,000908,0000,0500,1825,003,090,090,090,0808,0187,+02,0
016330,000021,008888,007150,00000,00000,00000,000908,0000,0500,1825,003,090,090,090,0808,0187,+02,0
016331,000021,008888,007150,00000,00000,00000,000908,0000,0500,1825,003,090,090,090,0808,0187,+02,0
016332,000021,008888,007150,00000,00000,00000,000908,0000,0500,1825,003,090,090,090,0808,0187,+02,0
016333,000021,008888,007150,00000,00000,00000,000908,0000,0500,1825,003,090,090,090,0808,0187,+02,0
016334,000021,008888,007150,00000,00000,00000,000908,0000,0500,1825,003,090,090,090,0808,0187,+02,0
016335,000021,008888,007150,00000,00000,00000,000908,0000,0500,1825,003,090,090,090,0808,0187,+02,0
016336,000021,008888,007150,00000,00000,00000,000908,0000,0500,1825,003,090,090,090,0808,0187,+02,0
016337,000021,008888,007150,00000,00000,00000,000908,0000,0500,1825,003,090,090,090,0808,0187,+02,0
016338,000021,008888,007150,00000,00000,00000,000908,0000,0500,1825,003,090,090,090,0808,0187,+02,0
016339,000021,008888,007150,00000,00000,00000,000908,0000,0500,1825,003,090,090,090,0808,0187,+02,0
016340,000021,008888,007150,00000,00000,00000,000908,0000,0500,1825,003,090,090,090,0808,0187,+02,0
016341,000021,008888,007150,00000,00000,00000,000908,0000,0500,1825,003,090,090,090,0808,0187,+02,0
016342,000021,008888,007150,00000,00000,00000,000908,0000,0500,1825,003,090,090,090,0808,0187,+02,0
016343,000021,008888,007150,00000,00000,00000,000908,0000,0500,1825,003,090,090,090,0808,0187,+02,0
016344,000021,008888,007150,00000,00000,00000,000908,0000,0500,1825,003,090,090,090,0808,0187,+02,0
016345,000021,008888,007150,00000,00000,00000,000908,0000,0500,1825,003,090,090,090,0808,0187,+02,0
016346,000021,008888,007150,00000,00000,00000,000908,0000,0500,1825,003,090,090,090,0808,0187,+02,0
016347,000021,008888,007150,00000,00000,00000,000908,0000,0500,1825,003,090,090,090,0808,0187,+02,0
016348,000021,008888,007150,00000,00000,00000,000908,0000,0500,1825,003,090,090,090,0808,0187,+02,0
016349,000021,008888,007150,00000,00000,00000,000908,0000,0500,1825,003,090,090,090,0808,0187,+02,0
016350,000021,008888,007150,00000,00000,00000,000908,0000,0500,1825,003,090,090,090,0808,0187,+02,0
016351,000021,008888,007150,00000,00000,00000,000908,0000,0500,1825,003,090,090,090,0808,0187,+02,0
016352,000021,008888,007150,00000,00000,00000,000908,0000,0500,1825,003,090,090,090,0808,0187,+02,0
016353,000021,008888,007150,00000,00000,00000,000908,0000,0500,1825,003,090,090,090,0808,0187,+02,0
016354,000021,008888,007150,00000,00000,00000,000908,0000,0500,1825,003,090,090,090,0808,0187,+02,0
016355,000021,008888,007150,00000,00000,00000,000908,0000,0500,1825,003,090,090,090,0808,0187,+02,0
016356,000021,008888,007150,00000,00000,00000,000908,0000,0500,1825,003,090,090,090,0808,0187,+02,0
016357,000021,008888,007150,00000,00000,00000,000908,0000,0500,1825,003,090,090,090,0808,0187,+02,0
016358,000021,008888,007150,00000,00000,00000,000908,0000,0500,1825,003,090,090,090,0808,0187,+02,0
016359,000021,008888,007150,00000,00000,00000,000908,0000,0500,1825,003,090,090,090,0808,0187,+02,0
016360,000021,008888,007150,00000,00000,00000,000908,0000,0500,1825,003,090,090,090,0808,0187,+02,0
016361,000021,008888,007150,00000,00000,00000,000908,0000,0500,1825,003,090,090,090,0808,0187,+02,0
016362,000021,008888,007150,00000,00000,00000,000908,0000,0500,1825,003,090,090,090,0808,0187,+02,0
016363,000021,008888,007150,00000,00000,00000,000908,0000,0500,1825,003,090,090,090,0808,0187,+02,0
016364,000021,008888,007150,00000,00000,00000,000908,0000,0500,1825,003,090,090,090,0808,0187,+02,0
016365,000021,008888,007150,00000,00000,00000,000908,0000,0500,1825,003,090,090,090,0808,0187,+02,0
016366,000021,008888,007150,00000,00000,00000,000908,0000,0500,1825,003,090,090,090,0808,0187,+02,0
016367,000021,008888,007150,00000,00000,00000,000908,0000,0500,1825,003,090,090,090,0808,0187,+02,0
016368,000021,008888,007150,00000,00000,00000,000908,0000,0500,1825,003,090,090,090,0808,0187,+02,0
016369,000021,008888,007150,00000,00000,00000,000908,0000,0500,1825,003,090,090,090,0808,0187,+02,0
016370,000021,008888,007150,00000,00000,00000,000908,0000,0500,1825,003,090,090,090,0808,0187,+02,0
016371,000021,008888,007150,00000,00000,00000,000908,0000,0500,1825,003,090,090,090,0808,0187,+02,0
016372,000021,008888,007150,00000,00000,00000,000908,0000,0500,1825,003,090,090,090,0808,0187,+02,0
016373,000021,008888,007150,00000,00000,00000,000908,0000,0500,1825,003,090,090,090,0808,0187,+02,0
016374,000021,008888,007150,00000,00000,00000,000908,0000,0500,1825,003,090,090,090,0808,0187,+02,0
016375,000021,008888,007150,00000,00000,00000,000908,0000,0500,1825,003,090,090,090,0808,0187,+02,0
016376,000021,008888,007150,00000,00000,00000,000908,0000,0500,1825,003,090,090,090,0808,0187,+02,0
016377,000021,008888,007150,00000,00000,00000,000908,0000,0500,1825,003,090,090,090,0808,0187,+02,0
016378,000021,008888,007150,00000,00000,00000,000908,0000,0500,1825,003,090,090,090,0808,0187,+02,0
016379,000021,008888,007150,00000,00000,00000,000908,0000,0500,1825,003,090,090,090,0808,0187,+02,0
016380,000021,008888,007150,00000,00000,00000,000908,0000,0500,1825,003,090,090,090,0808,0187,+02,0
016381,000021,008888,007150,00000,00000,00000,000908,0000,0500,1825,003,090,090,090,0808,0187,+02,0
016382,000021,008888,007150,00000,00000,00000,000908,0000,0500,1825,003,090,090,090,0808,0187,+02,0
016383,000021,008888,007150,00000,00000,00000,000908,0000,0500,1825,003,090,090,090,0808,0187,+02,0
016384,000021,008888,007150,00000,00000,00000,000908,0000,0500,1825,003,090,090,090,0808,0187,+02,0
016385,000021,008888,007150,00000,00000,00000,000908,0000,0500,1825,003,090,090,090,0808,0187,+02,0
016386,000021,008888,007150,00000,00000,00000,000908,0000,0500,1825,003,090,090,090,0808,0187,+02,0
016387,000021,008888,007150,00000,00000,00000,000908,0000,0500,1825,003,090,090,090,0808,0187,+02,0
016388,000021,008888,007150,00000,00000,00000,000908,0000,0500,1825,003,090,090,090,0808,0187,+02,0
016389,000021,008888,007150,00000,00000,00000,000908,0000,0500,1825,003,090,090,090,0808,0187,+02,0
016390,000021,008888,007150,00000,00000,00000,000908,0000,0500,1825,003,090,090,090,0808,0187,+02,0
016391,000021,008888,007150,00000,00000,00000,000908,0000,0500,1825,003,090,090,090,0808,0187,+02,0
016392,000021,008888,007150,00000,00000,00000,000908,0000,0500,1825,003,090,090,090,0808,0187,+02,0
016393,000021,008888,007150,00000,00000,00000,000908,0000,0500,1825,003,090,090,090,0808,0187,+02,0
016394,000021,008888,007150,00000,00000,00000,000908,0000,0500,1825,003,090,090,090,0808,0187,+02,0
016395,000021,008888,007150,00000,00000,00000,000908,0000,0500,1825,003,090,090,090,0808,0187,+02,0
016396,000021,008888,007150,00000,00000,00000,000908,0000,0500,1825,003,090,090,090,0808,0187,+02,0
016397,000021,008888,007150,00000,00000,00000,000908,0000,0500,1825,003,090,090,090,0808,0187,+02,0
016398,000021,008888,007150,00000,00000,00000,000908,0000,0500,1825,003,090,090,090,0808,0187,+02,0
016399,000021,008888,007150,00000,00000,00000,000908,0000,0500,1825,003,090,090,090,0808,0187,+02,0
016400,000021,008888,007150,00000,00000,00000,000908,0000,0500,1825,003,090,090,090,0808,0187,+02,0
016401,000021,008888,007150,00000,00000,00000,000908,0000,0500,1825,003,090,090,090,0808,0187,+02,0
016402,000021,008888,007150,00000,00000,00000,000908,0000,0500,1825,003,090,090,090,0808,0187,+02,0
016403,000021,008888,007150,00000,00000,00000,000908,0000,0500,1825,003,090,090,090,0808,0187,+02,0
016404,000021,008888,007150,00000,00000,00000,000908,0000,0500,1825,003,090,090,090,0808,0187,+02,0
016405,000021,008888,007150,00000,00000,00000,000908,0000,0500,1825,003,090,090,090,0808,0187,+02,0
016406,000021,008888,007150,00000,00000,00000,000908,0000,0500,1825,003,090,090,090,0808,0187,+02,0
016407,000021,008888,007150,00000,00000,00000,000908,0000,0500,1825,003,090,090,090,0808,0187,+02,0
016408,000021,008888,007150,00000,00000,00000,000908,0000,0500,1825,003,090,090,090,0808,0187,+02,0
016409,000021,008888,007150,00000,00000,00000,000908,0000,0500,1825,003,090,090,090,0808,0187,+02,0
016410,000021,008888,007150,00000,00000,00000,000908,0000,0500,1825,003,090,090,090,0808,0187,+02,0
016411,000021,008888,007150,00000,00000,00000,000908,0000,0500,1825,003,090,090,090,0808,0187,+02,0
016412,000021,008888,007150,00000,00000,00000,000908,0000,0500,1825,003,090,090,090,0808,0187,+02,0
016413,000021,008888,007150,00000,00000,00000,000908,0000,0500,1825,003,090,090,090,0808,0187,+02,0
016414,000021,008888,007150,00000,00000,00000,000908,0000,0500,1825,003,090,090,090,0808,0187,+02,0
016415,000021,008888,007150,00000,00000,00000,000908,0000,0500,1825,003,090,090,090,0808,0187,+02,0
016416,000021,008888,007150,00000,00000,00000,000908,0000,0500,1825,003,090,090,090,0808,0187,+02,0
016417,000021,008888,007150,00000,00000,00000,000908,0000,0500,1825,003,090,090,090,0808,0187,+02,0
016418,000021,008888,007150,00000,00000,00000,000908,0000,0500,1825,003,090,090,090,0808,0187,+02,0
016419,000021,008888,007150,00000,00000,00000,000908,0000,0500,1825,003,090,090,090,0808,0187,+02,0
016420,000021,008888,007150,00000,00000,00000,000908,0000,0500,1825,003,090,090,090,0808,0187,+02,0
016421,000021,008888,007150,00000,00000,00000,000908,0000,0500,1825,003,090,090,090,0808,0187,+02,0
016422,000021,008888,007150,00000,00000,00000,000908,0000,0500,1825,003,090,090,090,0808,0187,+02,0
016423,000021,008888,007150,00000,00000,00000,000908,0000,0500,1825,003,090,090,090,0808,0187,+02,0
016424,000021,008888,007150,00000,00000,00000,000908,0000,0500,1825,003,090,090,090,0808,0187,+02,0
016425,000021,008888,007150,00000,00000,00000,000908,0000,0500,1825,003,090,090,090,0808,0187,+02,0
016426,000021,008888,007150,00000,00000,00000,000908,0000,0500,1825,003,090,090,090,0808,0187,+02,0
016427,000021,008888,007150,00000,00000,00000,000908,0000,0500,1825,003,090,090,090,0808,0187,+02,0
016428,000021,008888,007150,00000,00000,00000,000908,0000,0500,1825,003,090,090,090,0808,0187,+02,0
016429,000021,008888,007150,00000,00000,00000,000908,0000,0500,1825,003,090,090,090,0808,0187,+02,0
016430,000021,008888,007150,00000,00000,00000,000908,0000,0500,1825,003,090,090,090,0808,0187,+02,0
016431,000021,008888,007150,00000,00000,00000,000908,0000,0500,1825,003,090,090,090,0808,0187,+02,0
016432,000021,008888,007150,00000,00000,00000,000908,0000,0500,1825,003,090,090,090,0808,0187,+02,0
016433,000021,008888,007150,00000,00000,00000,000908,0000,0500,1825,003,090,090,090,0808,0187,+02,0
016434,000021,008888,007150,00000,00000,00000,000908,0000,0500,1825,003,090,090,090,0808,0187,+02,0
016435,000021,008888,007150,00000,00000,00000,000908,0000,0500,1825,003,090,090,090,0808,0187,+02,0
016436,000021,008888,007150,00000,00000,00000,000908,0000,0500,1825,003,090,090,090,0808,0187,+02,0
016437,000021,008888,007150,00000,00000,00000,000908,0000,0500,1825,003,090,090,090,0808,0187,+02,0
016438,000021,008888,007150,00000,00000,00000,000908,0000,0500,1825,003,090,090,090,0808,0187,+02,0
016439,000021,008888,007150,00000,00000,00000,000908,0000,0500,1825,003,090,090,090,0808,0187,+02,0
016440,000021,008888,007150,00000,00000,00000,000908,0000,0500,1825,003,090,090,090,0808,0187,+02,0
016441,000021,008888,007150,00000,00000,00000,000908,0000,0500,1825,003,090,090,090,0808,0187,+02,0
016442,000021,008888,007150,00000,00000,00000,000908,0000,0500,1825,003,090,090,090,0808,0187,+02,0