altitude,rotation,airspeed
000030,000000,000000
000030,000000,000100
000030,000000,000000
000030,000000,000000
000030,000000,000000
000030,000000,000123
000030,000000,000222
000030,000000,000201
000030,000000,000102
000030,000000,000102
000030,000000,000107
000031,000000,000107
000030,000000,000107
000030,000000,000000
000031,000000,000000
000030,000000,000000
000030,000000,000099
000030,000000,000099
000030,000000,000099
000030,000000,000099
000031,000000,000000
000031,000000,000000
000030,000000,000000
000030,000000,000000
000031,000000,000000
000031,000000,000000
000031,000000,000000
000031,000000,000000
000030,000000,000000
000031,000000,000000
000031,000000,000000
000031,000000,000000
000030,000000,000000
000031,000000,000000
000030,000000,000000
000031,000000,000000
000030,000000,000000
000030,000000,000000
000031,000000,000000
000031,000000,000075
000030,000000,000165
000030,000000,000090
000031,000000,000198
000030,000000,000107
000031,000000,000114
000030,000000,000114
000030,000000,000114
000030,000000,000114
000030,000000,000081
000030,000000,000186
000030,000000,000218
000031,000000,000229
000030,000000,000116
000031,000000,000116
000030,000000,000105
000030,000000,000208
000030,000000,000102
000031,000000,000102
000030,000000,000000
000030,000000,000000
000030,000000,000000
000031,000000,000106
000030,000000,000106
000030,000000,000106
000030,000000,000000
000030,000000,000000
000030,000000,000000
000030,000000,000000
000030,000000,000000
000030,000000,000191
000030,000000,000191
000030,000000,000101
000030,000000,000000
000030,000000,000000
000030,000000,000000
000030,000000,000000
000030,000000,000105
000030,000000,000105
000030,000000,000105
000030,000000,000000
000030,000000,000103
000030,000000,000103
000030,000000,000103
000030,000000,000000
000030,000000,000000
000030,000000,000000
000030,000000,000000
000030,000000,000000
000030,000000,000000
000030,000000,000025
000030,000000,000145
000030,000000,000222
000030,000000,000102
000030,000000,000102
000030,000000,000075
000030,000000,000075
000030,000000,000075
000030,000000,000000
000030,000000,000000
000030,000000,000000
000030,000000,000000
000030,000000,000086
000030,000000,000212
000030,000000,000212
000030,000000,000126
000030,000000,000058
000030,000000,000155
000030,000000,000103
000030,000000,000097
000030,000000,000108
000030,000000,000108
000030,000000,000108
000030,000000,000000
000030,000000,000000
000030,000000,000000
000030,000000,000000
000030,000000,000000
000030,000000,000000
000030,000000,000000
000030,000000,000000
000030,000000,000000
000030,000000,000000
000030,000000,000000
000030,000000,000000
000030,000000,000000
000030,000000,000124
000030,000000,000220
000030,000000,000096
000030,000000,000221
000030,000000,000341
000030,000000,000341
000030,000000,000119
000031,000000,000000
000030,000000,000170
000030,000000,000170
000030,000000,000168
000030,000000,000069
000030,000000,000069
000030,000000,000000
000030,000000,000096
000030,000000,000096
000030,000000,000218
000030,000000,000121
000030,000000,000121
000031,000000,000107
000030,000000,000107
000030,000000,000107
000030,000000,000000
000030,000000,000000
000030,000000,000000
000030,000000,000000
000030,000000,000000
000030,000000,000000
000030,000000,000098
000030,000000,000215
000030,000000,000215
000030,000000,000117
000030,000000,000063
000030,000000,000063
000030,000000,000230
000030,000000,000166
000030,000000,000166
000030,000000,000183
000030,000000,000183
000030,000000,000191
000030,000000,000116
000030,000000,000000
000030,000000,000000
000030,000000,000000
000030,000000,000000
000030,000000,000000
000030,000000,000000
000030,000000,000000
000030,000000,000000
000030,000000,000000
000030,000000,000000
000031,000000,000000
000030,000000,000000
000030,000000,000000
000030,000000,000000
000030,000000,000000
000030,000000,000000
000030,000000,000000
000031,000000,000000
000030,000000,000000
000030,000000,000000
000030,000000,000000
000030,000000,000000
000030,000000,000000
000030,000000,000000
000030,000000,000000
000030,000000,000076
000030,000000,000076
000030,000000,000076
000030,000000,000000
000030,000000,000000
000030,000000,000000
000030,000000,000000
000030,000000,000000
000030,000000,000000
000030,000000,000000
000031,000000,000000
000031,000000,000000
000031,000000,000000
000030,000000,000000
000030,000000,000000
000031,000000,000000
000030,000000,000000
000030,000000,000000
000030,000000,000000
000030,000000,000000
000030,000000,000000
000031,000000,000000
000030,000000,000000
000030,000000,000000
000030,000000,000000
000030,000000,000000
000030,000000,000000
000030,000000,000000
000030,000000,000000
000030,000000,000000
000030,000000,000000
000030,000000,000000
000030,000000,000000
000030,000000,000107
000030,000000,000191
000030,000000,000084
000030,000000,000084
000030,000000,000000
000030,000000,000000
000030,000000,000000
000030,000000,000000
000030,000000,000000
000030,000000,000000
000030,000000,000000
000030,000000,000000
000030,000000,000000
000031,000000,000000
000030,000000,000000
000030,000000,000000
000030,000000,000000
000030,000000,000000
000030,000000,000000
000030,000000,000000
000030,000000,000000
000030,000000,000000
000030,000000,000000
000030,000000,000000
000030,000000,000000
000030,000000,000000
000030,000000,000000
000030,000000,000000
000030,000000,000000
000030,000000,000000
000030,000000,000000
000030,000000,000000
000030,000000,000000
000030,000000,000000
000030,000000,000000
000030,000000,000000
000030,000000,000000
000030,000000,000000
000030,000000,000000
000030,000000,000000
000030,000000,000000
000030,000000,000000
000030,000000,000000
000030,000000,000000
000030,000000,000000
000030,000000,000000
000030,000000,000000
000030,000000,000000
000030,000000,000000
000030,000000,000000
000030,000000,000000
000030,000000,000000
000030,000000,000000
000030,000000,000000
000030,000000,000000
000030,000000,000000
000030,000000,000000
000030,000000,000000
000030,000000,000000
000030,000000,000000
000030,000000,000000
000030,000000,000000
000030,000000,000124
000030,000000,000187
000030,000000,000187
000030,000000,000000
000030,000000,000000
000030,000000,000000
000030,000000,000000
000030,000000,000000
000030,000000,000000
000030,000000,000000
000030,000000,000000
000030,000000,000000
000031,000000,000000
000030,000000,000000
000030,000000,000000
000030,000000,000000
000030,000000,000000
000030,000000,000096
000030,000000,000096
000031,000000,000096
000030,000000,000094
000031,000000,000094
000030,000000,000094
000030,000000,000000
000030,000000,000110
000030,000000,000110
000031,000000,000110
000031,000000,000098
000031,000000,000195
000030,000000,000096
000030,000000,000059
000030,000000,000059
000030,000000,000059
000030,000000,000105
000030,000000,000105
000030,000000,000000
000030,000000,000000
000030,000000,000109
000030,000000,000109
000030,000000,000000
000030,000000,000065
000030,000000,000065
000030,000000,000107
000030,000000,000107
000031,000000,000227
000031,000000,000119
000030,000000,000000
000031,000000,000000
000030,000000,000000
000030,000000,000073
000031,000000,000073
000030,000000,000000
000030,000000,000000
000030,000000,000000
000030,000000,000115
000030,000000,002346
000030,000000,002528
000030,000000,000345
000031,000000,000260
000030,000000,000097
000030,000000,000191
000030,000000,000094
000030,000000,000094
000030,000000,000226
000030,000000,000226
000030,000000,000000
000031,000000,000000
000030,000000,000000
000030,000000,000000
000031,000000,000096
000030,000000,000209
000031,000000,000144
000030,000000,000114
000031,000000,000180
000031,000000,000275
000031,000000,000191
000030,000000,000095
000031,000000,000000
000030,000000,000000
000030,000000,000000
000031,000000,000107
000031,000000,000210
000030,000000,000210
000031,000000,000102
000031,000000,000102
000031,000000,000000
000031,000000,000000
000031,000000,000000
000030,000000,000000
000030,000000,000000
000030,000000,000111
000030,000000,000324
000030,000000,000314
000030,000000,000248
000030,000000,000126
000030,000000,000024
000030,000000,000108
000030,000000,000108
000030,000000,000108
000030,000000,000106
000030,000000,000106
000030,000000,000106
000030,000000,000000
000030,000000,000000
000030,000000,000000
000030,000000,000000
000030,000000,000000
000031,000000,000000
000031,000000,000162
000030,000000,000162
000030,000000,000162
000030,000000,000000
000030,000000,000000
000031,000000,000087
000030,000000,000087
000030,000000,000087
000030,000000,000000
000030,000000,000000
000030,000000,000000
000030,000000,000000
000030,000000,000000
000030,000000,000000
000030,000000,000000
000030,000000,000000
000030,000000,000000
000030,000000,000000
000030,000000,000000
000030,000000,000000
000030,000000,000000
000030,000000,000000
000030,000000,000000
000030,000000,000000
000030,000000,000104
000030,000000,000208
000030,000000,000226
000030,000000,000314
000030,000000,000088
000031,000000,000132
000030,000000,000044
000030,000000,000044
000030,000000,000074
000030,000000,000100
000030,000000,000100
000030,000000,000112
000030,000000,000086
000030,000000,000000
000030,000000,000000
000030,000000,000098
000030,000000,000098
000030,000000,000197
000031,000000,000099
000030,000000,000220
000030,000000,002749
000030,000000,003288
000030,000000,000539
000030,000000,000000
000030,000000,000000
000030,000000,000207
000030,000000,000207
000030,000000,000107
000030,000000,000000
000031,000000,000000
000030,000000,000000
000030,000000,000094
000030,000000,000094
000030,000000,000177
000030,000000,000083
000030,000000,000000
000030,000000,000000
000030,000000,000000
000030,000000,000000
000030,000000,000106
000030,000000,000106
000030,000000,000091
000030,000000,000097
000030,000000,000196
000030,000000,000104
000030,000000,000097
000030,000000,000097
000030,000000,000195
000030,000000,000098
000031,000000,000221
000030,000000,000237
000031,000000,000211
000030,000000,000097
000030,000000,000193
000030,000000,000200
000030,000000,000200
000030,000000,000089
000030,000000,001551
000030,000000,005334
000030,000000,005227
000031,000000,003783
000030,000000,000000
000030,000000,000000
000030,000000,000181
000030,000000,000181
000030,000000,000203
000030,000000,000350
000030,000000,000236
000030,000000,000110
000030,000000,000110
000030,000000,000000
000030,000000,000000
000030,000000,000000
000030,000000,000115
000030,000000,000222
000030,000000,000195
000030,000000,000294
000030,000000,000186
000030,000000,000116
000031,000000,000116
000030,000000,000108
000031,000000,000108
000030,000000,000131
000030,000000,000131
000030,000000,000000
000030,000000,000000
000030,000000,000000
000030,000000,000000
000030,000000,000000
000030,000000,000000
000030,000000,000000
000030,000000,000000
000030,000000,000000
000030,000000,000070
000030,000000,000294
000030,000000,000223
000030,000000,000097
000030,000000,000000
000030,000000,000000
000030,000000,000076
000030,000000,000076
000030,000000,000076
000030,000000,000106
000030,000000,000106
000030,000000,000106
000030,000000,000097
000030,000000,000097
000030,000000,000097
000030,000000,000184
000030,000000,000184
000030,000000,000000
000030,000000,000000
000030,000000,000000
000030,000000,000000
000030,000000,000000
000030,000000,000000
000030,000000,000000
000030,000000,000234
000030,000000,000256
000030,000000,000144
000030,000000,000000
000030,000000,000110
000030,000000,000110
000030,000000,000000
000030,000000,000094
000030,000000,000094
000030,000000,000204
000030,000000,000110
000030,000000,000103
000030,000000,000103
000030,000000,000000
000030,000000,000096
000030,000000,000200
000030,000000,000200
000030,000000,000104
000030,000000,000000
000030,000000,000000
000030,000000,000000
000030,000000,000119
000030,000000,000119
000030,000000,000000
000030,000000,000000
000030,000000,000000
000030,000000,000000
000030,000000,000000
000030,000000,000000
000030,000000,000096
000030,000000,000096
000030,000000,000096
000030,000000,000000
000030,000000,000000
000030,000000,000000
000030,000000,000000
000030,000000,000000
000030,000000,000109
000030,000000,000109
000030,000000,000109
000030,000000,000000
000030,000000,000057
000030,000000,000057
000030,000000,000000
000030,000000,000005
000030,000000,000005
000030,000000,000000
000030,000000,000000
000030,000000,000048
000030,000000,000048
000030,000000,000048
000030,000000,000192
000030,000000,000399
000030,000000,000206
000030,000000,000103
000030,000000,000000
000030,000000,000000
000030,000000,000000
000030,000000,000182
000030,000000,000182
000030,000000,000187
000030,000000,000087
000030,000000,000300
000030,000000,000213
000030,000000,000108
000030,000000,000000
000030,000000,000198
000030,000000,000198
000030,000000,000192
000030,000000,000092
000030,000000,000276
000030,000000,000311
000030,000000,000327
000030,000000,000239
000030,000000,000000
000030,000000,000000
000030,000000,000000
000030,000000,000000
000030,000000,000000
000030,000000,000000
000030,000000,000000
000030,000000,000000
000030,000000,000098
000030,000000,000209
000030,000000,000324
000030,000000,000225
000030,000000,000114
000030,000000,000114
000030,000000,000104
000030,000000,000200
000030,000000,000200
000030,000000,000096
000030,000000,000000
000030,000000,000000
000030,000000,000176
000030,000000,000176
000030,000000,000000
000030,000000,000000
000030,000000,000000
000030,000000,000000
000030,000000,000000
000030,000000,000100
000030,000000,000213
000030,000000,000113
000030,000000,000113
000030,000000,000000
000030,000000,000086
000030,000000,000086
000030,000000,000272
000030,000000,000306
000030,000000,000170
000030,000000,000166
000030,000000,000166
000030,000000,000115
000030,000000,000110
000030,000000,000206
000030,000000,000206
000030,000000,000204
000030,000000,000108
000030,000000,000000
000030,000000,000107
000030,000000,000107
000030,000000,000000
000030,000000,000131
000030,000000,000226
000030,000000,000214
000030,000000,000118
000030,000000,000118
000030,000000,000000
000030,000000,000070
000030,000000,000147
000030,000000,000077
000030,000000,000192
000030,000000,000233
000030,000000,000408
000030,000000,000279
000030,000000,000310
000030,000000,001211
000030,000000,001116
000030,000000,000107
000030,000000,000107
000030,000000,000091
000030,000000,000204
000030,000000,000211
000030,000000,000120
000030,000000,000120
000030,000000,000073
000030,000000,000073
000030,000000,000073
000030,000000,000000
000030,000000,000000
000030,000000,000000
000030,000000,000000
000030,000000,000000
000030,000000,000000
000030,000000,000116
000030,000000,000212
000030,000000,000288
000030,000000,000292
000030,000000,000194
000030,000000,000093
000030,000000,000000
000030,000000,000000
000030,000000,000000
000030,000000,000087
000030,000000,000087
000030,000000,000000
000030,000000,000000
000030,000000,000000
000030,000000,000125
000030,000000,000131
000030,000000,000341
000030,000000,000409
000030,000000,000199
000030,000000,000097
000030,000000,000000
000030,000000,000000
000030,000000,000000
000030,000000,000000
000030,000000,000095
000030,000000,000095
000030,000000,000095
000030,000000,000098
000030,000000,000098
000030,000000,000098
000030,000000,000000
000030,000000,000090
000030,000000,000090
000030,000000,000090
000030,000000,000000
000030,000000,000000
000030,000000,000000
000030,000000,000000
000030,000000,000000
000030,000000,000000
000030,000020,000000
000030,000020,000000
000030,000020,000000
000030,000020,000000
000030,000020,000000
000030,000020,000078
000030,000020,000078
000030,000020,000078
000030,000020,000000
000030,000020,000000
000030,000020,000000
000030,000020,000000
000030,000020,000000
000030,000020,000000
000030,000020,000000
000030,000020,000000
000030,000020,000000
000030,000020,000000
000030,000020,000000
000030,000020,000000
000030,000020,000000
000030,000020,000000
000030,000020,000000
000030,000020,000000
000030,000020,000000
000030,000020,000000
000030,000020,000000
000030,000020,000000
000030,000020,000000
000030,000020,000000
000030,000020,000000
000030,000020,000000
000030,000020,000000
000030,000020,000000
000030,000020,000000
000030,000020,000000
000030,000020,000000
000030,000020,000000
000030,000020,000000
000031,000020,000000
000030,000020,000000
000030,000020,000000
000031,000020,000000
000031,000020,000000
000030,000020,000000
000030,000020,000000
000030,000020,000000
000030,000020,000000
000030,000020,000000
000030,000020,000000
000030,000020,000000
000030,000020,000000
000030,000020,000000
000030,000020,000000
000030,000020,000000
000030,000020,000000
000031,000020,000000
000031,000020,000000
000031,000020,000000
000031,000020,000000
000030,000020,000000
000030,000020,000000
000030,000020,000102
000030,000020,000285
000030,000020,000285
000031,000020,000298
000031,000020,000115
000030,000020,000115
000030,000020,000115
000030,000020,000000
000031,000020,000166
000030,000020,000250
000031,000020,000350
000031,000020,000572
000032,000020,000822
000030,000020,000727
000030,000020,000924
000031,000020,001167
000035,000020,001431
000030,000020,002970
000030,000040,003482
000030,000020,003572
000030,000020,001709
000030,000020,001358
000030,000020,000405
000032,000020,000000
000032,000020,000000
000030,000020,000051
000031,000020,000368
000031,000020,000484
000030,000020,000941
000031,000020,000701
000031,000020,000773
000030,000020,001898
000030,000020,002587
000030,000020,001700
000030,000020,001292
000030,000020,001192
000030,000020,000056
000030,000020,000188
000030,000020,000860
000030,000020,001187
000030,000020,001910
000030,000020,000855
000031,000020,000451
000031,000040,000000
000030,000080,000000
000030,000040,000000
000031,000040,000000
000031,000040,000108
000031,000040,001250
000030,000040,001798
000030,000040,002258
000030,000040,000886
000031,000040,000231
000031,000020,000290
000030,000020,000059
000031,000020,000145
000031,000040,000543
000031,000020,000543
000030,000020,000350
000030,000020,001185
000030,000040,002454
000030,000080,002776
000030,000020,001771
000031,000020,001323
000030,000020,000321
000031,000020,000000
000031,000020,000690
000030,000020,000690
000030,000020,000230
000030,000020,000000
000030,000020,000000
000030,000020,000000
000030,000020,000000
000030,000020,000086
000030,000020,000258
000030,000020,001894
000032,000020,001918
000030,000020,000196
000030,000040,000347
000030,000020,000150
000030,000060,000216
000031,000080,000317
000031,000080,000317
000031,000080,000080
000032,000080,000080
000032,000080,000000
000032,000080,000000
000032,000080,000066
000031,000080,000066
000031,000020,000139
000031,000020,001043
000031,000020,001043
000031,000020,000904
000031,000060,000161
000031,000040,000161
000031,000040,000000
000030,000040,000000
000030,000040,002405
000031,000040,003581
000030,000040,003286
000030,000020,001176
000031,000020,000060
000031,000020,000060
000031,000020,000201
000032,000020,000215
000032,000020,000074
000031,000020,000000
000031,000020,000000
000031,000020,000000
000030,000020,000082
000030,000020,002916
000031,000020,003174
000030,000060,003174
000030,000020,000456
000030,000020,000401
000030,000020,000116
000030,000020,000095
000030,000020,000070
000031,000020,000070
000031,000020,000087
000030,000020,000168
000030,000020,000412
000030,000020,000312
000030,000020,000163
000031,000020,000195
000030,000020,000173
000030,000020,000173
000030,000020,000180
000030,000020,000214
000030,000020,000214
000030,000020,000314
000031,000020,000300
000030,000020,000210
000030,000020,000176
000030,000020,000083
000030,000020,000000
000030,000020,000000
000030,000020,000000
000030,000020,000000
000030,000020,000000
000030,000020,000000
000030,000020,000000
000030,000020,000000
000030,000020,000000
000030,000020,000000
000030,000020,000000
000030,000020,000000
000030,000020,000000
000030,000020,000000
000030,000020,000000
000030,000020,000000
000030,000020,000000
000030,000020,000103
000030,000020,000111
000030,000020,000187
000030,000020,000192
000030,000020,000116
000030,000020,000212
000030,000020,000316
000030,000020,000225
000030,000020,000217
000030,000020,000107
000030,000020,000111
000030,000020,000284
000030,000020,000288
000030,000020,000226
000030,000020,000110
000030,000020,000000
000030,000020,000061
000030,000020,000061
000030,000020,000079
000030,000020,000213
000030,000020,000133
000030,000020,000000
000030,000020,000000
000030,000020,000000
000031,000020,000000
000031,000020,000000
000030,000020,000000
000031,000020,000088
000030,000020,000208
000030,000020,000401
000030,000020,000420
000030,000020,000216
000030,000020,000107
000031,000020,000000
000031,000020,000000
000031,000020,000000
000031,000020,000193
000031,000020,000198
000031,000020,000116
000031,000020,000004
000031,000020,000000
000032,000020,000000
000031,000020,000000
000031,000020,000316
000031,000020,000316
000031,000020,000164
000031,000020,000083
000031,000020,000192
000031,000020,000109
000031,000020,001054
000031,000020,003053
000031,000020,003005
000031,000020,000956
000031,000020,000044
000031,000020,000000
000031,000020,000000
000031,000020,000087
000031,000020,000087
000031,000020,000000
000031,000020,000000
000031,000020,000022
000030,000020,000201
000030,000020,002710
000030,000020,002531
000030,000020,000000
000030,000020,000000
000030,000020,000000
000030,000020,000000
000030,000020,000088
000030,000020,000288
000030,000020,000270
000030,000020,000185
000030,000020,003207
000030,000020,003118
000031,000020,000145
000030,000020,000048
000030,000020,000148
000030,000020,000206
000030,000020,000206
000030,000020,000182
000031,000020,000506
000030,000020,000506
000030,000020,000431
000030,000020,000346
000030,000020,000190
000030,000020,000333
000030,000020,000333
000030,000040,000211
000031,000040,000068
000030,000040,000068
000030,000080,000068
000030,000040,000068
000030,000040,000112
000030,000020,000200
000030,000020,000706
000030,000020,001208
000030,000020,001147
000031,000160,001264
000031,000140,001175
000030,000020,000672
000030,000040,000622
000030,000020,000582
000030,000040,000486
000030,000040,000414
000030,000040,000573
000030,000060,000689
000030,000060,000786
000030,000020,000836
000030,000020,000677
000030,000040,000395
000030,000040,000362
000031,000040,000362
000030,000040,000290
000030,000040,000159
000030,000060,000159
000030,000080,000222
000030,000060,000394
000031,000060,000635
000031,000080,000680
000031,000060,000680
000031,000020,000563
000030,000020,000822
000032,000020,001040
000031,000040,001021
000031,000020,001273
000030,000080,000735
000030,000040,000640
000031,000040,000576
000031,000040,000338
000031,000060,000439
000031,000040,000315
000031,000040,000655
000031,000040,001118
000031,000060,001430
000031,000040,001466
000031,000100,001340
000032,000040,001713
000032,000060,001618
000032,000060,001045
000032,000060,000795
000031,000040,000715
000031,000040,000856
000031,000040,000562
000031,000040,000252
000030,000040,000000
000031,000040,000000
000031,000020,000000
000036,000020,000349
000030,000020,001476
000030,000020,001127
000031,000020,000119
000031,000020,000000
000030,000020,000000
000030,000020,000000
000030,000020,000172
000031,000020,000172
000031,000020,000323
000031,000020,000151
000031,000020,001192
000030,000020,002136
000031,000020,002284
000030,000020,002086
000030,000020,001070
000030,000020,003517
000030,000020,004122
000030,000020,003955
000030,000020,001294
000031,000020,001207
000030,000020,001194
000031,000060,001224
000031,000160,000762
000031,000100,000751
000030,000100,000594
000030,000020,000733
000030,000020,001038
000031,000020,001324
000031,000040,001264
000031,000040,001900
000031,000060,001795
000030,000060,001358
000030,000020,000211
000031,000060,000128
000031,000040,001679
000030,000040,002520
000030,000020,002255
000030,000020,000472
000030,000040,000351
000030,000040,000318
000030,000040,000588
000030,000040,001650
000030,000020,001817
000031,000020,002141
000031,000020,004310
000031,000020,004070
000030,000020,003830
000030,000020,003581
000031,000020,000347
000031,000020,001204
000030,000020,001434
000030,000020,001389
000030,000020,001063
000030,000060,001186
000030,000060,001140
000030,000060,000648
000031,000060,000382
000030,000060,000608
000030,000060,000996
000030,000060,000996
000030,000060,001088
000030,000060,001071
000030,000060,000714
000030,000020,000269
000030,000020,000292
000030,000020,002068
000030,000020,003325
000030,000020,001847
000030,000020,000096
000031,000060,000000
000031,000060,000000
000030,000060,000000
000030,000060,000000
000030,000020,000069
000030,000020,000069
000030,000060,000253
000030,000060,000367
000030,000060,000183
000031,000060,000000
000030,000060,000000
000030,000060,000000
000030,000060,000198
000031,000060,000198
000031,000060,000180
000030,000060,001471
000030,000060,001824
000031,000060,002733
000031,000020,002564
000031,000020,002534
000031,000020,001925
000031,000020,002048
000031,000020,001868
000030,000020,001394
000030,000060,001213
000030,000060,000594
000030,000020,001894
000031,000020,002268
000031,000020,002954
000030,000020,001411
000030,000020,001487
000030,000020,001553
000030,000020,002624
000030,000020,002563
000030,000080,002381
000030,000020,004232
000030,000020,003649
000030,000020,003497
000030,000020,001993
000030,000020,002207
000030,000020,001191
000030,000020,001457
000030,000060,001949
000030,000020,003122
000030,000040,002974
000030,000040,002836
000030,000020,001799
000030,000020,000998
000030,000040,000187
000030,000040,000187
000030,000040,001087
000031,000040,001231
000030,000040,000251
000030,000040,000170
000030,000040,003982
000030,000040,004784
000030,000140,004954
000030,000060,004927
000030,000020,001050
000030,000020,000590
000030,000020,000652
000030,000040,000626
000030,000080,000746
000030,000040,000646
000030,000080,000646
000030,000080,000623
000030,000080,000551
000031,000080,000564
000031,000080,000553
000030,000080,000711
000030,000080,000951
000030,000020,001557
000030,000020,001819
000030,000020,002937
000030,000020,002317
000030,000020,000966
000030,000020,000656
000030,000020,000676
000030,000020,001336
000030,000020,002405
000030,000020,002298
000030,000020,001218
000030,000020,001438
000030,000020,001498
000030,000020,001195
000030,000020,001685
000030,000020,001786
000030,000020,001865
000030,000040,001987
000030,000040,001975
000030,000040,002108
000030,000040,001177
000030,000040,001532
000030,000040,001470
000031,000040,001468
000031,000040,001566
000031,000040,002043
000031,000020,001496
000030,000020,001638
000030,000040,001257
000030,000040,001046
000030,000040,000655
000030,000040,000762
000030,000040,000107
000030,000040,000107
000030,000020,000198
000030,000040,000592
000030,000020,000650
000030,000020,000701
000031,000020,002384
000030,000020,002813
000030,000020,002906
000030,000020,002238
000030,000020,002750
000030,000020,002910
000030,000040,003004
000030,000060,002512
000030,000040,001336
000030,000020,001198
000030,000020,001350
000030,000020,001499
000030,000020,001544
000030,000020,001410
000031,000020,001029
000031,000060,001029
000031,000020,000491
000030,000020,000436
000030,000020,000515
000030,000020,000626
000030,000020,000576
000030,000040,000703
000030,000020,000751
000030,000020,000706
000030,000020,000515
000030,000020,000320
000030,000020,000256
000030,000120,000256
000030,000060,000177
000030,000080,000430
000030,000080,000731
000030,000080,001041
000030,000080,000924
000030,000020,000746
000030,000040,000746
000030,000080,000513
000030,000060,000682
000030,000060,000725
000030,000060,000552
000030,000060,000000
000030,000060,000000
000030,000060,000000
000030,000060,000000
000031,000060,000000
000031,000060,000000
000030,000060,000000
000030,000060,000000
000030,000060,000000
000030,000060,000000
000030,000060,000000
000030,000060,000000
000030,000060,000000
000030,000060,000000
000030,000060,000000
000030,000060,000000
000030,000060,000000
000030,000060,000000
000030,000060,000000
000030,000060,000000
000030,000060,000000
000030,000060,000000
000030,000060,000000
000030,000060,000000
000030,000060,000000
000030,000060,000000
000030,000060,000000
000030,000060,000000
000030,000060,000000
000030,000060,000000
000030,000060,000000
000030,000060,000108
000030,000060,000223
000030,000060,000114
000030,000060,000114
000030,000060,000000
000030,000060,000101
000030,000060,000349
000030,000060,000248
000030,000060,000219
000030,000060,000172
000030,000060,000182
000030,000060,000216
000030,000060,000114
000030,000060,000098
000030,000060,000108
000030,000060,000108
000030,000060,000000
000030,000060,000000
000030,000060,000101
000030,000060,000101
000030,000060,000000
000030,000060,000000
000030,000060,000100
000030,000060,000198
000030,000060,000286
000030,000060,000277
000030,000060,000166
000030,000060,000077
000030,000060,000077
000030,000060,000000
000030,000060,000086
000030,000060,000086
000030,000060,000086
000030,000060,000000
000030,000060,000000
000030,000060,000000
000030,000060,000076
000030,000060,000076
000030,000060,000076
000030,000060,000000
000030,000060,000000
000030,000060,000000
000030,000060,000047
000030,000060,000134
000030,000060,000230
000030,000060,000183
000030,000060,000294
000030,000060,000405
000030,000060,000206
000030,000060,000000
000030,000060,000000
000030,000060,000000
000030,000060,000000
000030,000060,000000
000030,000060,000000
000030,000020,000000
000030,000020,000061
000030,000020,000061
000030,000020,000061
000030,000020,000000
000030,000020,000000
000030,000020,000000
000030,000020,000000
000030,000020,000000
000030,000020,000000
000030,000020,000000
000030,000020,000110
000030,000020,000110
000030,000020,000110
000030,000020,000000
000030,000020,000000
000030,000020,000000
000030,000020,000084
000030,000020,000172
000030,000020,000172
000030,000020,000088
000030,000020,000000
000030,000020,000000
000030,000020,000112
000030,000020,000112
000030,000020,000000
000030,000020,000046
000030,000020,000147
000030,000020,000235
000030,000020,004267
000030,000020,004185
000030,000020,004089
000030,000020,000199
000030,000020,000092
000030,000020,000092
000030,000020,000000
000030,000020,000000
000030,000020,000128
000030,000020,000266
000030,000020,000266
000030,000020,000137
000030,000020,000000
000030,000020,000000
000030,000020,000000
000030,000020,000000
000030,000020,000000
000030,000020,000088
000030,000020,000186
000030,000020,000188
000030,000020,001509
000030,000020,001428
000030,000020,000107
000030,000020,000197
000030,000020,000090
000030,000020,000197
000030,000020,000107
000030,000020,000107
000030,000020,000000
000030,000020,000093
000030,000020,000200
000030,000020,000200
000030,000020,000000
000030,000020,000000
000030,000020,000000
000030,000020,000000
000030,000020,000085
000030,000020,002606
000030,000020,002606
000030,000020,002521
000030,000020,000022
000030,000020,000112
000030,000020,000089
000030,000020,000089
000030,000020,000000
000030,000020,000000
000030,000020,000000
000030,000020,000000
000030,000020,000000
000030,000020,000000
000030,000020,000000
000030,000020,000000
000030,000020,000000
000030,000020,000036
000030,000020,000036
000030,000020,000036
000030,000020,000000
000030,000020,000000
000030,000020,000192
000030,000020,000192
000030,000020,000192
000030,000020,000092
000030,000020,000000
000030,000020,000000
000030,000020,000000
000030,000020,000000
000030,000020,000000
000030,000020,000000
000030,000020,000000
000030,000020,000000
000030,000020,000000
000030,000020,000000
000030,000020,000000
000030,000020,000000
000030,000020,000000
000030,000020,000000
000030,000020,000000
000030,000020,000000
000030,000020,000000
000030,000020,000000
000030,000020,000000
000030,000020,000000
000030,000020,000000
000030,000020,000000
000030,000020,000000
000030,000020,000000
000030,000020,000000
000030,000020,000000
000030,000020,000000
000030,000020,000000
000030,000020,000000
000030,000020,000000
000030,000020,000000
000030,000020,000000
000030,000020,000000
000030,000020,000000
000030,000020,000000
000030,000020,000000
000030,000020,000000
000030,000020,000000
000030,000020,000000
000030,000020,000000
000030,000020,000000
000030,000020,000000
000030,000020,000000
000030,000020,000000
000030,000020,000000
000030,000020,000000
000030,000020,000000
000030,000020,000000
000030,000020,000000
000030,000020,000000
000030,000020,000000
000030,000020,000000
000030,000020,000000
000030,000020,000000
000030,000020,000000
000030,000020,000108
000030,000020,000174
000030,000020,000065
000030,000020,000065
000030,000020,000000
000030,000020,000114
000030,000020,000220
000030,000020,000194
000030,000020,000088
000030,000020,000088
000030,000020,000000
000030,000020,000000
000030,000020,000000
000030,000020,000206
000030,000020,000206
000030,000020,000206
000030,000020,000000
000030,000020,000000
000030,000020,000000
000030,000020,000096
000030,000020,000096
000030,000020,000091
000030,000020,000091
000030,000020,000000
000030,000020,000000
000030,000020,000000
000030,000020,000000
000030,000020,000000
000030,000020,000000
000030,000020,000000
000030,000020,000000
000030,000020,000000
000030,000020,000000
000030,000020,000000
000030,000020,000000
000030,000020,000000
000030,000020,000000
000030,000020,000000
000030,000020,000000
000030,000020,000000
000030,000020,000046
000030,000020,000046
000030,000020,000046
000030,000020,000000
000030,000020,000080
000030,000020,000180
000030,000020,000180
000030,000020,000100
000030,000020,000080
000030,000020,000080
000030,000020,000080
000030,000020,000000
000030,000020,000000
000030,000020,000000
000030,000020,000000
000030,000020,000000
000030,000020,000000
000030,000020,000000
000030,000020,000000
000030,000020,000000
000030,000020,000000
000030,000020,000000
000030,000020,000000
000030,000020,000000
000030,000020,000000
000030,000020,000000
000030,000020,000000
000030,000020,000000
000030,000020,000000
000030,000020,000000
000030,000020,000000
000030,000020,000000
000030,000020,000000
000030,000020,000000
000030,000020,000000
000030,000020,000000
000030,000020,000000
000030,000020,000000
000030,000020,000000
000030,000020,000000
000030,000020,000000
000030,000020,000000
000030,000020,000000
000030,000020,000000
000030,000020,000000
000030,000020,000000
000030,000020,000000
000030,000020,000000
000030,000020,000000
000030,000020,000000
000030,000020,000000
000030,000020,000000
000030,000020,000000
000030,000020,000000
000030,000020,000000
000030,000020,000000
000030,000020,000000
000030,000020,000000
000030,000020,000000
000030,000020,000000
000030,000020,000000
000030,000020,000000
000030,000020,000000
000030,000020,000000
000030,000020,000000
000030,000020,000000
000030,000020,000000
000030,000020,000000
000030,000020,000000
000030,000020,000000
000030,000020,000000
000030,000020,000096
000030,000020,000096
000030,000020,000294
000030,000020,000198
000030,000020,000198
000030,000020,000000
000030,000020,000000
000030,000020,000000
000030,000020,000000
000030,000020,000030
000030,000020,000030
000030,000020,000030
000030,000020,000000
000030,000020,000000
000030,000020,000074
000030,000020,000074
000030,000020,000074
000030,000020,000000
000030,000020,000000
000030,000020,000000
000030,000020,000000
000030,000020,000000
000030,000020,000103
000030,000020,000103
000030,000020,000103
000030,000020,000108
000030,000020,000354
000030,000020,000458
000030,000020,000325
000030,000020,000222
000030,000020,000103
000030,000020,000108
000030,000020,000108
000030,000020,000027
000030,000020,000074
000030,000020,000172
000030,000020,000172
000030,000020,000124
000030,000020,000000
000030,000020,000000
000030,000020,000000
000030,000020,000031
000030,000020,000031
000030,000020,000123
000030,000020,003952
000030,000020,004060
000030,000020,000197
000030,000020,000200
000030,000020,000110
000030,000020,000210
000030,000020,000100
000030,000020,000100
000030,000020,000000
000030,000020,000000
000030,000020,000000
000030,000020,000102
000030,000020,000216
000030,000020,000113
000030,000020,000113
000030,000020,000000
000030,000020,000000
000030,000020,000000
000030,000020,000000
000030,000020,000000
000030,000020,000000
000030,000020,000000
000030,000020,000113
000030,000020,000113
000030,000020,000236
000030,000020,000344
000030,000020,000320
000030,000020,000320
000030,000020,000178
000030,000020,001018
000030,000020,001018
000030,000020,000000
000030,000020,000000
000030,000020,000000
000030,000020,000000
000030,000020,000000
000030,000020,000102
000030,000020,000191
000030,000020,000276
000030,000020,000381
000030,000020,000206
000030,000020,000088
000030,000020,000000
000030,000020,000127
000030,000020,000127
000030,000020,000110
000030,000020,000287
000030,000020,000287
000030,000020,000176
000030,000020,000061
000030,000020,000171
000030,000020,000318
000030,000020,000318
000030,000020,000208
000030,000020,000000
000030,000020,000000
000030,000020,000000
000030,000020,000000
000030,000020,000000
000030,000020,000000
000030,000020,000000
000030,000020,000000
000030,000020,000000
000030,000020,000000
000030,000020,000000
000030,000020,000000
000030,000020,000000
000030,000020,000000
000030,000020,000000
000030,000020,000000
000030,000020,000000
000030,000020,000000
000030,000020,000000
000030,000020,000000
000030,000020,000000
000030,000020,000000
000030,000020,000000
000030,000020,000000
000030,000020,000000
000030,000020,000000
000030,000020,000000
000030,000020,000000
000030,000020,000000
000030,000020,000000
000030,000020,000000
000030,000020,000000
000030,000020,000000
000030,000020,000000
000030,000020,000000
000030,000020,000000
000030,000020,000000
000030,000020,000000
000030,000020,000000
000030,000020,000000
000030,000020,000000
000030,000020,000000
000030,000020,000000
000030,000020,000000
000030,000020,000000
000030,000020,000000
000030,000020,000000
000030,000020,000000
000030,000020,000000
000030,000020,000000
000030,000020,000000
000030,000020,000000
000030,000020,000000
000030,000020,000000
000030,000020,000000
000030,000020,000000
000030,000020,000000
000030,000020,000000
000030,000020,000000
000030,000020,000000
000030,000020,000000
000030,000020,000000
000030,000020,000000
000030,000020,000000
000030,000020,000000
000030,000020,000046
000030,000020,000219
000030,000020,000219
000030,000020,000172
000030,000020,000000
000030,000020,000000
000030,000020,000000
000030,000020,000000
000030,000020,000107
000030,000020,000146
000030,000020,000146
000030,000020,000038
000030,000020,000000
000030,000020,000000
000030,000020,000000
000030,000020,000000
000030,000020,000000
000030,000020,000000
000030,000020,000000
000030,000020,000000
000030,000020,000000
000030,000020,000000
000030,000020,000000
000030,000020,000000
000030,000020,000000
000030,000020,000000
000030,000020,000000
000030,000020,000000
000030,000020,000000
000030,000020,000000
000030,000020,000000
000030,000020,000000
000030,000020,000000
000030,000020,000000
000030,000020,000000
000030,000020,000000
000030,000020,000000
000030,000020,000000
000030,000020,000000
000030,000020,000000
000030,000020,000000
000030,000020,000000
000030,000020,000000
000030,000020,000000
000030,000020,000000
000030,000020,000000
000030,000020,000000
000030,000020,000000
000030,000020,000000
000030,000020,000000
000030,000020,000000
000030,000020,000000
000030,000020,000000
000030,000020,000000
000030,000020,000000
000030,000020,000000
000030,000020,000000
000030,000020,000000
000030,000020,000000
000030,000020,000000
000030,000020,000000
000030,000020,000000
000030,000020,000000
000030,000020,000000
000030,000020,000000
000030,000020,000000
000030,000020,000000
000030,000020,000000
000030,000020,000000
000030,000020,000000
000030,000020,000000
000030,000020,000000
000030,000020,000000
000030,000020,000000
000030,000020,000000
000030,000020,000000
000030,000020,000000
000030,000020,000000
000030,000020,000000
000030,000020,000000
000030,000020,000000
000030,000020,000000
000030,000020,000000
000030,000020,000000
000030,000020,000000
000030,000020,000000
000030,000020,000000
000030,000020,000000
000030,000020,000000
000030,000020,000000
000030,000020,000000
000030,000020,000000
000030,000020,000000
000030,000020,000000
000030,000020,000000
000030,000020,000000
000030,000020,000000
000030,000020,000000
000030,000020,000000
000030,000020,000000
000030,000020,000000
000030,000020,000000
000030,000020,000000
000030,000020,000000
000030,000020,000000
000030,000020,000000
000030,000020,000000
000030,000020,000000
000030,000020,000000
000030,000020,000000
000030,000020,000000
000030,000020,000000
000030,000020,000000
000030,000020,000000
000030,000020,000000
000030,000020,000000
000030,000020,000000
000030,000020,000000
000030,000020,000000
000030,000020,000000
000030,000020,000000
000030,000020,000000
000030,000020,000000
000030,000020,000000
000030,000020,000000
000030,000020,000000
000030,000020,000000
000030,000020,000000
000030,000020,000000
000030,000020,000000
000030,000020,000000
000030,000020,000000
000030,000020,000000
000030,000020,000000
000030,000020,000000
000030,000020,000000
000030,000020,000000
000030,000020,000000
000030,000020,000000
000030,000020,000000
000030,000020,000000
000030,000020,000000
000030,000020,000000
000030,000020,000000
000030,000020,000000
000030,000020,000000
000030,000020,000000
000030,000020,000000
000030,000020,000000
000030,000020,000000
000030,000020,000000
000030,000020,000000
000030,000020,000000
000030,000020,000000
000030,000020,000000
000030,000020,000000
000030,000020,000000
000030,000020,000000
000030,000020,000000
000030,000020,000000
000030,000020,000000
000030,000020,000000
000030,000020,000000
000030,000020,000000
000030,000020,000000
000030,000020,000000
000030,000020,000000
000030,000020,000000
000030,000020,000000
000030,000020,000000
000030,000020,000000
000030,000020,000000
000030,000020,000000
000030,000020,000000
000030,000020,000000
000030,000020,000000
000030,000020,000000
000030,000020,000000
000030,000020,000000
000030,000020,000000
000030,000020,000000
000030,000020,000000
000030,000020,000000
000030,000020,000000
000030,000020,000000
000030,000020,000000
000030,000020,000000
000030,000020,000000
000030,000020,000000
000030,000020,000000
000030,000020,000000
000030,000020,000000
000030,000020,000000
000030,000020,000000
000030,000020,000000
000030,000020,000000
000030,000020,000000
000030,000020,000000
000030,000020,000000
000030,000020,000000
000030,000020,000000
000030,000020,000000
000030,000020,000000
000030,000020,000000
000030,000020,000000
000030,000020,000000
000030,000020,000000
000030,000020,000000
000030,000020,000100
000030,000020,000199
000030,000020,000199
000030,000020,000098
000030,000020,000000
000030,000020,000000
000030,000020,000000
000030,000020,000000
000030,000020,000000
000030,000020,000000
000030,000020,000000
000030,000020,000000
000030,000020,000000
000030,000020,000000
000030,000020,000000
000030,000040,000000
000030,000020,000058
000030,000020,000058
000030,000020,000058
000030,000040,000058
000030,000060,000238
000030,000020,000280
000030,000020,000280
000030,000020,000280
000030,000020,000101
000030,000040,000000
000030,000020,000000
000030,000020,000000
000030,000220,000076
000030,000340,000076
000030,000400,000076
000030,000420,000076
000030,000460,000076
000030,000440,000076
000030,000480,000000
000030,000460,000000
000030,000440,000000
000030,000460,000000
000030,000460,000000
000030,000420,000000
000030,000300,000000
000030,000200,000386
000030,000100,000386
000030,000020,000386
000030,000020,000386
000030,000020,000000
000030,000020,000000
000030,000020,000000
000030,000020,000000
000030,000020,000000
000030,000020,000000
000030,000020,000078
000030,000020,000078
000030,000020,000078
000030,000020,000000
000030,000020,000000
000030,000020,000000
000030,000020,000000
000030,000020,000000
000030,000020,000000
000030,000020,000000
000030,000020,000110
000030,000020,000761
000030,000020,000650
000030,000020,000094
000030,000020,000000
000030,000020,000000
000030,000020,000000
000030,000020,000000
000030,000020,000000
000030,000020,000000
000030,000020,000000
000030,000020,000092
000030,000020,000092
000030,000020,000092
000030,000020,000000
000030,000020,000000
000030,000020,000000
000030,000020,000000
000030,000020,000000
000030,000020,000000
000030,000020,000000
000030,000020,000000
000030,000020,000000
000030,000020,000000
000030,000020,000000
000030,000020,000000
000030,000020,000000
000030,000020,000000
000030,000020,000000
000030,000020,000000
000000,000020,000000
000030,000020,000000
000030,000020,000000
000030,000020,000000
000030,000020,000000
000030,000020,000000
000030,000020,000000
000030,000020,000000
000030,000020,000000
000030,000020,000000
000030,000020,000000
000030,000020,000000
000030,000020,000000
000030,000020,000000
000030,000020,000000
000030,000020,000000
000030,000020,000000
000030,000020,000000
000030,000020,000000
000030,000020,000000
000030,000020,000000
000030,000020,000000
000030,000020,000000
000030,000020,000000
000030,000020,000000
000030,000020,000000
000030,000020,000000
000030,000020,000000
000030,000020,000000
000030,000020,000000
000030,000020,000000
000030,000020,000000
000030,000020,000000
000030,000020,000000
000030,000020,000000
000030,000020,000000
000030,000020,000000
000030,000020,000000
000030,000020,000000
000030,000020,000000
000030,000020,000000
000030,000020,000000
000030,000020,000000
000030,000020,000000
000030,000020,000000
000030,000020,000000
000030,000020,000096
000030,000020,000096
000030,000020,000096
000030,000020,000000
000030,000020,000000
000030,000020,000000
000030,000020,000000
000030,000020,000000
000030,000020,000000
000030,000020,000000
000030,000020,000000
000030,000020,000000
000030,000020,000000
000030,000020,000000
000030,000020,000000
000030,000020,000000
000030,000020,000000
000030,000020,000000
000030,000020,000000
000030,000020,000000
000030,000020,000000
000030,000020,000000
000030,000020,000092
000030,000020,000092
000030,000020,000092
000030,000020,000000
000030,000020,000000
000030,000020,000000
000030,000020,000000
000030,000020,000000
000030,000020,000000
000030,000020,000000
000030,000020,000000
000030,000020,000112
000030,000020,000242
000030,000020,000320
000030,000020,000078
000030,000020,000078
000030,000020,000000
000030,000020,000000
000030,000020,000000
000030,000020,000000
000030,000020,000000
000030,000020,000000
000030,000020,000000
000030,000020,000000
000030,000020,000189
000030,000020,000189
000030,000020,000189
000030,000020,000000
000030,000020,000000
000030,000020,000000
000030,000020,000000
000030,000020,000000
000030,000020,000000
000030,000020,000000
000030,000020,000000
000030,000020,000000
000030,000020,000000
000030,000020,000000
000030,000020,000000
000030,000020,000000
000030,000020,000000
000029,000020,000000
000030,000020,000000
000030,000020,000000
000030,000020,000000
000030,000020,000000
000030,000020,000000
000030,000020,000000
000030,000020,000000
000030,000020,000000
000030,000020,000000
000030,000020,000000
000030,000020,000000
000030,000020,000000
000030,000020,000000
000030,000020,000000
000030,000020,000000
000029,000020,000000
000030,000020,000000
000030,000020,000000
000030,000020,000000
000030,000020,000098
000030,000020,000098
000030,000020,000098
000030,000020,000000
000030,000020,000000
000030,000020,000000
000030,000020,000000
000030,000020,000000
000030,000020,000000
000030,000020,000000
000030,000020,000000
000030,000020,000000
000030,000020,000000
000030,000020,000000
000030,000020,000000
000030,000360,000000
000030,000580,000000
000030,000700,000000
000030,000680,000072
000030,000600,000215
000030,000660,000412
000030,000720,000582
000030,000680,001002
000030,000720,001179
000030,000820,001272
000030,000880,001372
000030,000880,001308
000030,000860,001935
000030,000860,003345
000030,000860,004399
000030,000880,005134
000030,000840,003341
000030,000840,001666
000030,000860,001262
000030,000860,000992
000030,000840,000825
000030,000820,000774
000030,000780,000668
000030,000800,000574
000031,000760,000501
000031,000480,000470
000030,000280,000522
000030,000120,000620
000030,000020,000904
000030,000020,000904
000030,000020,002218
000030,000020,002413
000030,000020,002778
000030,000020,003077
000030,000020,003589
000030,000020,003976
000030,000020,004660
000030,000020,005624
000030,000020,007562
000030,000020,009535
000030,000020,001788
000030,000020,000000
000030,000040,000000
000030,000020,000000
000030,000020,000000
000030,000020,000000
000030,000020,000000
000030,000020,000000
000030,000040,000000
000030,000020,000000
000030,000020,000000
000030,000020,000000
000030,000040,000000
000030,000080,000000
000030,000040,000100
000030,000040,000100
000030,000040,000166
000030,000040,000630
000030,000040,000824
000030,000040,000734
000031,000040,000788
000031,000100,000942
000031,000140,001025
000030,000120,001352
000030,000040,001185
000030,000040,001105
000030,000040,000564
000030,000020,000579
000030,000020,001336
000030,000020,001535
000030,000040,001120
000030,000020,000857
000030,000020,000388
000030,000020,000681
000030,000020,001408
000030,000060,001361
000031,000060,001148
000030,000060,000727
000030,000060,000595
000030,000060,000630
000030,000060,000716
000030,000060,000688
000030,000060,000897
000030,000060,000927
000030,000060,000729
000030,000100,000729
000030,000080,000512
000030,000020,000116
000030,000020,000000
000030,000020,000000
000030,000020,000000
000030,000020,000000
000030,000020,000000
000030,000020,000000
000030,000020,000056
000030,000020,000288
000030,000020,000288
000030,000020,000288
000030,000020,000231
000030,000020,000000
000030,000060,000000
000030,000020,000000
000030,000020,000193
000030,000020,000193
000030,000020,000193
000030,000020,000193
000030,000020,000000
000030,000020,000000
000030,000020,000000
000030,000020,000000
000030,000020,000000
000030,000020,000000
000030,000020,000000
000030,000020,000000
000030,000020,000000
000030,000020,000000
000030,000020,000000
000030,000020,000000
000030,000020,000000
000030,000020,000000
000030,000020,000000
000030,000020,000000
000030,000020,000000
000030,000020,000000
000030,000020,000000
000030,000020,000000
000030,000020,000000
000030,000020,000000
000030,000020,000000
000030,000020,000000
000030,000020,000000
000030,000020,000000
000030,000020,000000
000030,000040,000000
000030,000360,000000
000030,000160,000000
000030,000160,000000
000030,000160,000000
000030,000160,000000
000030,000020,000000
000030,000020,000000
000030,000020,000000
000030,000020,000000
000030,000020,000000
000030,000020,000000
000030,000020,000000
000030,000020,000000
000030,000020,000000
000030,000020,000000
000030,000020,000000
000030,000020,000000
000030,000020,000000
000030,000020,000000
000030,000020,000000
000030,000020,000000
000030,000020,000000
000030,000020,000000
000030,000020,000000
000030,000020,000000
000030,000020,000000
000030,000020,000000
000030,000020,000000
000030,000020,000000
000030,000020,000000
000030,000020,000000
000030,000020,000000
000030,000020,000000
000030,000020,000000
000030,000020,000000
000030,000020,000000
000030,000020,000000
000030,000020,000000
000030,000020,000000
000030,000060,000000
000030,000080,000000
000030,000180,000000
000030,000180,000000
000030,000180,000000
000030,000140,000428
000030,000040,000428
000030,000040,000428
000030,000040,000303
000030,000040,000000
000030,000040,000000
000030,000040,000000
000030,000040,000000
000030,000040,000000
000030,000040,000000
000030,000040,000000
000030,000040,000000
000030,000040,000000
000030,000040,000000
000030,000040,000000
000030,000040,000000
000030,000040,000000
000030,000040,000000
000030,000040,000000
000030,000100,000000
000030,000300,000000
000030,000560,000000
000030,000600,000000
000030,000600,000000
000030,000620,000000
000030,000720,000194
000030,000800,000750
000030,000640,001252
000030,000640,001016
000030,000640,000644
000030,000240,000660
000030,000240,000198
000030,000040,000073
000030,000040,000073
000030,000040,000000
000030,000040,000148
000030,000040,000148
000030,000040,000115
000030,000040,000000
000030,000040,000000
000030,000040,000000
000030,000040,000000
000030,000040,000000
000030,000040,000000
000030,000040,000000
000030,000040,000000
000030,000040,000000
000030,000040,000000
000030,000040,000000
000030,000040,000000
000030,000020,000000
000030,000020,000000
000030,000020,000158
000030,000020,000158
000030,000020,000158
000030,000020,000158
000030,000020,000000
000030,000020,000000
000030,000020,000000
000030,000020,000000
000030,000020,000000
000030,000020,000000
000030,000020,000000
000030,000020,000000
000030,000020,000000
000030,000020,000171
000030,000040,000171
000030,000020,000171
000030,000060,000171
000030,000060,000292
000030,000060,000292
000030,000140,000120
000030,000220,000120
000030,000240,000120
000030,000220,000120
000030,000160,000000
000030,000040,000000
000030,000020,000000
000030,000020,000000
000030,000020,000000
000030,000020,000000
000030,000020,000000
000030,000020,000000
000030,000020,000000
000030,000020,000000
000030,000020,000000
000030,000020,000000
000030,000020,000000
000030,000020,000000
000030,000020,000000
000030,000020,000000
000030,000020,000000
000030,000020,000000
000030,000020,000000
000030,000020,000000
000030,000020,000000
000030,000020,000000
000030,000020,000000
000030,000020,000000
000030,000020,000000
000030,000020,000000
000030,000020,000000
000030,000020,000000
000030,000020,000000
000030,000020,000000
000030,000020,000000
000030,000020,000000
000030,000020,000000
000030,000020,000000
000030,000020,000000
000030,000380,000000
000030,000600,000000
000030,000620,000000
000030,000620,000092
000030,000760,000692
000030,000840,000873
000030,000880,001028
000030,000880,001254
000030,000860,001154
000030,000820,000787
000030,000780,000307
000030,000800,000186
000030,000800,000124
000030,000800,000249
000030,000800,000351
000030,000780,000262
000030,000780,000266
000030,000760,000449
000030,000740,002915
000030,000760,003291
000030,000760,002468
000030,000820,004119
000030,000780,004289
000030,000580,003777
000030,000360,000250
000030,000260,000234
000030,000200,000153
000030,000220,000153
000030,000160,000000
000030,000040,000000
000030,000020,000000
000030,000020,000000
000030,000020,000000
000030,000020,000000
000030,000020,000091
000030,000020,001577
000030,000020,001577
000030,000020,001486
000030,000040,001486
000030,000020,000000
000030,000020,000000
000030,000020,000000
000030,000020,000000
000030,000020,000000
000030,000020,000000
000030,000020,000000
000030,000020,000000
000030,000020,000000
000030,000020,000000
000030,000020,000000
000030,000020,000000
000030,000020,000000
000030,000020,000000
000030,000020,000000
000030,000020,000000
000030,000020,000000
000030,000020,000000
000030,000020,000000
000030,000020,000000
000030,000020,000000
000030,000020,000000
000030,000020,000000
000030,000020,000000
000030,000020,000000
000030,000020,000000
000030,000020,000000
000030,000020,000000
000030,000020,000000
000030,000020,000000
000030,000020,000000
000030,000020,000000
000030,000020,000000
000030,000020,000000
000030,000020,000000
000030,000020,000000
000030,000020,000000
000030,000020,000000
000030,000020,000000
000030,000020,000000
000030,000020,000000
000030,000020,000000
000030,000020,000000
000030,000020,000000
000030,000020,000000
000030,000020,000000
000030,000020,000000
000030,000020,000000
000030,000020,000000
000030,000020,000000
000030,000020,000000
000030,000020,000000
000030,000020,000000
000030,000020,000000
000030,000020,000000
000030,000020,000000
000030,000020,000000
000030,000020,000000
000030,000020,000000
000030,000020,000000
000030,000020,000000
000030,000020,000000
000030,000020,000000
000030,000020,000000
000030,000020,000641
000030,000020,000641
000030,000020,000616
000030,000020,000095
000030,000020,000095
000030,000020,000086
000030,000020,000086
000030,000020,000086
000030,000020,000000
000030,000020,000000
000030,000020,000000
000030,000020,000242
000030,000020,000242
000030,000020,000242
000031,000020,000000
000030,000020,000000
000030,000020,000156
000030,000020,000796
000030,000020,000726
000030,000020,000726
000030,000020,000086
000030,000020,000000
000030,000020,000000
000030,000020,000000
000030,000020,000000
000030,000020,000000
000030,000020,000000
000030,000020,000000
000030,000020,000079
000030,000020,000158
000030,000020,000174
000030,000020,000174
000030,000020,000096
000030,000020,000000
000030,000020,000000
000030,000020,000074
000030,000020,000182
000030,000020,000182
000030,000020,000108
000030,000040,000006
000030,000080,000000
000030,000080,000000
000030,000020,000000
000030,000020,000000
000030,000020,000000
000030,000020,000089
000030,000020,000089
000030,000020,000089
000030,000040,000089
000030,000060,000089
000030,000040,000000
000030,000040,000000
000030,000020,000000
000030,000020,000000
000030,000020,000000
000030,000020,000000
000030,000020,000006
000030,000020,000006
000030,000020,000006
000030,000020,000006
000030,000060,000006
000030,000040,000006
000030,000020,000000
000030,000040,000000
000030,000040,000000
000030,000040,000000
000030,000020,000000
000030,000020,000000
000030,000020,000000
000030,000020,000000
000030,000020,000000
000030,000020,000000
000030,000020,000122
000030,000020,000122
000030,000020,000122
000030,000020,000000
000030,000020,000000
000030,000020,000000
000030,000020,000000
000030,000020,000118
000030,000020,000118
000030,000020,000122
000030,000020,000223
000030,000020,000223
000030,000020,000100
000030,000020,000000
000030,000020,000000
000030,000020,000000
000030,000020,000000
000030,000020,000000
000030,000020,000000
000030,000040,000000
000030,000480,000000
000030,000580,000099
000030,000640,000812
000030,000700,001338
000030,000720,001737
000030,000720,002391
000030,000720,001863
000030,000740,001294
000030,000800,001100
000030,000880,001193
000030,000880,001150
000030,000880,001583
000030,000860,001757
000030,000860,002279
000030,000820,001824
000030,000800,002446
000030,000800,002558
000030,000800,002255
000030,000780,001882
000030,000780,001112
000030,000800,001488
000031,000800,000912
000031,000320,001720
000030,000320,002725
000030,000320,001309
000030,000140,000165
000030,000140,000024
000030,000020,001176
000030,000020,001176
000030,000020,001256
000030,000020,000104
000030,000020,000104
000030,000020,000000
000030,000020,000101
000030,000020,000101
000030,000020,000254
000030,000020,000461
000030,000020,000535
000030,000020,003418
000030,000020,003210
000030,000020,003109
000030,000020,000000
000030,000020,000000
000030,000020,000000
000030,000020,000000
000030,000020,000000
000030,000020,000000
000030,000020,000000
000030,000020,000000
000030,000020,000000
000030,000020,000000
000030,000020,000000
000030,000020,000000
000030,000020,000000
000030,000020,000000
000030,000020,000000
000030,000020,000000
000030,000020,000000
000030,000020,000000
000030,000020,000000
000030,000020,000000
000030,000020,000000
000030,000020,000000
000030,000020,000000
000030,000020,000000
000030,000020,000000
000030,000020,000000
000030,000020,000000
000030,000020,000000
000030,000020,000000
000030,000020,000000
000030,000020,000000
000030,000020,000000
000030,000020,000000
000030,000020,000109
000030,000020,000109
000030,000020,000109
000030,000020,000000
000030,000020,000000
000030,000020,000000
000030,000020,000000
000030,000020,000000
000030,000020,000000
000030,000020,000000
000030,000020,000000
000030,000020,000000
000030,000020,000000
000030,000020,000000
000030,000020,000000
000030,000020,000000
000030,000020,000000
000030,000020,000000
000030,000020,000000
000030,000020,000000
000030,000020,000000
000030,000020,000000
000030,000020,000000
000030,000020,000000
000030,000020,000000
000030,000020,000000
000031,000020,000000
000030,000020,000000
000030,000020,000000
000030,000020,000000
000030,000020,000000
000030,000020,000000
000030,000020,000000
000030,000020,000000
000030,000020,000000
000030,000020,000000
000030,000020,000000
000031,000020,000000
000031,000020,000000
000030,000020,000000
000030,000020,000000
000030,000020,000000
000030,000020,000000
000030,000020,000000
000030,000020,000000
000030,000020,000000
000030,000020,000000
000030,000020,000000
000030,000020,000000
000030,000020,000000
000030,000020,000000
000030,000020,000000
000030,000020,000000
000030,000020,000000
000030,000020,000000
000030,000020,000000
000030,000020,000000
000030,000020,000000
000030,000020,000000
000030,000020,000000
000030,000020,000000
000030,000020,000000
000030,000020,000000
000030,000020,000000
000030,000020,000112
000030,000020,000112
000030,000020,000112
000030,000020,000000
000030,000020,000000
000030,000020,000000
000030,000020,000000
000030,000020,000102
000030,000020,000102
000030,000020,000219
000030,000020,000218
000030,000020,000110
000030,000020,000089
000030,000020,000089
000030,000020,000089
000030,000020,000000
000030,000020,000000
000030,000020,000134
000030,000020,000134
000030,000020,000194
000030,000020,000194
000030,000020,000197
000030,000020,000114
000030,000020,000114
000030,000020,000000
000030,000020,000000
000030,000020,000000
000030,000020,000289
000030,000020,000289
000030,000020,000195
000030,000020,000000
000030,000020,000000
000030,000020,000000
000030,000020,000000
000030,000020,000000
000030,000020,000106
000030,000020,000106
000030,000020,000106
000030,000020,000000
000030,000020,000000
000030,000020,000000
000030,000020,000000
000030,000020,000000
000030,000020,000000
000030,000020,000000
000030,000020,000000
000030,000020,000000
000030,000020,000000
000030,000020,000000
000031,000020,000000
000030,000020,000000
000031,000020,000000
000031,000020,000000
000031,000020,000092
000031,000020,000092
000031,000020,000092
000031,000020,000000
000031,000020,000000
000031,000020,000000
000031,000020,000000
000030,000020,000000
000030,000020,000000
000030,000020,000000
000031,000020,000000
000031,000020,000000
000030,000020,000000
000030,000020,000137
000030,000020,000137
000030,000020,000137
000030,000020,000131
000030,000020,003062
000030,000020,003211
000030,000020,000148
000030,000020,000148
000030,000020,000000
000030,000020,000000
000030,000020,000115
000030,000020,000115
000030,000020,000115
000030,000020,000000
000030,000020,000000
000030,000020,000000
000030,000020,000000
000030,000020,000000
000030,000020,000000
000030,000020,000000
000030,000020,000000
000030,000020,000000
000030,000020,000000
000030,000020,000000
000030,000020,000000
000030,000020,000104
000030,000020,000209
000030,000020,000209
000030,000020,000000
000030,000020,000000
000030,000020,000000
000030,000020,000000
000030,000020,000000
000030,000020,000000
000030,000020,000000
000030,000020,000000
000030,000020,000000
000030,000020,000000
000030,000020,000000
000030,000020,000000
000030,000020,000000
000030,000020,000000
000030,000020,000000
000030,000020,000000
000030,000020,000000
000030,000020,000000
000030,000020,000000
000030,000020,000000
000030,000020,000000
000030,000020,000000
000030,000020,000000
000030,000020,000000
000030,000020,000000
000030,000020,000000
000030,000020,000000
000030,000020,000000
000030,000020,000000
000030,000020,000000
000030,000020,000000
000030,000020,000098
000030,000020,000207
000030,000020,000207
000030,000020,000208
000030,000020,000247
000030,000020,000147
000030,000020,000147
000030,000020,000065
000030,000020,000065
000030,000020,000065
000030,000020,000000
000030,000020,000114
000030,000020,000212
000030,000020,000212
000030,000020,000098
000030,000020,000000
000030,000020,000000
000030,000020,000000
000030,000020,000000
000030,000020,000000
000030,000020,000000
000030,000020,000000
000030,000020,000000
000030,000020,000000
000030,000020,000000
000030,000020,000000
000030,000020,000000
000030,000040,000000
000030,000040,000000
000030,000020,000000
000030,000020,000000
000030,000020,000000
000030,000020,000000
000030,000020,000000
000030,000020,000000
000030,000020,000000
000030,000020,000000
000030,000020,000000
000030,000020,000060
000030,000020,000060
000030,000020,000060
000030,000040,000060
000030,000040,000000
000030,000020,000000
000030,000020,000105
000030,000020,000105
000030,000020,000210
000030,000020,000803
000030,000020,000803
000030,000020,000698
000030,000020,000124
000030,000020,000124
000030,000020,000124
000030,000020,000000
000030,000020,000000
000030,000020,000000
000030,000020,000000
000030,000060,000126
000030,000120,000126
000030,000080,000126
000030,000020,000126
000030,000020,000263
000030,000020,000137
000030,000020,000137
000030,000020,000137
000030,000020,000137
000030,000020,000000
000030,000020,000000
000030,000020,000000
000030,000020,000000
000030,000020,000000
000030,000020,000000
000030,000020,000000
000030,000020,000178
000030,000020,000178
000030,000020,000178
000030,000020,000178
000030,000020,000178
000030,000020,000000
000030,000020,000000
000030,000020,000061
000030,000020,000061
000030,000020,000061
000030,000020,000072
000030,000020,000072
000030,000020,000072
000030,000020,000000
000030,000020,000000
000030,000020,000000
000030,000020,000000
000030,000020,000000
000030,000020,000000
000030,000020,000000
000030,000020,000000
000030,000020,000064
000030,000020,000194
000030,000020,000290
000030,000020,000160
000030,000040,000160
000030,000480,000088
000030,000580,000000
000030,000700,000140
000030,000760,002535
000030,000720,002535
000030,000700,002860
000030,000720,003135
000030,000780,001730
000030,000800,001820
000030,000820,002306
000030,000860,001806
000030,000860,002083
000030,000840,001032
000030,000820,001192
000032,000820,001646
000032,000840,001614
000030,000860,001425
000030,000860,000714
000030,000880,001044
000002,000880,001003
000002,000880,000964
000030,000900,001259
000030,000900,006515
000030,000920,007120
000030,000920,004081
000030,000920,002188
000030,000920,001587
000030,000920,001323
000030,000920,001002
000030,000900,000856
000030,000880,000698
000030,000880,000674
000030,000880,000581
000030,000880,000507
000030,000880,000411
000030,000880,000357
000030,000900,000352
000030,000900,000327
000030,000880,000312
000030,000880,000287
000030,000860,000276
000030,000880,000262
000030,000880,000244
000030,000860,000234
000030,000840,000231
000030,000840,000235
000030,000740,000244
000030,000740,000256
000030,000520,000277
000030,000520,000318
000030,000260,000372
000030,000180,000446
000030,000100,000488
000030,000040,000591
000030,000040,000726
000030,000020,000901
000030,000020,001130
000030,000020,001392
000030,000020,001834
000030,000020,002181
000030,000020,002853
000030,000020,003616
000030,000020,005941
000030,000020,006836
000030,000020,006252
000030,000020,002880
000030,000020,000000
000030,000020,000000
000030,000040,000000
000030,000080,000000
000030,000060,000000
000030,000040,000000
000030,000020,000000
000030,000020,000000
000030,000020,000000
000030,000020,000000
000030,000020,000000
000030,000020,000000
000030,000020,000187
000030,000020,001398
000030,000020,005242
000030,000020,004594
000030,000020,004398
000030,000020,000418
000030,000020,000252
000030,000020,000346
000030,000020,001876
000030,000020,002451
000031,000020,001198
000030,000020,000928
000030,000040,000836
000030,000100,000924
000030,000100,001816
000030,000080,002042
000030,000100,001993
000030,000040,001798
000030,000040,000518
000030,000040,000103
000030,000040,000103
000030,000040,000103
000030,000040,000083
000030,000040,000083
000030,000040,000000
000030,000040,000000
000030,000040,000000
000030,000040,000000
000030,000040,000075
000030,000040,000075
000030,000040,000075
000030,000040,000000
000030,000040,000000
000030,000040,000000
000030,000040,000000
000030,000040,000000
000030,000040,000000
000030,000040,000000
000030,000040,000000
000030,000040,000000
000030,000040,000000
000030,000040,000000
000030,000040,000000
000030,000040,000000
000030,000040,000000
000030,000040,000000
000030,000040,000000
000030,000040,000000
000030,000040,000000
000030,000040,000000
000030,000040,000000
000030,000040,000000
000030,000040,000000
000030,000040,000000
000030,000020,000000
000030,000020,000000
000030,000140,000190
000030,000060,000190
000030,000100,000190
000030,000020,000190
000030,000040,000190
000030,000020,000000
000030,000020,000000
000030,000020,000000
000030,000020,000000
000030,000020,000000
000030,000020,000000
000030,000020,000000
000030,000020,000000
000030,000040,000000
000030,000020,000000
000030,000020,000000
000030,000020,000000
000030,000020,000000
000030,000020,000000
000030,000040,000000
000030,000040,000000
000030,000020,000000
000030,000020,000000
000030,000020,000000
000030,000020,000000
000030,000020,000000
000030,000040,000000
000030,000040,000000
000030,000020,000000
000030,000040,000000
000030,000080,000000
000030,000100,000000
000030,000100,000000
000030,000080,000000
000030,000020,000000
000030,000020,000000
000030,000020,000000
000030,000020,000000
000030,000020,000000
000030,000020,000000
000030,000020,000000
000030,000020,000000
000030,000020,000000
000030,000020,000000
000030,000020,000000
000030,000020,000000
000030,000020,000000
000030,000020,000000
000030,000020,000000
000030,000020,000000
000030,000020,000000
000030,000020,000000
000030,000040,000000
000030,000040,000000
000030,000020,000000
000030,000020,000000
000030,000020,000000
000030,000020,000000
000030,000020,000000
000030,000020,000000
000030,000020,000000
000030,000020,000000
000030,000020,000000
000030,000020,000000
000030,000020,000000
000030,000020,000000
000030,000020,000000
000030,000020,000000
000030,000020,000000
000030,000020,000000
000030,000020,000208
000030,000020,000208
000030,000020,000311
000030,000020,000201
000030,000020,000276
000030,000020,000173
000030,000020,000075
000030,000020,000000
000030,000020,000000
000030,000020,000000
000030,000020,000000
000030,000020,000000
000030,000020,000000
000030,000020,000000
000030,000020,000000
000030,000020,000000
000030,000100,000000
000030,000300,000152
000030,000520,000421
000030,000580,000610
000030,000620,000811
000030,000640,000659
000030,000660,000822
000030,000660,001676
000030,000720,002173
000030,000800,002042
000030,000840,001016
000030,000900,001440
000030,000940,001495
000030,000920,001494
000030,000940,000900
000030,000940,001310
000030,000940,001522
000030,000940,004455
000030,000940,003763
000030,000940,000478
000030,000920,001592
000030,000880,001549
000030,000880,001813
000030,000880,002698
000031,000900,003206
000031,000940,005200
000030,000940,003423
000030,000920,001654
000030,000880,000962
000031,000880,005152
000031,000880,005848
000031,000880,001536
000030,000880,001126
000030,000860,000618
000000,000860,000618
000000,000860,000618
000000,000860,000618
000000,000860,000618
000000,000860,000618
000000,000860,000618
000014,000860,000618
000003,000860,000618
000002,000860,000618
000000,000860,000618
000000,000860,000618
000063,000860,000618
000000,000860,000618
000015,000860,000618
000003,000860,000618
000070,000860,000618
000011,000860,000618
000002,000860,000618
000004,000880,000549
000002,000880,000549
000000,000880,000547
000016,000880,000744
000000,000880,000786
000030,000880,000786
000000,000880,000975
000001,000880,000957
000030,000880,000944
000016,000440,000948
000000,000440,000989
000000,000300,001066
000030,000200,001121
000030,000200,001288
000030,000200,001506
000030,000180,001731
000030,000060,001994
000030,000020,002095
000030,000020,002359
000030,000020,002593
000030,000020,003095
000030,000020,003402
000030,000040,003685
000030,000040,003999
000030,000040,004781
000030,000020,005154
000030,000020,006159
000030,000020,007915
000030,000020,005462
000030,000020,004247
000030,000020,000000
000030,000020,000000
000030,000020,000000
000030,000020,000115
000030,000020,000115
000030,000020,000000
000030,000020,000000
000030,000040,000000
000030,000040,000000
000030,000020,000000
000030,000020,000000
000030,000040,000000
000030,000040,000000
000030,000020,000000
000030,000020,000000
000030,000020,000092
000030,000020,000193
000030,000020,000193
000030,000020,000193
000030,000020,000100
000030,000020,000114
000030,000020,000122
000030,000020,000122
000030,000020,000008
000030,000020,000000
000030,000020,000000
000030,000020,000000
000030,000020,000000
000030,000020,000070
000030,000020,000171
000030,000020,000171
000030,000020,000100
000030,000020,000000
000030,000020,000000
000030,000020,000000
000030,000020,000000
000030,000020,000000
000030,000020,000000
000030,000020,000000
000030,000020,000000
000030,000020,000000
000030,000020,000000
000030,000020,000000
000030,000020,000000
000030,000020,000000
000030,000020,000000
000030,000020,000000
000030,000020,000000
000030,000020,000000
000030,000020,000000
000030,000020,000000
000030,000020,000000
000030,000020,000166
000030,000020,000166
000031,000020,000166
000030,000020,000171
000030,000020,001034
000030,000020,001128
000030,000020,000736
000030,000020,001155
000030,000020,001155
000030,000020,000708
000030,000020,000717
000030,000020,000798
000030,000020,000403
000030,000020,000371
000030,000020,000183
000030,000020,000183
000030,000020,000000
000030,000020,000000
000030,000020,000000
000030,000020,000094
000030,000020,000294
000030,000020,000294
000030,000020,000110
000030,000020,000000
000030,000020,000000
000030,000020,000000
000030,000020,000000
000030,000020,000000
000030,000020,000078
000030,000020,000078
000030,000020,000078
000030,000020,000000
000030,000020,000000
000030,000020,000142
000030,000020,002514
000030,000020,002739
000030,000020,002596
000030,000020,002470
000030,000020,000224
000030,000020,000120
000030,000020,000120
000030,000020,000000
000030,000020,000000
000030,000020,000000
000030,000020,000230
000030,000020,000230
000030,000020,000264
000030,000040,003090
000030,000020,003257
000030,000020,003756
000030,000020,000768
000030,000020,000608
000030,000080,000499
000030,000060,000000
000030,000100,000000
000030,000120,000000
000030,000120,000000
000030,000060,000000
000030,000020,000000
000030,000020,000183
000030,000020,000183
000030,000020,000400
000030,000020,000217
000030,000020,000102
000030,000020,000000
000030,000020,000000
000030,000020,000000
000030,000020,000082
000030,000020,000082
000030,000020,000082
000030,000020,000000
000030,000020,000000
000030,000020,000000
000030,000020,000000
000030,000020,000000
000030,000020,000000
000030,000020,000000
000030,000020,000000
000030,000020,000000
000030,000020,000000
000030,000020,000000
000030,000020,000000
000030,000020,000000
000030,000020,000000
000030,000020,000142
000030,000020,000223
000030,000020,000223
000030,000020,000080
000030,000020,000000
000030,000020,000000
000030,000020,000000
000030,000020,000000
000030,000020,000000
000030,000020,000000
000030,000020,000000
000030,000020,000000
000030,000020,000000
000030,000020,000000
000030,000020,000000
000030,000020,000000
000030,000020,000000
000030,000020,000000
000030,000020,000000
000030,000020,000000
000030,000020,000000
000030,000020,000000
000030,000020,000000
000030,000080,000000
000030,000040,000000
000030,000040,000000
000030,000040,000000
000030,000040,000000
000030,000040,000000
000030,000040,000000
000030,000040,000000
000030,000040,000115
000030,000040,000115
000030,000040,000115
000030,000040,000000
000030,000040,000000
000030,000040,000000
000030,000140,000000
000030,000640,000000
000030,000640,000961
000030,000740,001352
000030,000780,001934
000030,000780,003052
000030,000780,002921
000030,000920,002653
000018,000920,001650
000000,000920,000927
000000,000920,000988
000000,000920,001835
000008,000920,002174
000000,000880,002174
000000,000880,002152
000001,000880,001964
000000,000880,002304
000042,000880,002304
000000,000880,001447
000009,000880,001447
000000,000860,001447
000000,000860,001455
000000,000860,001628
000001,000860,001628
000002,000860,001218
000002,000860,001110
000094,000860,001216
000000,000860,001216
000000,000860,001808
000001,000860,001808
000003,000860,002389
000083,000860,002317
000000,000860,002317
000035,000860,002881
000001,000860,002881
000000,000860,003402
000030,000860,003402
000000,000860,002845
000000,000860,002319
000001,000860,002319
000000,000860,002728
000000,000860,002728
000125,000860,002728
000000,000860,001950
000025,000860,001950
000103,000860,001446
000000,000860,001446
000000,000860,001446
000000,000860,001274
000000,000860,001274
000000,000880,001274
000000,000880,000869
000000,000880,000869
000000,000880,000597
000000,000860,000597
000000,000860,000550
000000,000860,000643
000000,000860,000643
000013,000860,000708
000002,000860,000708
000000,000860,000708
000000,000860,000708
000011,000860,000708
000003,000860,000708
000017,000860,000708
000013,000860,000682
000013,000860,000682
000023,000860,000682
000009,000860,002145
000002,000860,002145
000010,000860,002145
000007,000860,001958
000034,000860,001958
000007,000860,001958
000000,000860,002398
000007,000860,002398
000000,000880,002398
000011,000880,002398
000002,000880,002398
000001,000880,002398
000022,000880,002398
000042,000880,002398
000002,000880,002398
000004,000880,001490
000011,000880,001490
000012,000880,001490
000002,000880,001676
000001,000900,001397
000000,000900,001397
000000,000900,001231
000000,000900,001231
000007,000900,001231
000000,000900,001801
000013,000900,001801
000001,000900,001801
000197,000900,001801
000002,000900,001801
000000,000900,001801
000030,000900,002277
000015,000900,002277
000001,000900,002277
000000,000900,002277
000069,000900,002277
000001,000900,002277
000000,000900,002277
000054,000880,002277
000002,000880,002277
000002,000880,001114
000046,000880,001114
000015,000880,000773
000001,000880,000773
000001,000880,000773
000000,000880,001584
000001,000880,001584
000000,000880,001584
000003,000880,001584
000004,000880,001584
000000,000880,001584
000000,000880,004606
000013,000880,004606
000013,000880,004606
000001,000880,004942
000021,000880,004942
000059,000880,004942
000084,000880,004404
000035,000880,004404
000001,000880,004404
000000,000880,004404
000069,000880,004404
000065,000880,004404
000005,000880,002092
000003,000880,002092
000206,000900,001744
000000,000900,001744
000000,000900,001744
000022,000900,001744
000000,000900,001252
000148,000880,001252
000242,000880,001252
000000,000880,001252
000250,000880,001252
000000,000880,001048
000000,000880,000969
000600,000900,000959
000041,000880,000959
000000,000880,000959
000000,000880,000959
000000,000880,000770
000000,000880,000770
000061,000880,000770
000226,000880,000680
000020,000880,000680
000004,000880,000655
000659,000880,000655
000001,000880,000655
000004,000880,000608
000054,000880,000580
000000,000860,000580
000004,000860,000580
000341,000860,000580
000000,000860,000580
000174,000860,000534
000016,000880,000534
000001,000880,000534
000000,000880,000512
000177,000900,000512
000224,000900,000504
000000,000900,000500
000001,000880,000499
000000,000880,000500
000001,000860,000500
000012,000860,000517
000000,000880,000517
000000,000880,000526
000049,000880,000526
000080,000880,000535
000000,000880,000535
000082,000860,000521
000031,000860,000517
000254,000860,000503
000003,000840,000503
000049,000840,000495
000051,000840,000495
000000,000840,000483
000000,000840,000483
000103,000840,000478
000000,000840,000478
000001,000840,000478
000000,000840,000486
000003,000840,000486
000000,000840,000486
000071,000820,000492
000031,000820,000512
000000,000820,000518
000000,000820,000518
000004,000820,000518
000026,000820,000522
000003,000820,000522
000002,000820,000522
000003,000820,000522
000009,000820,000522
000001,000800,000522
000001,000800,000520
000022,000800,000520
000000,000800,000520
000001,000800,000520
000004,000800,000537
000001,000800,000537
000019,000800,000537
000001,000800,000537
000014,000800,000557
000000,000800,000557
000001,000800,000557
000000,000800,000557
000003,000800,000557
000001,000800,000611
000002,000800,000611
000001,000800,000611
000001,000800,000611
000001,000780,000611
000000,000780,000612
000012,000780,000612
000000,000780,000612
000030,000800,000612
000004,000800,000626
000000,000800,000626
000001,000800,000624
000001,000800,000624
000003,000800,000631
000021,000800,000631
000004,000800,000631
000099,000800,000631
000008,000800,000631
000000,000800,000664
000000,000820,000662
000001,000820,000662
000209,000820,000665
000110,000800,000665
000000,000800,000665
000006,000800,000665
000002,000800,000665
000002,000800,000688
000040,000800,000688
000002,000800,000688
000224,000800,000700
000000,000800,000700
000000,000800,000700
000003,000820,000700
000065,000820,000700
000106,000820,000722
000000,000820,000722
000000,000820,000731
000006,000820,000715
000005,000820,000715
000205,000820,000715
000346,000820,000702
000001,000780,000702
000015,000780,000702
000000,000780,000702
000000,000780,000692
000000,000640,000692
000049,000420,000726
000004,000420,000756
000428,000420,000798
000428,000280,000915
000428,000240,001043
000030,000200,001133
000030,000180,001320
000030,000180,001601
000030,000160,001943
000030,000120,002380
000030,000080,002665
000030,000040,003211
000030,000020,003868
000030,000020,005146
000030,000020,006228
000030,000020,008671
000030,000020,007167
000030,000060,007167
000030,000040,007167
000030,000040,003538
000030,000040,000000
000030,000080,000000
000030,000060,000000
000030,000040,000000
000030,000020,000000
000030,000020,000000
000030,000020,000000
000030,000020,000000
000030,000020,000000
000030,000020,000000
000030,000020,000000
000030,000020,000000
000030,000020,000000
000030,000020,003409
000030,000020,007014
000030,000020,006960
000030,000020,000000
000030,000020,000000
000030,000020,000000
000030,000020,000000
000030,000020,000000
000030,000020,000000
000030,000020,000000
000030,000020,000000
000030,000020,000075
000030,000020,000176
000030,000020,000176
000030,000020,000100
000030,000020,000000
000030,000020,000191
000030,000020,000191
000030,000020,000163
000030,000020,000181
000030,000020,000181
000030,000020,000300
000030,000040,000300
000030,000020,002426
000030,000020,002426
000030,000040,002308
000030,000040,000000
000030,000060,000000
000030,000060,000000
000030,000060,000000
000030,000060,000000
000030,000060,000000
000030,000060,000000
000030,000040,000000
000030,000020,000000
000030,000020,000000
000030,000020,000087
000030,000020,000154
000030,000020,000154
000030,000020,000067
000030,000020,000000
000030,000020,000077
000030,000020,000165
000030,000020,000242
000030,000020,000164
000030,000020,000164
000030,000020,000201
000030,000020,000201
000030,000020,000201
000030,000040,000284
000030,000040,000284
000030,000060,000172
000030,000100,000172
000030,000100,000256
000030,000100,000256
000030,000120,000173
000030,000120,000083
000030,000120,000083
000030,000100,000083
000030,000100,000000
000030,000100,000000
000030,000100,000000
000030,000100,000000
000030,000100,000036
000030,000100,000036
000030,000100,000036
000030,000100,000036
000030,000080,000044
000030,000080,000122
000030,000100,000122
000030,000120,000188
000030,000120,000180
000030,000120,000180
000030,000120,000065
000030,000120,000065
000030,000100,000000
000030,000100,000000
000030,000100,000000
000030,000100,000000
000030,000100,000000
000030,000080,000000
000030,000080,000000
000030,000080,000000
000030,000080,000000
000030,000080,000000
000030,000100,000000
000030,000080,000000
000030,000080,000100
000030,000100,000100
000030,000080,000100
000030,000080,000100
000030,000080,000188
000030,000080,000088
000030,000080,000088
000030,000080,000088
000030,000080,000106
000030,000080,000106
000030,000080,000106
000030,000080,000106
000030,000080,000000
000030,000080,000103
000030,000080,000103
000030,000080,000103
000030,000060,000103
000030,000060,000204
000030,000060,000204
000030,000060,000204
000030,000060,000297
000030,000080,000196
000030,000060,000196
000030,000060,000196
000030,000060,000123
000030,000060,000123
000030,000080,000123
000030,000080,000330
000030,000080,000330
000030,000080,000207
000030,000080,000207
000030,000100,000207
000030,000100,000110
000030,000100,000000
000030,000080,000000
000030,000080,000000
000030,000080,000000
000030,000080,000000
000030,000080,000000
000030,000080,000000
000030,000060,000000
000030,000040,000000
000030,000040,000000
000030,000060,000000
000030,000060,000000
000030,000060,000083
000030,000060,000083
000030,000040,000083
000030,000040,000083
000030,000020,000083
000030,000020,000000
000030,000020,000000
000030,000020,000000
000030,000020,000000
000030,000020,000000
000030,000020,000000
000030,000020,000000
000030,000020,000000
000030,000020,000000
000030,000020,000081
000030,000020,000440
000030,000020,001537
000030,000020,001276
000030,000020,000097
000030,000020,000206
000030,000040,000260
000031,000060,000260
000031,000040,000295
000031,000040,000904
000030,000060,000994
000030,000080,001350
000030,000100,001072
000030,000100,002594
000030,000140,002703
000030,000140,003276
000030,000140,002535
000030,000140,003193
000031,000140,002548
000031,000140,001561
000031,000140,000805
000031,000140,000805
000030,000140,000805
000031,000120,000805
000031,000120,000805
000031,000120,000805
000031,000120,000924
000031,000100,000155
000031,000100,000097
000031,000100,000097
000031,000100,000097
000031,000120,000000
000031,000120,000000
000031,000100,000000
000031,000100,000097
000031,000120,000097
000031,000120,000228
000031,000120,000228
000031,000120,000130
000031,000120,000000
000031,000100,001236
000031,000120,001236
000031,000100,001236
000031,000100,000114
000031,000100,000114
000031,000100,000114
000031,000100,000114
000031,000100,000000
000031,000100,000000
000031,000120,000144
000031,000120,000144
000031,000120,000342
000031,000140,001519
000031,000140,003439
000031,000160,003439
000031,000160,000277
000032,000140,000538
000032,000160,000568
000032,000160,000420
000030,000140,000353
000030,000140,000194
000031,000140,000332
000031,000120,000137
000031,000120,000224
000031,000160,000223
000031,000140,000223
000031,000140,000212
000031,000140,000212
000031,000140,000180
000031,000140,000195
000031,000140,000470
000031,000120,000366
000031,000120,000506
000031,000140,001109
000031,000140,001484
000031,000140,002088
000031,000140,001448
000031,000140,001548
000031,000140,001293
000031,000160,001846
000031,000160,001456
000031,000140,001664
000031,000140,001696
000031,000160,002018
000031,000140,001510
000031,000140,000492
000031,000140,002103
000031,000140,002302
000031,000140,001028
000031,000140,000296
000031,000160,000098
000031,000140,000098
000031,000160,000190
000031,000160,000983
000031,000140,001257
000031,000140,001532
000031,000140,002208
000031,000140,002294
000031,000140,002518
000031,000160,002923
000031,000160,003229
000031,000160,003321
000031,000160,001986
000031,000180,001502
000031,000180,003994
000031,000180,004570
000031,000180,004119
000031,000180,001190
000031,000160,000090
000031,000160,000878
000031,000160,002276
000031,000180,001613
000031,000180,001474
000031,000200,000076
000031,000220,000000
000031,000220,000106
000031,000220,000222
000032,000200,000222
000032,000200,000894
000032,000200,000778
000032,000200,000605
000031,000200,000000
000031,000200,000000
000031,000220,000000
000031,000200,000132
000031,000200,000289
000032,000200,000860
000032,000220,001990
000408,000200,001937
000408,000200,002202
000031,000200,001317
000031,000180,001263
000031,000160,000854
000031,000160,000511
000031,000160,000000
000031,000160,000000
000031,000160,000000
000032,000160,000000
000032,000180,000000
000031,000180,000000
000031,000180,000000
000031,000200,000000
000031,000220,000000
000032,000220,000000
000032,000200,000118
000032,000200,000118
000032,000200,000118
000031,000200,000118
000031,000200,000185
000031,000200,000185
000031,000180,003868
000031,000180,006625
000031,000180,006625
000031,000180,003049
000033,000180,000108
000033,000180,000108
000032,000180,000108
000032,000180,000000
000032,000180,000000
000032,000180,000000
000895,000180,000199
000895,000180,000199
000541,000200,000199
000541,000200,000000
000541,000200,000000
000031,000200,000107
000031,000200,000398
000032,000200,000398
000032,000200,000095
000032,000200,000095
000032,000200,000095
000032,000200,000094
000033,000200,000359
000033,000200,000359
000032,000180,000529
000032,000180,000170
000032,000200,000170
000032,000200,000101
000033,000220,000406
000033,000240,000947
000033,000260,002189
000032,000260,002290
000032,000260,001749
000032,000260,000406
000032,000260,000000
000032,000240,000000
000032,000240,000172
000032,000240,001512
000503,000220,002624
000503,000220,003396
000027,000220,002132
000027,000220,001164
000450,000220,001189
000450,000200,001556
000450,000200,001633
000702,000220,001424
000702,000220,004911
000033,000220,006844
000033,000220,006754
000031,000200,002863
000717,000180,000000
000717,000200,000000
000032,000180,000000
000032,000180,000000
000466,000160,000000
000031,000160,000162
000031,000140,000162
000032,000140,000329
000032,000120,006135
000032,000100,006135
000031,000100,005968
000031,000120,000171
000031,000120,000171
000031,000120,000171
000031,000140,000000
000031,000140,000186
000031,000100,000186
000030,000100,000186
000030,000080,000000
000030,000060,000000
000030,000060,000077
000030,000040,000077
000030,000040,001194
000030,000040,001117
000030,000020,001117
000030,000020,001072
000030,000020,000000
000030,000020,000000
000030,000020,000000
000030,000020,000000
000030,000020,000032
000030,000020,000032
000030,000020,000112
000030,000020,000219
000030,000020,000431
000030,000020,000400
000030,000020,000276
000030,000020,000075
000030,000020,000000
000030,000020,000440
000030,000020,000440
000030,000020,000440
000030,000020,000496
000030,000020,000125
000030,000020,000125
000030,000020,000000
000030,000020,000000
000030,000020,000000
000030,000020,000000
000030,000020,000196
000030,000020,000551
000030,000020,000592
000030,000040,000353
000030,000040,000110
000030,000040,000000
000030,000020,000000
000030,000020,000000
000030,000020,000000
000030,000020,000000
000030,000020,000120
000030,000020,000247
000030,000020,000518
000030,000020,000397
000030,000020,000397
000030,000040,000352
000030,000020,000082
000030,000020,000139
000030,000020,000139
000030,000020,000057
000030,000020,000057
000030,000020,000000
000030,000020,000000
000030,000020,000000
000030,000020,000000
000030,000020,000000
000030,000020,000000
000030,000020,000000
000030,000020,000000
000030,000020,000000
000030,000020,000000
000030,000020,000000
000030,000020,000000
000030,000020,000000
000030,000020,000000
000030,000020,000000
000030,000020,000106
000030,000020,000106
000030,000020,000210
000030,000020,000222
000030,000020,000287
000030,000020,000064
000030,000020,000292
000030,000020,000325
000030,000020,000325
000030,000020,000098
000030,000020,000000
000030,000020,000000
000030,000020,000000
000030,000020,000000
000030,000020,000000
000030,000020,000000
000030,000020,000125
000030,000020,000125
000030,000020,000006
000030,000020,000000
000030,000020,000000
000030,000020,000000
000030,000020,000104
000030,000020,000104
000030,000020,000104
000030,000020,000107
000030,000020,000107
000030,000020,000164
000030,000020,000252
000030,000020,000202
000030,000020,000087
000030,000020,000000
000030,000020,000099
000030,000020,000099
000030,000020,000099
000030,000020,000000
000030,000020,000000
000030,000020,000000
000030,000020,000000
000030,000020,000000
000030,000020,000000
000030,000020,000000
000030,000020,000000
000030,000020,000000
000030,000020,000000
000030,000020,000092
000030,000020,000092
000030,000020,000207
000030,000020,000115
000030,000020,000204
000030,000020,000088
000030,000020,000088
000030,000020,000000
000030,000020,000000
000030,000020,000000
000030,000020,000000
000030,000020,000000
000030,000020,000000
000030,000020,000000
000030,000020,000000
000030,000020,000000
000030,000020,000000
000030,000020,000000
000030,000020,000000
000030,000020,000000
000030,000020,000000
000030,000020,000000
000030,000020,000093
000030,000020,000093
000030,000020,000093
000030,000020,000093
000030,000060,000000
000030,000040,000000
000030,000080,000000
000030,000040,000000
000030,000020,000000
000030,000020,000000
000030,000020,000000
000030,000020,000000
000030,000020,000000
000030,000020,000000
000030,000020,000000
000030,000020,000000
000030,000020,000000
000030,000020,000000
000030,000020,000000
000030,000020,000000
000030,000020,000000
000030,000020,000000
000030,000020,000297
000030,000020,000297
000030,000020,000225
000030,000020,000307
000030,000020,000383
000030,000020,000309
000030,000020,000302
000030,000020,001692
000030,000020,001586
000030,000020,000000
000030,000020,000000
000030,000020,000000
000030,000020,000000
000030,000020,000000
000030,000020,000000
000030,000020,000000
000030,000020,000951
000030,000020,000951
000030,000020,000888
000030,000020,000000
000030,000020,000169
000030,000020,000169
000030,000020,000169
000030,000020,000000
000030,000020,000000
000030,000020,000000
000030,000020,000000
000030,000020,000159
000030,000020,000274
000030,000020,000219
000030,000020,000057
000030,000020,000057
000030,000020,000057
000030,000020,000000
000030,000020,000000
000030,000020,000000
000030,000020,000000
000030,000020,000000
000030,000020,000000
000030,000020,000000
000030,000020,000000
000030,000020,000000
000030,000020,000000
000030,000020,000000
000030,000020,000027
000030,000020,000027
000030,000020,000027
000030,000020,000175
000030,000020,000175
000030,000020,000112
000030,000020,000036
000030,000020,000036
000030,000020,000036
000030,000020,000000
000030,000020,000000
000030,000020,000000
000030,000020,000000
000030,000020,000000
000030,000020,000000
000030,000020,000000
000030,000020,000000
000030,000020,000000
000030,000020,000000
000030,000020,000000
000030,000020,000000
000030,000020,000000
000030,000020,000000
000030,000020,000000
000030,000020,000095
000030,000020,001335
000030,000020,001335
000030,000020,000000
000030,000020,000000
000030,000020,000000
000030,000020,000079
000030,000020,000079
000030,000020,000000
000030,000020,000000
000030,000020,000000
000030,000020,000000
000030,000020,000000
000030,000020,000000
000030,000020,000072
000030,000020,000072
000030,000020,000000
000030,000020,000000
000030,000020,000000
000030,000020,000000
000030,000020,000080
000030,000020,000080
000030,000020,000080
000030,000020,000000
000030,000020,000213
000030,000020,002284
000030,000020,002070
000030,000020,002070
000030,000020,000000
000030,000020,000000
000030,000020,000094
000030,000020,000094
000030,000020,000094
000030,000020,000000
000030,000020,000000
000030,000020,000000
000030,000020,000000
000030,000020,000000
000030,000020,000170
000030,000020,000170
000030,000020,000175
000030,000020,000093
000030,000020,000102
000030,000020,000239
000030,000020,000239
000030,000020,000000
000030,000020,000116
000030,000020,000116
000030,000020,000116
000030,000020,000097
000030,000020,001360
000030,000020,001360
000030,000020,000112
000030,000020,000112
000030,000020,000210
000030,000020,000097
000030,000020,000097
000030,000020,000073
000030,000020,000111
000030,000020,000213
000030,000020,000139
000030,000020,000102
000030,000020,000000
000030,000020,000164
000030,000020,000187
000030,000020,000152
000030,000020,000075
000030,000020,000000
000030,000020,000000
000030,000020,000102
000030,000020,000102
000030,000020,000219
000030,000020,000117
000030,000020,000117
000030,000020,000238
000030,000020,000238
000030,000020,000130
000030,000020,000000
000030,000020,000000
000030,000020,000000
000030,000020,000000
000030,000020,00000
000030,000020,000000
000030,000020,000000
000030,000020,000111
000030,000020,000111
000030,000020,000072
000030,000020,000072
000030,000020,000072
000030,000020,000334
000030,000020,000334
000030,000020,000119
000030,000020,000000
000030,000020,000000
000030,000020,000000
000030,000020,000000
000030,000020,000000
000030,000020,000000
000030,000020,000000
000030,000020,000112
000030,000020,000112
000030,000020,000000
000030,000020,000100
000030,000020,000100
000030,000020,000000
000030,000020,000090
000030,000020,000090
000030,000020,000102
000030,000020,000102
000030,000020,000220
000030,000020,000216
000030,000020,000097
000030,000020,000120
000030,000020,000120
000030,000020,000120
000030,000020,000000
000030,000020,000192
000030,000020,000192
000030,000020,000075
000030,000020,000000
000030,000020,000000
000030,000020,000000
000030,000020,000000
000030,000020,000000
000030,000020,000000
000030,000020,000000
000030,000020,000000
000030,000020,000000
000030,000020,000000
000030,000020,000000
000030,000020,000090
000030,000020,000090
000030,000020,000000
000030,000020,000000
000030,000020,000070
000030,000020,000178
000030,000020,000214
000030,000020,000106
000030,000020,000000
000030,000020,000113
000030,000020,000197
000030,000020,000302
000030,000020,000328
000030,000020,000139
000030,000020,000139
000030,000020,000094
000030,000020,000202
000030,000020,000166
000030,000020,000058
000030,000020,000058
000030,000020,000000
000030,000020,000106
000030,000020,000106
000030,000020,000000
000030,000020,000000
000030,000020,000000
000030,000020,000000
000030,000020,000000
000030,000020,000000
000030,000020,000000
000030,000020,000000
000030,000020,000000
000030,000020,000000
000030,000020,000000
000030,000020,000063
000030,000020,000118
000030,000020,000114
000030,000020,000058
000030,000020,000000
000030,000020,000064
000030,000020,000064
