timestamp,year,month,day,hour,minute,second,longitude,latitude,altitude,groundspeed,airspeed,AoA,SLIP,outside pres,outside temp,AGL,rpm,pitch,roll,yaw,fairing temp,fairing pres,fairing hum,ELV,RUD,ELVtrim,RUDtrim,voltage,current,torque,power,thrust
11,0,0,0,9,0,0,0.000000,0.000000,0.00,0.00,0.00,0.00,-69.60,1076,20,24,0,-1.69,-0.13,359.37,19,1010.33,44,90,90,90,90,7.49,0.53,0.00,0.00,0.00
11,0,0,0,9,0,0,0.000000,0.000000,0.00,0.00,0.00,0.00,-69.60,1076,20,24,0,-1.69,-0.13,359.37,19,1010.32,44,90,90,90,90,7.49,0.53,0.00,0.00,0.00
11,0,0,0,9,0,0,0.000000,0.000000,0.00,0.00,0.00,0.00,-69.60,1076,20,24,0,-1.69,-0.13,359.37,19,1010.34,44,90,90,90,90,7.49,0.53,0.00,0.00,0.00
11,0,0,0,9,0,0,0.000000,0.000000,0.00,0.00,0.00,0.00,-74.60,1076,20,24,0,-1.69,-0.13,359.37,19,1010.34,44,90,90,90,90,7.49,0.53,0.00,0.00,0.00
11,0,0,0,9,0,0,0.000000,0.000000,0.00,0.00,0.00,0.00,-64.60,1076,20,26,0,-1.63,-0.13,359.37,19,1010.31,44,90,90,90,90,7.49,0.53,0.00,0.00,0.00
11,0,0,0,9,0,0,0.000000,0.000000,0.00,0.00,0.00,0.00,-63.60,1076,20,24,0,-1.63,-0.13,359.37,19,1010.31,44,90,90,90,90,7.52,0.76,0.00,0.00,0.00
11,0,0,0,9,0,0,0.000000,0.000000,0.00,0.00,0.00,0.00,-61.60,1076,20,24,0,-1.63,-0.13,359.37,19,1010.33,44,90,90,90,90,7.52,0.76,0.00,0.00,0.00
12,0,0,0,9,0,0,0.000000,0.000000,0.00,0.00,0.00,0.00,-60.60,1076,20,24,0,-1.69,-0.13,359.37,19,1010.31,44,90,90,90,90,7.52,0.76,0.00,0.00,0.00
12,0,0,0,9,0,0,0.000000,0.000000,0.00,0.00,0.00,-41.50,-57.60,1076,20,24,0,-1.69,-0.13,359.37,19,1010.32,44,90,90,90,90,7.52,0.76,0.00,0.00,0.00
12,0,0,0,9,0,0,0.000000,0.000000,0.00,0.00,0.00,-41.50,-57.60,1076,20,24,0,-1.69,-0.13,359.37,19,1010.32,44,90,90,90,90,7.52,0.76,0.00,0.00,0.00
12,0,0,0,9,0,0,0.000000,0.000000,0.00,0.00,0.00,-41.50,-57.60,1076,20,24,0,-1.69,-0.13,359.37,19,1010.32,44,90,90,90,90,7.51,0.55,0.00,0.00,0.00
12,0,0,0,9,0,0,0.000000,0.000000,0.00,0.00,0.00,-41.50,-57.60,1076,20,24,0,-1.69,-0.13,359.37,19,1010.30,44,90,90,90,90,7.56,0.42,0.00,0.00,0.00
12,0,0,0,9,0,0,0.000000,0.000000,0.00,0.00,0.00,-41.50,-57.60,1076,20,24,0,-1.69,-0.13,359.37,19,1010.32,44,90,90,90,90,7.56,0.25,0.00,0.00,0.00
12,0,0,0,9,0,0,0.000000,0.000000,0.00,0.00,0.00,-41.50,-57.60,1076,20,24,0,-1.69,-0.13,359.31,19,1010.31,44,90,90,90,90,7.56,0.25,0.00,0.00,0.00
12,0,0,0,9,0,0,0.000000,0.000000,0.00,0.00,0.00,-41.50,-57.60,1076,20,24,0,-1.69,-0.13,359.31,19,1010.30,44,90,90,90,90,7.56,0.25,0.00,0.00,0.00
12,0,0,0,9,0,0,0.000000,0.000000,0.00,0.00,0.00,0.00,-52.60,1076,20,24,0,-1.69,-0.13,359.31,19,1010.33,44,90,90,90,90,7.56,0.25,0.00,0.00,0.00
13,0,0,0,9,0,0,0.000000,0.000000,0.00,0.00,0.00,0.00,-52.60,1076,20,24,0,-1.69,-0.13,359.31,19,1010.32,44,90,90,90,90,7.49,0.60,0.00,0.00,0.00
76,2080,1,5,5,4,32,35.024166,135.779678,46.00,0.00,0.52,-58.40,-32.40,1144,17,34,0,-2.69,3.06,359.56,15,1014.92,62,90,90,90,90,7.51,0.49,0.00,0.00,0.00
76,2080,1,5,5,4,32,35.024166,135.779678,46.00,0.00,0.52,-58.40,-32.40,1144,17,34,0,-2.69,3.06,359.56,15,1014.92,62,90,90,90,90,7.51,0.49,0.00,0.00,0.00
76,2080,1,5,5,4,32,35.024166,135.779678,46.00,0.00,0.52,-58.40,-32.40,1144,17,34,0,-2.69,3.06,359.56,15,1014.92,62,90,90,90,90,7.51,0.49,0.00,0.00,0.00
76,2080,1,5,5,4,32,35.024166,135.779678,46.00,0.00,0.52,-58.40,-32.40,1144,17,34,0,-2.69,3.06,359.56,15,1014.91,62,90,90,90,90,7.52,0.20,0.00,0.00,0.00
76,2080,1,5,5,4,32,35.024166,135.779678,46.00,0.00,0.52,-58.40,-32.40,1144,17,34,0,-2.69,3.06,359.56,15,1014.90,62,90,90,90,90,7.52,0.20,0.00,0.00,0.00
76,2080,1,5,5,4,32,35.024166,135.779678,46.00,0.00,0.52,-58.40,-32.40,1144,17,34,0,-2.69,3.06,359.56,15,1014.88,62,90,90,90,90,7.53,0.12,0.00,0.00,0.00
76,2080,1,5,5,4,32,35.024166,135.779678,46.00,0.00,0.52,-58.40,-32.40,1144,17,34,0,-2.69,3.06,359.56,15,1014.88,62,90,90,90,90,7.53,0.12,0.00,0.00,0.00
76,2080,1,5,5,4,32,35.024166,135.779678,46.00,0.00,0.52,-58.40,-32.40,1144,17,34,0,-2.69,3.06,359.56,15,1014.91,62,90,90,90,90,7.53,0.12,0.00,0.00,0.00
77,2080,1,5,5,4,32,35.024166,135.779678,46.00,0.00,0.52,-58.40,-32.40,1144,17,34,0,-2.69,3.06,359.56,15,1014.89,62,90,90,90,90,7.52,0.30,0.00,0.00,0.00
77,2080,1,5,5,4,32,35.024166,135.779678,46.00,0.00,0.52,-58.40,-32.40,1144,17,34,0,-2.69,3.06,359.56,15,1014.90,62,90,90,90,90,7.52,0.30,0.00,0.00,0.00
77,2080,1,5,5,4,32,35.024166,135.779678,46.00,0.00,0.52,-58.40,-32.40,1144,17,34,0,-2.69,3.06,359.56,15,1014.91,62,90,90,90,90,7.54,0.11,0.00,0.00,0.00
77,2080,1,5,5,4,32,35.024166,135.779678,46.00,0.00,0.52,-58.40,-32.40,1144,17,34,0,-2.69,3.06,359.56,15,1014.91,62,90,90,90,90,7.54,0.13,0.00,0.00,0.00
77,2080,1,5,5,4,32,35.024166,135.779678,46.00,0.00,0.52,-58.40,-32.40,1144,17,34,0,-2.69,3.06,359.56,15,1014.91,62,90,90,90,90,7.51,0.18,0.00,0.00,0.00
77,2080,1,5,5,4,32,35.024166,135.779678,46.00,0.00,0.52,-58.40,-32.40,1144,17,34,0,-2.69,3.06,359.56,15,1014.90,62,90,90,90,90,7.51,0.18,0.00,0.00,0.00
77,2080,1,5,5,4,32,35.024166,135.779678,46.00,0.00,0.52,-58.40,-32.40,1144,17,34,0,-2.69,3.06,359.56,15,1014.90,62,90,90,90,90,7.51,0.18,0.00,0.00,0.00
77,2080,1,5,5,4,32,35.024166,135.779678,46.00,0.00,0.90,-38.70,-27.40,1144,17,34,0,-2.69,3.06,359.56,15,1014.91,62,90,90,90,90,7.51,0.18,0.00,0.00,0.00
78,2080,1,5,5,4,32,35.024166,135.779678,46.00,0.00,0.96,-36.60,-25.40,1144,17,34,0,-2.69,3.06,359.56,15,1014.92,62,90,90,90,90,7.51,0.18,0.00,0.00,0.00
78,2080,1,5,5,4,32,35.024166,135.779678,46.00,0.00,0.70,-32.70,-18.40,1144,17,34,0,-2.69,3.06,359.56,15,1014.92,62,90,90,90,90,7.51,0.18,0.00,0.00,0.00
78,2080,1,5,5,4,32,35.024166,135.779678,46.00,0.00,0.57,-32.40,-17.40,1144,17,34,0,-2.69,3.06,359.56,15,1014.91,62,90,90,90,90,7.52,0.32,0.00,0.00,0.00
78,2080,1,5,5,4,32,35.024166,135.779678,46.00,0.00,0.36,-32.40,-18.40,1144,17,34,0,-2.69,3.06,359.56,15,1014.89,62,90,90,90,90,7.52,0.32,0.00,0.00,0.00
78,2080,1,5,5,4,32,35.024166,135.779678,46.00,0.00,0.59,-32.40,-18.40,1144,17,34,0,-2.69,3.06,359.56,15,1014.93,62,90,90,90,90,7.52,0.32,0.00,0.00,0.00
78,2080,1,5,5,4,32,35.024166,135.779678,46.00,0.00,0.52,-32.40,-18.40,1144,17,34,0,-2.69,3.06,359.56,15,1014.91,62,90,90,90,90,7.52,0.32,0.00,0.00,0.00
78,2080,1,5,5,4,32,35.024166,135.779678,46.00,0.00,0.52,-32.40,-18.40,1144,17,34,0,-2.69,3.06,359.56,15,1014.91,62,90,90,90,90,7.52,0.32,0.00,0.00,0.00
78,2080,1,5,5,4,32,35.024166,135.779678,46.00,0.00,0.59,-32.40,-18.40,1144,17,34,0,-2.69,3.06,359.56,15,1014.91,62,90,90,90,90,7.52,0.36,0.00,0.00,0.00
78,2080,1,5,5,4,32,35.024166,135.779678,46.00,0.00,0.68,-32.40,-18.40,1144,17,34,0,-2.69,3.06,359.56,15,1014.92,62,90,90,90,90,7.51,0.27,0.00,0.00,0.00
79,2080,1,5,5,4,32,35.024166,135.779678,46.00,0.00,0.52,-32.70,-19.40,1144,17,34,0,-2.69,3.06,359.56,15,1014.88,62,90,90,90,90,7.53,0.12,0.00,0.00,0.00
79,2080,1,5,5,4,32,35.024166,135.779678,46.00,0.00,0.49,-33.40,-19.40,1144,17,34,0,-2.69,3.06,359.56,15,1014.91,62,90,90,90,90,7.53,0.12,0.00,0.00,0.00
79,2080,1,5,5,4,32,35.024166,135.779678,46.00,0.00,0.77,-33.80,-19.40,1144,17,34,0,-2.69,3.06,359.56,15,1014.93,62,90,90,90,90,7.53,0.12,0.00,0.00,0.00
79,2080,1,5,5,4,32,35.024166,135.779678,46.00,0.00,1.15,-34.90,-22.40,1144,17,34,0,-2.69,3.06,359.56,15,1014.91,62,90,90,90,90,7.53,0.12,0.00,0.00,0.00
79,2080,1,5,5,4,32,35.024166,135.779678,46.00,0.00,1.11,-34.90,-25.40,1144,17,34,0,-2.69,3.06,359.56,15,1014.92,62,90,90,90,90,7.53,0.33,0.00,0.00,0.00
79,2080,1,5,5,4,32,35.024166,135.779678,46.00,0.00,0.87,-34.90,-27.40,1144,17,34,0,-2.69,3.06,359.56,15,1014.92,62,90,90,90,90,7.51,0.25,0.00,0.00,0.00
79,2080,1,5,5,4,32,35.024166,135.779678,46.00,0.00,1.20,-34.50,-28.40,1144,17,34,0,-2.69,3.06,359.56,15,1014.92,62,90,90,90,90,7.53,0.10,0.00,0.00,0.00
79,2080,1,5,5,4,32,35.024166,135.779678,46.00,0.00,1.20,-34.50,-28.40,1144,17,34,0,-2.69,3.06,359.56,15,1014.90,62,90,90,90,90,7.52,0.25,0.00,0.00,0.00
80,2080,1,5,5,4,32,35.024166,135.779678,46.00,0.00,1.20,-34.50,-28.40,1144,17,34,0,-2.69,3.06,359.56,15,1014.91,62,90,90,90,90,7.52,0.25,0.00,0.00,0.00
80,2080,1,5,5,4,32,35.024166,135.779678,46.00,0.00,1.37,-39.40,-27.40,1144,17,34,0,-2.69,3.06,359.56,15,1014.91,62,90,90,90,90,7.52,0.25,0.00,0.00,0.00
80,2080,1,5,5,4,32,35.024166,135.779678,46.00,0.00,1.37,-39.40,-27.40,1144,17,34,0,-2.69,3.06,359.56,15,1014.89,62,90,90,90,90,7.52,0.25,0.00,0.00,0.00
80,2080,1,5,5,4,32,35.024166,135.779678,46.00,0.00,1.37,-39.40,-27.40,1144,17,34,0,-2.69,3.06,359.56,15,1014.89,62,90,90,90,90,7.52,0.25,0.00,0.00,0.00
80,2080,1,5,5,4,32,35.024166,135.779678,46.00,0.00,1.37,-39.40,-27.40,1144,17,34,0,-2.69,3.06,359.56,15,1014.89,62,90,90,90,90,7.52,0.25,0.00,0.00,0.00
80,2080,1,5,5,4,32,35.024166,135.779678,46.00,0.00,1.37,-39.40,-27.40,1144,17,34,0,-2.69,3.06,359.56,15,1014.91,62,90,90,90,90,7.52,0.25,0.00,0.00,0.00
80,2080,1,5,5,4,32,35.024166,135.779678,46.00,0.00,1.37,-39.40,-27.40,1144,17,34,0,-2.69,3.06,359.56,15,1014.90,62,90,90,90,90,7.51,0.46,0.00,0.00,0.00
80,2080,1,5,5,4,32,35.024166,135.779678,46.00,0.00,1.37,-39.40,-27.40,1144,17,34,0,-2.69,3.06,359.56,15,1014.89,62,90,90,90,90,7.51,0.46,0.00,0.00,0.00
80,2080,1,5,5,4,32,35.024166,135.779678,46.00,0.00,1.37,-39.40,-27.40,1144,17,34,0,-2.69,3.06,359.56,15,1014.91,62,90,90,90,90,7.51,0.46,0.00,0.00,0.00
81,2080,1,5,5,4,32,35.024166,135.779678,46.00,0.00,1.37,-39.40,-27.40,1144,17,34,0,-2.69,3.06,359.56,15,1014.91,62,90,90,90,90,7.51,0.46,0.00,0.00,0.00
81,2080,1,5,5,4,32,35.024166,135.779678,46.00,0.00,1.37,-39.40,-27.40,1144,17,34,0,-2.69,3.12,359.56,15,1014.91,62,90,90,90,90,7.51,0.46,0.00,0.00,0.00
81,2080,1,5,5,4,32,35.024166,135.779678,46.00,0.00,1.37,-39.40,-27.40,1144,17,34,0,-2.69,3.12,359.56,15,1014.90,62,90,90,90,90,7.47,0.47,0.00,0.00,0.00
81,2080,1,5,5,4,32,35.024166,135.779678,46.00,0.00,1.37,-39.40,-27.40,1144,17,34,0,-2.69,3.12,359.56,15,1014.92,62,90,90,90,90,7.53,0.09,0.00,0.00,0.00
81,2080,1,5,5,4,32,35.024166,135.779678,46.00,0.00,1.37,-39.40,-27.40,1144,17,34,0,-2.63,3.18,359.56,15,1014.92,62,90,90,90,90,7.53,0.09,0.00,0.00,0.00
81,2080,1,5,5,4,32,35.024166,135.779678,46.00,0.00,1.37,-39.40,-27.40,1144,17,34,0,-2.63,3.18,359.56,15,1014.93,62,90,90,90,90,7.53,0.09,0.00,0.00,0.00
81,2080,1,5,5,4,32,35.024166,135.779678,46.00,0.00,1.37,-39.40,-27.40,1144,17,34,0,-2.69,3.18,359.56,15,1014.93,62,90,90,90,90,7.51,0.21,0.00,0.00,0.00
81,2080,1,5,5,4,32,35.024166,135.779678,46.00,0.00,1.37,-39.40,-27.40,1144,17,34,0,-2.69,3.18,359.56,15,1014.89,62,90,90,90,90,7.54,0.10,0.00,0.00,0.00
82,2080,1,5,5,4,32,35.024166,135.779678,46.00,0.00,1.37,-39.40,-27.40,1144,17,34,0,-2.69,3.25,359.56,15,1014.90,62,90,90,90,90,7.51,0.42,0.00,0.00,0.00
82,2080,1,5,5,4,32,35.024166,135.779678,46.00,0.00,1.37,-39.40,-27.40,1144,17,34,0,-2.69,3.18,359.56,15,1014.89,62,90,90,90,90,7.52,0.40,0.00,0.00,0.00
82,2080,1,5,5,4,32,35.024166,135.779678,46.00,0.00,1.37,-39.40,-27.40,1144,17,34,0,-2.69,3.12,359.56,15,1014.90,62,90,90,90,90,7.52,0.14,0.00,0.00,0.00
82,2080,1,5,5,4,32,35.024166,135.779678,46.00,0.00,1.37,-39.40,-27.40,1144,17,34,0,-2.69,3.12,359.56,15,1014.92,62,90,90,90,90,7.52,0.14,0.00,0.00,0.00
82,2080,1,5,5,4,32,35.024166,135.779678,46.00,0.00,1.37,-39.40,-27.40,1144,17,34,0,-2.69,3.12,359.56,15,1014.92,62,90,90,90,90,7.49,0.38,0.00,0.00,0.00
82,2080,1,5,5,4,32,35.024166,135.779678,46.00,0.00,1.37,-39.40,-27.40,1144,17,34,0,-2.69,3.12,359.56,15,1014.92,62,90,90,90,90,7.49,0.52,0.00,0.00,0.00
82,2080,1,5,5,4,32,35.024166,135.779678,46.00,0.00,1.37,-39.40,-27.40,1144,17,34,0,-2.69,3.12,359.56,15,1014.90,62,90,90,90,90,7.49,0.52,0.00,0.00,0.00
82,2080,1,5,5,4,32,35.024166,135.779678,46.00,0.00,1.37,-39.40,-27.40,1144,17,34,0,-2.69,3.12,359.56,15,1014.92,62,90,90,90,90,7.49,0.52,0.00,0.00,0.00
82,2080,1,5,5,4,32,35.024166,135.779678,46.00,0.00,1.37,-39.40,-27.40,1144,17,34,0,-2.69,3.25,359.56,15,1014.89,62,90,90,90,90,7.49,0.52,0.00,0.00,0.00
83,2080,1,5,5,4,32,35.024166,135.779678,46.00,0.00,0.43,-35.20,-41.40,1144,17,34,0,-2.69,3.25,359.56,15,1014.92,62,90,90,90,90,7.49,0.16,0.00,0.00,0.00
83,2080,1,5,5,4,32,35.024166,135.779678,46.00,0.00,0.43,-35.20,-41.40,1144,17,34,0,-2.69,3.37,359.56,15,1014.92,62,90,90,90,90,7.52,0.30,0.00,0.00,0.00
83,2080,1,5,5,4,32,35.024166,135.779678,46.00,0.00,0.28,-35.60,-40.40,1144,17,34,0,-2.69,3.37,359.56,15,1014.88,62,90,90,90,90,7.52,0.30,0.00,0.00,0.00
83,2080,1,5,5,4,32,35.024166,135.779678,46.00,0.00,0.28,-35.60,-40.40,1144,17,34,0,-2.69,3.37,359.56,15,1014.90,62,90,90,90,90,7.52,0.30,0.00,0.00,0.00
83,2080,1,5,5,4,32,35.024166,135.779678,46.00,0.00,0.54,-35.20,-39.40,1144,17,34,0,-2.69,3.62,359.56,15,1014.91,62,90,90,90,90,7.52,0.30,0.00,0.00,0.00
83,2080,1,5,5,4,32,35.024166,135.779678,46.00,0.00,0.36,-37.70,-39.40,1144,17,34,0,-2.69,3.62,359.56,15,1014.92,62,90,90,90,90,7.52,0.30,0.00,0.00,0.00
83,2080,1,5,5,4,32,35.024166,135.779678,46.00,0.00,0.28,-40.10,-39.40,1144,17,34,0,-2.69,3.62,359.56,15,1014.92,62,90,90,90,90,7.51,0.40,0.00,0.00,0.00
83,2080,1,5,5,4,32,35.024166,135.779678,46.00,0.00,0.43,-42.60,-39.40,1144,17,34,0,-2.69,3.62,359.56,15,1014.92,62,90,90,90,90,7.48,0.23,0.00,0.00,0.00
84,2080,1,5,5,4,32,35.024166,135.779678,46.00,0.00,0.33,-45.00,-39.40,1144,17,34,0,-2.69,3.62,359.56,15,1014.92,62,90,90,90,90,7.53,0.14,0.00,0.00,0.00
84,2080,1,5,5,4,32,35.024166,135.779678,46.00,0.00,0.00,-47.90,-39.40,1144,17,34,0,-2.69,3.62,359.56,15,1014.90,62,90,90,90,90,7.53,0.14,0.00,0.00,0.00
84,2080,1,5,5,4,32,35.024166,135.779678,46.00,0.00,0.00,-50.30,-39.40,1144,17,32,0,-2.69,3.56,359.56,15,1014.89,62,90,90,90,90,7.53,0.14,0.00,0.00,0.00
84,2080,1,5,5,4,32,35.024166,135.779678,46.00,0.00,0.00,-52.80,-39.40,1144,17,34,0,-2.69,3.56,359.56,15,1014.90,62,90,90,90,90,7.53,0.14,0.00,0.00,0.00
84,2080,1,5,5,4,32,35.024166,135.779678,46.00,0.00,0.00,-55.60,-39.40,1144,17,34,0,-2.69,3.56,359.56,15,1014.90,62,90,90,90,90,7.53,0.14,0.00,0.00,0.00
84,2080,1,5,5,4,32,35.024166,135.779678,46.00,0.00,0.00,-58.10,-39.40,1144,17,34,0,-2.69,3.56,359.56,15,1014.90,62,90,90,90,90,7.52,0.14,0.00,0.00,0.00
84,2080,1,5,5,4,32,35.024166,135.779678,46.00,0.00,0.00,-60.50,-39.40,1144,17,34,0,-2.69,3.56,359.56,15,1014.90,62,90,90,90,90,7.52,0.14,0.00,0.00,0.00
84,2080,1,5,5,4,32,35.024166,135.779678,46.00,0.00,0.00,-62.60,-39.40,1144,17,34,0,-2.69,3.56,359.56,15,1014.89,62,90,90,90,90,7.52,0.14,0.00,0.00,0.00
84,2080,1,5,5,4,32,35.024166,135.779678,46.00,0.00,0.00,-64.40,-39.40,1144,17,34,0,-2.69,3.56,359.56,15,1014.92,62,90,90,90,90,7.52,0.14,0.00,0.00,0.00
85,2080,1,5,5,4,32,35.024166,135.779678,46.00,0.00,0.00,-66.50,-39.40,1144,17,34,0,-2.69,3.56,359.56,15,1014.92,62,90,90,90,90,7.52,0.14,0.00,0.00,0.00
85,2080,1,5,5,4,32,35.024166,135.779678,46.00,0.00,0.00,-68.60,-39.40,1144,17,34,0,-2.69,3.50,359.56,15,1014.91,62,90,90,90,90,7.51,0.27,0.00,0.00,0.00
85,2080,1,5,5,4,32,35.024166,135.779678,46.00,0.00,0.00,-71.40,-39.40,1144,17,34,0,-2.69,3.50,359.56,15,1014.90,62,90,90,90,90,7.51,0.27,0.00,0.00,0.00
85,2080,1,5,5,4,32,35.024166,135.779678,46.00,0.00,0.00,-74.60,-39.40,1144,17,34,0,-2.69,3.50,359.56,15,1014.90,62,90,90,90,90,7.51,0.27,0.00,0.00,0.00
85,2080,1,5,5,4,32,35.024166,135.779678,46.00,0.00,0.00,-74.60,-39.40,1144,17,34,0,-2.69,3.50,359.56,15,1014.90,62,90,90,90,90,7.51,0.27,0.00,0.00,0.00
85,2080,1,5,5,4,32,35.024166,135.779678,46.00,0.00,0.00,-74.60,-39.40,1144,17,34,0,-2.69,3.50,359.56,15,1014.91,62,90,90,90,90,7.49,0.43,0.00,0.00,0.00
85,2080,1,5,5,4,32,35.024166,135.779678,46.00,0.00,0.00,-74.60,-39.40,1144,17,32,0,-2.69,3.50,359.56,15,1014.90,62,90,90,90,90,7.49,0.43,0.00,0.00,0.00
85,2080,1,5,5,4,32,35.024166,135.779678,46.00,0.00,0.00,-74.60,-39.40,1144,17,32,0,-2.69,3.43,359.56,15,1014.91,62,90,90,90,90,7.49,0.43,0.00,0.00,0.00
86,2080,1,5,5,4,32,35.024166,135.779678,46.00,0.00,0.00,-90.40,-40.40,1144,17,32,0,-2.63,3.43,359.56,15,1014.92,62,90,90,90,90,7.49,0.43,0.00,0.00,0.00
86,2080,1,5,5,4,32,35.024166,135.779678,46.00,0.00,0.00,-90.40,-40.40,1144,17,32,0,-2.63,3.50,359.56,15,1014.92,62,90,90,90,90,7.49,0.43,0.00,0.00,0.00
86,2080,1,5,5,4,32,35.024166,135.779678,46.00,0.00,0.00,-90.40,-40.40,1144,17,34,0,-2.63,3.50,359.56,15,1014.93,62,90,90,90,90,7.49,0.46,0.00,0.00,0.00
86,2080,1,5,5,4,32,35.024166,135.779678,46.00,0.00,0.00,-90.40,-40.40,1144,17,34,0,-2.63,3.50,359.56,15,1014.93,62,90,90,90,90,7.52,0.32,0.00,0.00,0.00
86,2080,1,5,5,4,32,35.024166,135.779678,46.00,0.00,0.00,-90.40,-40.40,1144,17,34,0,-2.63,3.56,359.56,15,1014.90,62,90,90,90,90,7.53,0.12,0.00,0.00,0.00
86,2080,1,5,5,4,32,35.024166,135.779678,46.00,0.00,0.00,-90.40,-40.40,1144,17,34,0,-2.63,3.50,359.62,15,1014.87,62,90,90,90,90,7.53,0.12,0.00,0.00,0.00
86,2080,1,5,5,4,32,35.024166,135.779678,46.00,0.00,0.00,-90.40,-40.40,1144,17,34,0,-2.63,3.43,359.62,15,1014.91,62,90,90,90,90,7.53,0.12,0.00,0.00,0.00
86,2080,1,5,5,4,32,35.024166,135.779678,46.00,0.00,0.00,-90.40,-40.40,1144,17,34,0,-2.63,3.50,359.62,15,1014.92,62,90,90,90,90,7.38,0.58,0.00,0.00,0.00
87,2080,1,5,5,4,32,35.024166,135.779678,46.00,0.00,0.00,-90.40,-40.40,1144,17,34,0,-2.63,3.62,359.62,15,1014.92,62,90,90,90,90,7.49,0.25,0.00,0.00,0.00
87,2080,1,5,5,4,32,35.024166,135.779678,46.00,0.00,0.00,-90.40,-40.40,1144,17,34,0,-2.69,3.68,359.62,15,1014.91,62,90,90,90,90,7.53,0.13,0.00,0.00,0.00
87,2080,1,5,5,4,32,35.024166,135.779678,46.00,0.00,0.00,-90.40,-40.40,1144,17,34,0,-2.69,3.68,359.62,15,1014.89,62,90,90,90,90,7.51,0.24,0.00,0.00,0.00
87,2080,1,5,5,4,32,35.024166,135.779678,46.00,0.00,0.00,-90.40,-40.40,1144,17,34,0,-2.69,3.87,359.62,15,1014.91,62,90,90,90,90,7.49,0.53,0.00,0.00,0.00
87,2080,1,5,5,4,32,35.024166,135.779678,46.00,0.00,0.00,-90.40,-40.40,1144,17,34,0,-2.69,3.87,359.62,15,1014.91,62,90,90,90,90,7.49,0.53,0.00,0.00,0.00
87,2080,1,5,5,4,32,35.024166,135.779678,46.00,0.00,0.00,-90.40,-40.40,1144,17,34,0,-2.69,3.87,359.62,15,1014.91,62,90,90,90,90,7.49,0.53,0.00,0.00,0.00
87,2080,1,5,5,4,32,35.024166,135.779678,46.00,0.00,0.00,-90.40,-40.40,1144,17,34,0,-2.69,3.87,359.62,15,1014.92,62,90,90,90,90,7.52,0.14,0.00,0.00,0.00
87,2080,1,5,5,4,32,35.024166,135.779678,46.00,0.00,0.00,-90.40,-40.40,1144,17,34,0,-2.69,4.00,359.62,15,1014.92,62,90,90,90,90,7.49,0.21,0.00,0.00,0.00
87,2080,1,5,5,4,32,35.024166,135.779678,46.00,0.00,0.00,-90.40,-40.40,1144,17,34,0,-2.69,4.00,359.62,15,1014.92,62,90,90,90,90,7.49,0.21,0.00,0.00,0.00
88,2080,1,5,5,4,32,35.024166,135.779678,46.00,0.00,0.00,-90.40,-40.40,1144,17,34,0,-2.69,4.12,359.62,15,1014.91,62,90,90,90,90,7.48,0.40,0.00,0.00,0.00
88,2080,1,5,5,4,32,35.024166,135.779678,46.00,0.00,0.00,-90.40,-40.40,1144,17,34,0,-2.69,4.25,359.62,15,1014.93,62,90,90,90,90,7.52,0.21,0.00,0.00,0.00
88,2080,1,5,5,4,32,35.024166,135.779678,46.00,0.00,0.00,-90.40,-40.40,1144,17,34,0,-2.69,4.31,359.62,15,1014.92,62,90,90,90,90,7.52,0.21,0.00,0.00,0.00
88,2080,1,5,5,4,32,35.024166,135.779678,46.00,0.00,0.00,-90.40,-40.40,1144,17,34,0,-2.69,4.31,359.62,15,1014.92,62,90,90,90,90,7.52,0.21,0.00,0.00,0.00
88,2080,1,5,5,4,32,35.024166,135.779678,46.00,0.00,0.00,-90.40,-40.40,1144,17,34,0,-2.69,4.31,359.62,15,1014.92,62,90,90,90,90,7.52,0.21,0.00,0.00,0.00
88,2080,1,5,5,4,32,35.024166,135.779678,46.00,0.00,0.00,-90.40,-40.40,1144,17,34,0,-2.69,4.31,359.62,15,1014.93,62,90,90,90,90,7.52,0.21,0.00,0.00,0.00
88,2080,1,5,5,4,32,35.024166,135.779678,46.00,0.00,0.00,-90.40,-40.40,1144,17,34,0,-2.69,4.31,359.62,15,1014.91,62,90,90,90,90,7.54,0.13,0.00,0.00,0.00
88,2080,1,5,5,4,32,35.024166,135.779678,46.00,0.00,0.43,-29.90,-38.40,1144,17,34,0,-2.69,4.31,359.62,15,1014.92,62,90,90,90,90,7.54,0.13,0.00,0.00,0.00
89,2080,1,5,5,4,32,35.024166,135.779678,46.00,0.00,0.43,-29.90,-38.40,1144,17,34,0,-2.69,4.31,359.62,15,1014.95,61,90,90,90,90,7.52,0.19,0.00,0.00,0.00
89,2080,1,5,5,4,32,35.024166,135.779678,46.00,0.00,0.00,-29.90,-37.40,1144,17,34,0,-2.69,4.31,359.62,15,1014.95,61,90,90,90,90,7.52,0.19,0.00,0.00,0.00
89,2080,1,5,5,4,32,35.024166,135.779678,46.00,0.00,0.00,-29.90,-35.40,1144,17,34,0,-2.69,4.31,359.62,15,1014.94,61,90,90,90,90,7.52,0.19,0.00,0.00,0.00
89,2080,1,5,5,4,32,35.024166,135.779678,46.00,0.00,0.00,-29.90,-34.40,1144,17,34,0,-2.69,4.31,359.62,15,1014.93,61,90,90,90,90,7.54,0.18,0.00,0.00,0.00
89,2080,1,5,5,4,32,35.024166,135.779678,46.00,0.00,0.00,-29.90,-31.40,1144,17,34,0,-2.69,4.37,359.62,15,1014.93,61,90,90,90,90,7.54,0.18,0.00,0.00,0.00
89,2080,1,5,5,4,32,35.024166,135.779678,46.00,0.00,0.00,-29.90,-25.40,1144,17,34,0,-2.69,4.37,359.62,15,1014.92,61,90,90,90,90,7.49,0.51,0.00,0.00,0.00
89,2080,1,5,5,4,32,35.024166,135.779678,46.00,0.00,0.00,-29.90,-17.40,1144,17,34,0,-2.69,4.37,359.62,15,1014.91,61,90,90,90,90,7.49,0.51,0.00,0.00,0.00
89,2080,1,5,5,4,32,35.024166,135.779678,46.00,0.00,0.00,-29.90,14.60,1144,17,34,0,-2.69,4.37,359.62,15,1014.91,61,90,90,90,90,7.49,0.21,0.00,0.00,0.00
89,2080,1,5,5,4,32,35.024166,135.779678,46.00,0.00,0.00,-29.90,-40.40,1144,17,34,0,-2.69,4.37,359.62,15,1014.91,61,90,90,90,90,7.52,0.16,0.00,0.00,0.00
90,2080,1,5,5,4,32,35.024166,135.779678,46.00,0.00,0.00,-29.90,-35.40,1144,17,34,0,-2.69,4.37,359.62,15,1014.90,61,90,90,90,90,7.48,0.17,0.00,0.00,0.00
90,2080,1,5,5,4,32,35.024166,135.779678,46.00,0.00,0.00,-29.90,-35.40,1144,17,34,0,-2.69,4.37,359.62,15,1014.95,61,90,90,90,90,7.53,0.15,0.00,0.00,0.00
90,2080,1,5,5,4,32,35.024166,135.779678,46.00,0.00,0.00,-29.90,-36.40,1144,17,34,0,-2.69,4.00,359.62,15,1014.94,61,90,90,90,90,7.53,0.15,0.00,0.00,0.00
90,2080,1,5,5,4,32,35.024166,135.779678,46.00,0.00,0.49,-29.90,-37.40,1144,17,32,0,-2.69,3.93,359.62,15,1014.93,61,90,90,90,90,7.53,0.15,0.00,0.00,0.00
90,2080,1,5,5,4,32,35.024166,135.779678,46.00,0.00,0.68,-29.90,-39.40,1144,17,32,0,-2.69,3.93,359.62,15,1014.93,61,90,90,90,90,7.53,0.15,0.00,0.00,0.00
90,2080,1,5,5,4,32,35.024166,135.779678,46.00,0.00,0.57,-29.90,-42.40,1144,17,32,0,-2.69,3.93,359.62,15,1014.93,61,90,90,90,90,7.53,0.15,0.00,0.00,0.00
90,2080,1,5,5,4,32,35.024166,135.779678,46.00,0.00,0.61,-29.90,17.60,1144,17,32,0,-2.69,3.93,359.62,15,1014.93,61,90,90,90,90,7.53,0.15,0.00,0.00,0.00
90,2080,1,5,5,4,32,35.024166,135.779678,46.00,0.00,0.54,-29.90,15.60,1144,17,32,0,-2.69,3.93,359.62,15,1014.93,61,90,90,90,90,7.53,0.15,0.00,0.00,0.00
91,2080,1,5,5,4,32,35.024166,135.779678,46.00,0.00,0.54,-29.90,15.60,1144,17,34,0,-2.69,3.93,359.62,15,1014.93,61,90,90,90,90,7.53,0.15,0.00,0.00,0.00
91,2080,1,5,5,4,32,35.024166,135.779678,46.00,0.00,0.57,-29.90,14.60,1144,17,34,0,-2.69,3.93,359.62,15,1014.91,61,90,90,90,90,7.53,0.15,0.00,0.00,0.00
91,2080,1,5,5,4,32,35.024166,135.779678,46.00,0.00,0.57,-29.90,14.60,1144,17,34,0,-2.69,3.93,359.62,15,1014.94,61,90,90,90,90,7.53,0.15,0.00,0.00,0.00
91,2080,1,5,5,4,32,35.024166,135.779678,46.00,0.00,0.57,-29.90,14.60,1144,17,34,0,-2.69,3.93,359.62,15,1014.94,61,90,90,90,90,7.47,0.18,0.00,0.00,0.00
91,2080,1,5,5,4,32,35.024166,135.779678,46.00,0.00,0.57,-29.90,14.60,1144,17,34,0,-2.69,3.93,359.62,15,1014.93,61,90,90,90,90,7.47,0.18,0.00,0.00,0.00
91,2080,1,5,5,4,32,35.024166,135.779678,46.00,0.00,0.57,-29.90,14.60,1144,17,34,0,-2.69,3.93,359.62,15,1014.94,61,90,90,90,90,7.47,0.18,0.00,0.00,0.00
91,2080,1,5,5,4,32,35.024166,135.779678,46.00,0.00,0.57,-29.90,14.60,1144,17,34,0,-2.69,3.93,359.62,15,1014.93,61,90,90,90,90,7.47,0.18,0.00,0.00,0.00
91,2080,1,5,5,4,32,35.024166,135.779678,46.00,0.00,0.57,-29.90,14.60,1144,17,34,0,-2.69,3.87,359.62,15,1014.94,61,90,90,90,90,7.47,0.18,0.00,0.00,0.00
91,2080,1,5,5,4,32,35.024166,135.779678,46.00,0.00,0.57,-29.90,14.60,1144,17,34,0,-2.69,3.87,359.62,15,1014.94,61,90,90,90,90,7.54,0.12,0.00,0.00,0.00
92,2080,1,5,5,4,32,35.024166,135.779678,46.00,0.00,0.57,-29.90,14.60,1144,17,34,0,-2.69,3.87,359.62,15,1014.92,61,90,90,90,90,7.48,0.47,0.00,0.00,0.00
92,2080,1,5,5,4,32,35.024166,135.779678,46.00,0.00,0.57,-29.90,14.60,1144,17,34,0,-2.69,3.87,359.62,15,1014.92,61,90,90,90,90,7.48,0.47,0.00,0.00,0.00
92,2080,1,5,5,4,32,35.024166,135.779678,46.00,0.00,0.57,-29.90,14.60,1144,17,34,0,-2.69,3.87,359.62,15,1014.92,61,90,90,90,90,7.48,0.47,0.00,0.00,0.00
92,2080,1,5,5,4,32,35.024166,135.779678,46.00,0.00,0.57,-29.90,14.60,1144,17,34,0,-2.69,3.87,359.62,15,1014.90,61,90,90,90,90,7.48,0.29,0.00,0.00,0.00
92,2080,1,5,5,4,32,35.024166,135.779678,46.00,0.00,0.57,-29.90,14.60,1144,17,34,0,-2.69,3.87,359.62,15,1014.90,61,90,90,90,90,7.53,0.12,0.00,0.00,0.00
92,2080,1,5,5,4,32,35.024166,135.779678,46.00,0.00,0.57,-29.90,14.60,1144,17,34,0,-2.69,3.87,359.62,15,1014.91,61,90,90,90,90,7.53,0.12,0.00,0.00,0.00
92,2080,1,5,5,4,32,35.024166,135.779678,46.00,0.00,0.57,-29.90,14.60,1144,17,34,0,-2.69,3.87,359.62,15,1014.89,61,90,90,90,90,7.52,0.24,0.00,0.00,0.00
92,2080,1,5,5,4,32,35.024166,135.779678,46.00,0.00,0.57,-29.90,14.60,1144,17,34,0,-2.69,3.87,359.62,15,1014.90,61,90,90,90,90,7.49,0.42,0.00,0.00,0.00
93,2080,1,5,5,4,32,35.024166,135.779678,46.00,0.00,0.57,-29.90,14.60,1144,17,34,0,-2.69,3.87,359.62,15,1014.90,61,90,90,90,90,7.49,0.42,0.00,0.00,0.00
93,2080,1,5,5,4,32,35.024166,135.779678,46.00,0.00,0.57,-29.90,14.60,1144,17,34,0,-2.69,3.87,359.62,15,1014.88,61,90,90,90,90,7.49,0.42,0.00,0.00,0.00
93,2080,1,5,5,4,32,35.024166,135.779678,46.00,0.00,0.57,-29.90,14.60,1144,17,34,0,-2.69,3.87,359.62,15,1014.89,61,90,90,90,90,7.49,0.42,0.00,0.00,0.00
93,2080,1,5,5,4,52,35.024166,135.779678,46.00,0.00,0.57,-29.90,14.60,1144,17,34,0,-2.63,3.87,359.62,15,1014.91,61,90,90,90,90,7.49,0.42,0.00,0.00,0.00
93,2080,1,5,5,4,52,35.024166,135.779678,46.00,0.00,0.57,-29.90,14.60,1144,17,34,0,-2.69,3.87,359.62,15,1014.93,61,90,90,90,90,7.49,0.42,0.00,0.00,0.00
93,2080,1,5,5,4,52,35.024151,135.779694,46.00,0.00,0.57,-29.90,14.60,1144,17,34,0,-2.69,3.87,359.62,15,1014.89,61,90,90,90,90,7.38,0.12,0.00,0.00,0.00
93,2080,1,5,5,4,52,35.024151,135.779694,47.00,0.00,0.57,-29.90,14.60,1144,17,34,0,-2.69,3.87,359.62,15,1014.89,61,90,90,90,90,7.53,0.10,0.00,0.00,0.00
93,2080,1,5,5,4,52,35.024151,135.779694,47.00,0.00,0.57,-29.90,14.60,1144,17,34,0,-2.69,3.87,359.62,15,1014.89,61,90,90,90,90,7.53,0.10,0.00,0.00,0.00
93,2080,1,5,5,4,52,35.024151,135.779694,47.00,0.00,0.57,-29.90,14.60,1144,17,34,0,-2.69,3.87,359.62,15,1014.92,61,90,90,90,90,7.53,0.10,0.00,0.00,0.00
94,2080,1,5,5,4,52,35.024151,135.779694,47.00,0.00,0.57,-29.90,14.60,1144,17,34,0,-2.69,3.81,359.62,15,1014.91,61,90,90,90,90,7.53,0.10,0.00,0.00,0.00
94,2080,1,5,5,4,52,35.024151,135.779694,47.00,0.00,0.57,-29.90,14.60,1144,17,34,0,-2.69,3.81,359.62,15,1014.92,61,90,90,90,90,7.53,0.10,0.00,0.00,0.00
94,2080,1,5,5,4,52,35.024151,135.779694,47.00,0.00,0.57,-29.90,14.60,1144,17,34,0,-2.69,3.81,359.62,15,1014.91,61,90,90,90,90,7.39,0.12,0.00,0.00,0.00
94,2080,1,5,5,4,52,35.024151,135.779694,47.00,0.00,0.57,-29.90,14.60,1144,17,34,0,-2.69,3.81,359.62,15,1014.89,61,90,90,90,90,7.53,0.18,0.00,0.00,0.00
94,2080,1,5,5,4,52,35.024151,135.779694,47.00,0.00,0.57,-29.90,14.60,1144,17,34,0,-2.69,3.81,359.62,15,1014.89,61,90,90,90,90,7.51,0.34,0.00,0.00,0.00
94,2080,1,5,5,4,52,35.024151,135.779694,47.00,0.00,0.57,-29.90,14.60,1144,17,34,0,-2.69,3.81,359.62,15,1014.91,61,90,90,90,90,7.51,0.34,0.00,0.00,0.00
94,2080,1,5,5,4,52,35.024151,135.779694,47.00,0.00,0.57,-29.90,14.60,1144,17,34,0,-2.69,3.81,359.62,15,1014.91,61,90,90,90,90,7.51,0.34,0.00,0.00,0.00
94,2080,1,5,5,4,52,35.024151,135.779694,47.00,0.00,0.57,-29.90,14.60,1144,17,34,0,-2.69,3.81,359.62,15,1014.91,61,90,90,90,90,7.52,0.12,0.00,0.00,0.00
95,2080,1,5,5,4,52,35.024151,135.779694,47.00,0.00,0.57,-29.90,14.60,1144,17,34,0,-2.69,3.81,359.62,15,1014.92,61,90,90,90,90,7.53,0.16,0.00,0.00,0.00
95,2080,1,5,5,4,52,35.024151,135.779694,47.00,0.00,0.57,-29.90,14.60,1144,17,34,0,-2.69,3.81,359.62,15,1014.94,61,90,90,90,90,7.49,0.43,0.00,0.00,0.00
95,2080,1,5,5,4,52,35.024151,135.779694,47.00,0.00,0.57,-29.90,14.60,1144,17,34,0,-2.69,3.81,359.62,15,1014.90,61,90,90,90,90,7.51,0.35,0.00,0.00,0.00
95,2080,1,5,5,4,52,35.024151,135.779694,47.00,0.00,0.57,-29.90,14.60,1144,17,34,0,-2.69,3.81,359.62,15,1014.93,61,90,90,90,90,7.49,0.35,0.00,0.00,0.00
95,2080,1,5,5,4,52,35.024151,135.779694,47.00,0.00,0.57,-29.90,14.60,1144,17,34,0,-2.69,3.81,359.62,15,1014.90,61,90,90,90,90,7.49,0.35,0.00,0.00,0.00
95,2080,1,5,5,4,52,35.024151,135.779694,47.00,0.00,0.57,-29.90,14.60,1144,17,34,0,-2.69,3.81,359.62,15,1014.94,61,90,90,90,90,7.49,0.35,0.00,0.00,0.00
95,2080,1,5,5,4,52,35.024151,135.779694,47.00,0.00,0.57,-29.90,14.60,1144,17,34,0,-2.69,3.81,359.62,15,1014.94,61,90,90,90,90,7.49,0.35,0.00,0.00,0.00
95,2080,1,5,5,4,52,35.024151,135.779694,47.00,0.00,0.57,-29.90,14.60,1144,17,34,0,-2.69,3.81,359.62,15,1014.92,61,90,90,90,90,7.49,0.35,0.00,0.00,0.00
96,2080,1,5,5,4,52,35.024151,135.779694,47.00,0.00,0.57,-29.90,14.60,1144,17,34,0,-2.69,3.81,359.62,15,1014.93,61,90,90,90,90,7.49,0.35,0.00,0.00,0.00
96,2080,1,5,5,4,52,35.024151,135.779694,47.00,0.00,0.57,-29.90,14.60,1144,17,34,0,-2.69,3.81,359.62,15,1014.95,61,90,90,90,90,7.53,0.15,0.00,0.00,0.00
96,2080,1,5,5,4,52,35.024151,135.779694,47.00,0.00,0.57,-29.90,14.60,1144,17,34,0,-2.69,3.81,359.62,15,1014.93,61,90,90,90,90,7.53,0.15,0.00,0.00,0.00
96,2080,1,5,5,4,52,35.024151,135.779694,47.00,0.00,0.57,-29.90,14.60,1144,17,34,0,-2.69,3.81,359.62,15,1014.91,61,90,90,90,90,7.53,0.15,0.00,0.00,0.00
96,2080,1,5,5,4,52,35.024151,135.779694,47.00,0.00,0.57,-29.90,14.60,1144,17,34,0,-2.69,3.81,359.62,15,1014.91,61,90,90,90,90,7.53,0.15,0.00,0.00,0.00
96,2080,1,5,5,4,52,35.024151,135.779694,47.00,0.00,0.57,-29.90,14.60,1144,17,34,0,-2.69,3.81,359.62,15,1014.92,61,90,90,90,90,7.53,0.15,0.00,0.00,0.00
96,2080,1,5,5,4,52,35.024151,135.779694,47.00,0.00,0.57,-29.90,14.60,1144,17,34,0,-2.69,3.81,359.62,15,1014.92,61,90,90,90,90,7.53,0.13,0.00,0.00,0.00
96,2080,1,5,5,4,52,35.024151,135.779694,47.00,0.00,0.57,-29.90,14.60,1144,17,34,0,-2.69,3.81,359.62,15,1014.92,61,90,90,90,90,7.53,0.13,0.00,0.00,0.00
96,2080,1,5,5,4,52,35.024151,135.779694,47.00,0.00,0.57,-29.90,14.60,1144,17,34,0,-2.69,3.81,359.62,15,1014.92,61,90,90,90,90,7.46,0.70,0.00,0.00,0.00
97,2080,1,5,5,4,52,35.024151,135.779694,47.00,0.00,0.57,-29.90,14.60,1144,17,34,0,-2.69,3.81,359.62,15,1014.92,61,90,90,90,90,7.46,0.70,0.00,0.00,0.00
97,2080,1,5,5,4,52,35.024151,135.779694,47.00,0.00,0.57,-29.90,14.60,1144,17,34,0,-2.69,3.81,359.62,15,1014.92,61,90,90,90,90,7.43,0.17,0.00,0.00,0.00
97,2080,1,5,5,4,52,35.024151,135.779694,47.00,0.00,0.57,-29.90,14.60,1144,17,34,0,-2.69,3.81,359.62,15,1014.92,61,90,90,90,90,7.42,0.24,0.00,0.00,0.00
97,2080,1,5,5,4,52,35.024151,135.779694,47.00,0.00,0.57,-29.90,14.60,1144,17,34,0,-2.69,3.87,359.62,15,1014.91,61,90,90,90,90,7.51,0.13,0.00,0.00,0.00
97,2080,1,5,5,4,52,35.024151,135.779694,47.00,0.00,0.57,-29.90,14.60,1144,17,34,0,-2.69,3.87,359.62,15,1014.92,61,90,90,90,90,7.49,0.38,0.00,0.00,0.00
97,2080,1,5,5,4,52,35.024151,135.779694,47.00,0.00,0.57,-29.90,14.60,1144,17,34,0,-2.69,4.06,359.62,15,1014.91,61,90,90,90,90,7.53,0.25,0.00,0.00,0.00
97,2080,1,5,5,4,52,35.024151,135.779694,47.00,0.00,0.59,0.00,-39.30,1144,17,34,0,-2.69,4.06,359.62,15,1014.94,62,90,90,90,90,7.47,0.54,0.00,0.00,0.00
97,2080,1,5,5,4,52,35.024151,135.779694,47.00,0.00,0.63,0.00,-39.30,1144,17,34,0,-2.69,4.06,359.62,15,1014.91,62,90,90,90,90,7.47,0.54,0.00,0.00,0.00
98,2080,1,5,5,4,52,35.024151,135.779694,47.00,0.00,0.70,0.00,-39.30,1144,17,34,0,-2.69,4.12,359.62,15,1014.92,62,90,90,90,90,7.53,0.14,0.00,0.00,0.00
98,2080,1,5,5,4,52,35.024151,135.779694,47.00,0.00,0.71,0.00,-39.30,1144,17,34,0,-2.69,4.12,359.62,15,1014.92,62,90,90,90,90,7.53,0.15,0.00,0.00,0.00
98,2080,1,5,5,4,52,35.024151,135.779694,47.00,0.00,0.59,0.00,-40.30,1144,17,34,0,-2.69,4.12,359.62,15,1014.93,62,90,90,90,90,7.53,0.15,0.00,0.00,0.00
98,2080,1,5,5,4,52,35.024151,135.779694,47.00,0.00,0.59,0.30,-42.30,1144,17,34,0,-2.69,4.12,359.62,15,1014.90,62,90,90,90,90,7.53,0.15,0.00,0.00,0.00
98,2080,1,5,5,4,52,35.024151,135.779694,47.00,0.00,0.36,0.30,-44.30,1144,17,34,0,-2.69,4.12,359.62,15,1014.90,62,90,90,90,90,7.53,0.15,0.00,0.00,0.00
98,2080,1,5,5,4,52,35.024151,135.779694,47.00,0.00,0.46,0.30,-46.30,1144,17,34,0,-2.69,4.12,359.62,15,1014.89,62,90,90,90,90,7.53,0.15,0.00,0.00,0.00
98,2080,1,5,5,4,52,35.024151,135.779694,47.00,0.00,0.57,0.30,-48.30,1144,17,34,0,-2.69,4.12,359.62,15,1014.91,62,90,90,90,90,7.51,0.14,0.00,0.00,0.00
98,2080,1,5,5,4,52,35.024151,135.779694,47.00,0.00,0.46,0.30,-51.30,1144,17,34,0,-2.69,4.12,359.62,15,1014.91,62,90,90,90,90,7.51,0.14,0.00,0.00,0.00
98,2080,1,5,5,4,52,35.024151,135.779694,47.00,0.00,0.16,0.70,-53.30,1144,17,34,0,-2.69,4.12,359.62,15,1014.88,62,90,90,90,90,7.51,0.14,0.00,0.00,0.00
99,2080,1,5,5,4,52,35.024151,135.779694,47.00,0.00,0.33,1.00,-55.30,1144,17,34,0,-2.69,4.12,359.62,15,1014.91,62,90,90,90,90,7.51,0.14,0.00,0.00,0.00
99,2080,1,5,5,4,52,35.024151,135.779694,47.00,0.00,0.33,1.00,-55.30,1144,17,34,0,-2.69,4.12,359.62,15,1014.91,62,90,90,90,90,7.51,0.14,0.00,0.00,0.00
99,2080,1,5,5,4,52,35.024151,135.779694,47.00,0.00,0.00,3.80,-56.30,1144,17,34,0,-2.69,4.12,359.62,15,1014.93,62,90,90,90,90,7.51,0.14,0.00,0.00,0.00
99,2080,1,5,5,4,52,35.024151,135.779694,47.00,0.00,0.00,3.80,-56.30,1144,17,34,0,-2.69,4.12,359.62,15,1014.93,62,90,90,90,90,7.49,0.41,0.00,0.00,0.00
99,2080,1,5,5,4,52,35.024151,135.779694,47.00,0.00,0.43,9.80,-55.30,1144,17,34,0,-2.69,4.12,359.62,15,1014.92,62,90,90,90,90,7.49,0.41,0.00,0.00,0.00
99,2080,1,5,5,4,52,35.024151,135.779694,47.00,0.00,0.43,9.80,-55.30,1144,17,34,0,-2.69,4.12,359.62,15,1014.92,62,90,90,90,90,7.49,0.41,0.00,0.00,0.00
99,2080,1,5,5,4,52,35.024151,135.779694,47.00,0.00,0.43,9.80,-55.30,1144,17,34,0,-2.69,4.12,359.62,15,1014.94,62,90,90,90,90,7.52,0.14,0.00,0.00,0.00
99,2080,1,5,5,4,52,35.024151,135.779694,47.00,0.00,0.43,9.80,-55.30,1144,17,34,0,-2.69,4.12,359.62,15,1014.93,62,90,90,90,90,7.54,0.13,0.00,0.00,0.00
100,2080,1,5,5,4,52,35.024151,135.779694,47.00,0.00,0.43,9.80,-55.30,1144,17,34,0,-2.69,4.06,359.62,15,1014.91,62,90,90,90,90,7.54,0.13,0.00,0.00,0.00
100,2080,1,5,5,4,52,35.024151,135.779694,47.00,0.00,0.43,9.80,-55.30,1144,17,34,0,-2.69,4.06,359.62,15,1014.94,62,90,90,90,90,7.51,0.38,0.00,0.00,0.00
100,2080,1,5,5,4,52,35.024151,135.779694,47.00,0.00,0.43,9.80,-55.30,1144,17,34,0,-2.69,4.06,359.62,15,1014.94,62,90,90,90,90,7.51,0.38,0.00,0.00,0.00
100,2080,1,5,5,4,52,35.024151,135.779694,47.00,0.00,0.43,9.80,-55.30,1144,17,34,0,-2.69,4.06,359.62,15,1014.89,62,90,90,90,90,7.53,0.14,0.00,0.00,0.00
100,2080,1,5,5,4,52,35.024151,135.779694,47.00,0.00,0.43,9.80,-55.30,1144,17,34,0,-2.69,4.06,359.62,15,1014.93,62,90,90,90,90,7.51,0.29,0.00,0.00,0.00
100,2080,1,5,5,4,52,35.024151,135.779694,47.00,0.00,0.43,9.80,-55.30,1144,17,34,0,-2.69,4.06,359.62,15,1014.91,62,90,90,90,90,7.51,0.29,0.00,0.00,0.00
100,2080,1,5,5,4,52,35.024151,135.779694,47.00,0.00,0.43,9.80,-55.30,1144,17,34,0,-2.69,4.06,359.62,15,1014.93,62,90,90,90,90,7.52,0.16,0.00,0.00,0.00
100,2080,1,5,5,4,52,35.024151,135.779694,47.00,0.00,0.43,9.80,-55.30,1144,17,34,0,-2.69,4.06,359.62,15,1014.91,62,90,90,90,90,7.52,0.16,0.00,0.00,0.00
101,2080,1,5,5,4,52,35.024151,135.779694,47.00,0.00,0.43,9.80,-55.30,1144,17,34,0,-2.69,4.06,359.62,15,1014.94,62,90,90,90,90,7.51,0.15,0.00,0.00,0.00
101,2080,1,5,5,4,52,35.024151,135.779694,47.00,0.00,0.43,9.80,-55.30,1144,17,34,0,-2.69,4.06,359.62,15,1014.92,62,90,90,90,90,7.51,0.15,0.00,0.00,0.00
101,2080,1,5,5,4,52,35.024151,135.779694,47.00,0.00,0.43,9.80,-55.30,1144,17,34,0,-2.69,4.06,359.62,15,1014.90,62,90,90,90,90,7.51,0.15,0.00,0.00,0.00
101,2080,1,5,5,4,52,35.024151,135.779694,47.00,0.00,0.49,0.00,-9.30,1144,17,34,0,-2.69,4.06,359.62,15,1014.91,62,90,90,90,90,7.51,0.15,0.00,0.00,0.00
101,2080,1,5,5,4,52,35.024151,135.779694,47.00,0.00,0.00,31.20,-39.30,1144,17,34,0,-2.69,4.06,359.62,15,1014.91,62,90,90,90,90,7.51,0.15,0.00,0.00,0.00
101,2080,1,5,5,4,52,35.024151,135.779694,47.00,0.00,0.49,27.40,-48.30,1144,17,34,0,-2.69,4.06,359.62,15,1014.91,62,90,90,90,90,7.54,0.16,0.00,0.00,0.00
101,2080,1,5,5,4,52,35.024151,135.779694,47.00,0.00,0.00,23.90,-58.30,1144,17,34,0,-2.69,4.06,359.62,15,1014.92,62,90,90,90,90,7.54,0.16,0.00,0.00,0.00
101,2080,1,5,5,4,52,35.024151,135.779694,47.00,0.00,0.00,21.70,-66.30,1144,17,34,0,-2.69,4.06,359.62,15,1014.93,62,90,90,90,90,7.48,0.58,0.00,0.00,0.00
101,2080,1,5,5,4,52,35.024151,135.779694,47.00,0.00,0.00,21.00,-9.30,1144,17,34,0,-2.69,4.06,359.62,15,1014.91,62,90,90,90,90,7.48,0.58,0.00,0.00,0.00
102,2080,1,5,5,4,52,35.024151,135.779694,47.00,0.00,0.00,20.70,-14.30,1144,17,34,0,-2.69,4.06,359.62,15,1014.91,62,90,90,90,90,7.48,0.58,0.00,0.00,0.00
102,2080,1,5,5,4,52,35.024151,135.779694,47.00,0.00,0.00,21.40,-16.30,1144,17,34,0,-2.69,4.06,359.62,15,1014.91,62,90,90,90,90,7.51,0.18,0.00,0.00,0.00
102,2080,1,5,5,4,52,35.024151,135.779694,47.00,0.00,0.00,21.40,-16.30,1144,17,34,0,-2.69,4.06,359.62,15,1014.91,62,90,90,90,90,7.53,0.16,0.00,0.00,0.00
102,2080,1,5,5,4,52,35.024151,135.779694,47.00,0.00,0.00,21.40,-16.30,1144,17,34,0,-2.69,4.06,359.62,15,1014.92,62,90,90,90,90,7.53,0.16,0.00,0.00,0.00
102,2080,1,5,5,4,52,35.024151,135.779694,47.00,0.00,0.00,21.40,-16.30,1144,17,34,0,-2.69,4.06,359.62,15,1014.90,62,90,90,90,90,7.53,0.16,0.00,0.00,0.00
102,2080,1,5,5,4,52,35.024151,135.779694,47.00,0.00,0.00,21.40,-16.30,1144,17,34,0,-2.69,4.06,359.62,15,1014.89,62,90,90,90,90,7.53,0.14,0.00,0.00,0.00
102,2080,1,5,5,4,52,35.024151,135.779694,47.00,0.00,0.00,21.40,-16.30,1144,17,34,0,-2.69,4.06,359.62,15,1014.89,62,90,90,90,90,7.53,0.14,0.00,0.00,0.00
102,2080,1,5,5,4,52,35.024151,135.779694,47.00,0.00,0.00,21.40,-16.30,1144,17,34,0,-2.69,4.06,359.62,15,1014.92,62,90,90,90,90,7.53,0.14,0.00,0.00,0.00
103,2080,1,5,5,4,52,35.024151,135.779694,47.00,0.00,0.00,21.40,-16.30,1144,17,34,0,-2.69,4.06,359.62,15,1014.90,62,90,90,90,90,7.53,0.14,0.00,0.00,0.00
103,2080,1,5,5,4,52,35.024151,135.779694,47.00,0.00,0.00,21.40,-16.30,1144,17,34,0,-2.69,4.06,359.62,15,1014.90,62,90,90,90,90,7.53,0.14,0.00,0.00,0.00
103,2080,1,5,5,4,52,35.024151,135.779694,47.00,0.00,0.00,21.40,-16.30,1144,17,34,0,-2.69,4.06,359.62,15,1014.90,62,90,90,90,90,7.53,0.11,0.00,0.00,0.00
103,2080,1,5,5,4,52,35.024151,135.779694,47.00,0.00,0.00,21.40,-16.30,1144,17,34,0,-2.69,4.06,359.62,15,1014.90,62,90,90,90,90,7.52,0.18,0.00,0.00,0.00
103,2080,1,5,5,4,52,35.024151,135.779694,47.00,0.00,0.00,21.40,-16.30,1144,17,34,0,-2.69,4.06,359.62,15,1014.92,62,90,90,90,90,7.52,0.18,0.00,0.00,0.00
103,2080,1,5,5,4,52,35.024151,135.779694,47.00,0.00,0.00,21.40,-16.30,1144,17,34,0,-2.69,4.06,359.62,15,1014.90,62,90,90,90,90,7.52,0.18,0.00,0.00,0.00
103,2080,1,5,5,4,52,35.024151,135.779694,47.00,0.00,0.00,21.40,-16.30,1144,17,34,0,-2.69,4.06,359.62,15,1014.93,62,90,90,90,90,7.52,0.18,0.00,0.00,0.00
103,2080,1,5,5,4,52,35.024151,135.779694,47.00,0.00,0.00,21.40,-16.30,1144,17,34,0,-2.69,4.06,359.62,15,1014.92,62,90,90,90,90,7.52,0.18,0.00,0.00,0.00
104,2080,1,5,5,4,52,35.024151,135.779694,47.00,0.00,0.00,21.40,-16.30,1144,17,34,0,-2.69,4.06,359.62,15,1014.92,62,90,90,90,90,7.53,0.15,0.00,0.00,0.00
104,2080,1,5,5,4,52,35.024151,135.779694,47.00,0.00,0.00,21.40,-16.30,1144,17,34,0,-2.69,4.06,359.62,15,1014.92,62,90,90,90,90,7.49,0.51,0.00,0.00,0.00
104,2080,1,5,5,4,52,35.024151,135.779694,47.00,0.00,0.00,21.40,-16.30,1144,17,34,0,-2.69,4.06,359.62,15,1014.90,62,90,90,90,90,7.51,0.35,0.00,0.00,0.00
104,2080,1,5,5,4,52,35.024151,135.779694,47.00,0.00,0.00,21.40,-16.30,1144,17,34,0,-2.69,4.06,359.62,15,1014.90,62,90,90,90,90,7.51,0.35,0.00,0.00,0.00
104,2080,1,5,5,4,52,35.024151,135.779694,47.00,0.00,0.00,-5.70,-14.30,1144,17,34,0,-2.69,4.06,359.62,15,1014.93,62,90,90,90,90,7.51,0.35,0.00,0.00,0.00
104,2080,1,5,5,4,52,35.024151,135.779694,47.00,0.00,0.00,-5.70,-14.30,1144,17,34,0,-2.69,4.06,359.62,15,1014.92,62,90,90,90,90,7.52,0.14,0.00,0.00,0.00
104,2080,1,5,5,4,52,35.024151,135.779694,47.00,0.00,0.00,-14.50,-14.30,1144,17,34,0,-2.69,4.06,359.62,15,1014.92,62,90,90,90,90,7.49,0.48,0.00,0.00,0.00
104,2080,1,5,5,4,52,35.024151,135.779694,47.00,0.00,0.00,-21.50,-17.30,1144,17,34,0,-2.69,4.06,359.62,15,1014.93,62,90,90,90,90,7.51,0.21,0.00,0.00,0.00
104,2080,1,5,5,4,52,35.024151,135.779694,47.00,0.00,0.00,-25.00,-21.30,1144,17,34,0,-2.69,4.06,359.62,15,1014.90,62,90,90,90,90,7.49,0.35,0.00,0.00,0.00
105,2080,1,5,5,4,52,35.024151,135.779694,47.00,0.00,0.00,-30.60,-24.30,1144,17,34,0,-2.69,4.06,359.62,15,1014.93,62,90,90,90,90,7.45,0.30,0.00,0.00,0.00
105,2080,1,5,5,4,52,35.024151,135.779694,47.00,0.00,0.00,-37.70,-23.30,1144,17,34,0,-2.69,4.06,359.62,15,1014.93,62,90,90,90,90,7.45,0.30,0.00,0.00,0.00
105,2080,1,5,5,4,52,35.024151,135.779694,47.00,0.00,0.00,-45.40,-22.30,1144,17,34,0,-2.69,4.06,359.62,15,1014.93,62,90,90,90,90,7.53,0.16,0.00,0.00,0.00
105,2080,1,5,5,4,52,35.024151,135.779694,47.00,0.00,0.00,-52.10,-24.30,1144,17,34,0,-2.69,4.06,359.62,15,1014.92,62,90,90,90,90,7.53,0.16,0.00,0.00,0.00
105,2080,1,5,5,4,52,35.024151,135.779694,47.00,0.00,0.00,-57.00,-36.30,1144,17,34,0,-2.69,4.06,359.62,15,1014.92,62,90,90,90,90,7.53,0.16,0.00,0.00,0.00
105,2080,1,5,5,4,52,35.024151,135.779694,47.00,0.00,0.00,-61.20,-36.30,1144,17,34,0,-2.69,4.06,359.62,15,1014.90,62,90,90,90,90,7.53,0.16,0.00,0.00,0.00
105,2080,1,5,5,4,52,35.024151,135.779694,47.00,0.00,0.00,0.00,-36.30,1144,17,34,0,-2.69,4.06,359.62,15,1014.91,62,90,90,90,90,7.53,0.16,0.00,0.00,0.00
105,2080,1,5,5,4,52,35.024151,135.779694,47.00,0.00,0.00,0.00,-36.30,1144,17,34,0,-2.82,4.12,359.62,15,1014.90,62,90,90,90,90,7.52,0.15,0.00,0.00,0.00
106,2080,1,5,5,4,52,35.024151,135.779694,47.00,0.00,0.00,0.00,-36.30,1144,17,34,0,-3.63,4.25,359.62,15,1014.90,62,90,90,90,90,7.52,0.15,0.00,0.00,0.00
106,2080,1,5,5,4,52,35.024151,135.779694,47.00,0.00,0.00,0.00,-36.30,1144,17,34,0,-3.63,4.25,359.62,15,1014.90,62,90,90,90,90,7.52,0.15,0.00,0.00,0.00
106,2080,1,5,5,4,52,35.024151,135.779694,47.00,0.00,0.00,0.00,-36.30,1144,17,34,0,-3.75,4.00,359.68,15,1014.91,62,90,90,90,90,7.52,0.15,0.00,0.00,0.00
106,2080,1,5,5,4,52,35.024151,135.779694,47.00,0.00,0.00,0.00,-36.30,1144,17,34,0,-3.82,3.87,359.68,15,1014.88,62,90,90,90,90,7.43,0.25,0.00,0.00,0.00
106,2080,1,5,5,4,52,35.024151,135.779694,47.00,0.00,0.00,0.00,-36.30,1144,17,34,0,-4.25,3.87,359.68,15,1014.90,62,90,90,90,90,7.52,0.17,0.00,0.00,0.00
106,2080,1,5,5,4,52,35.024151,135.779694,47.00,0.00,0.00,0.00,-36.30,1144,17,34,0,-4.25,3.87,359.68,15,1014.90,62,90,90,90,90,7.55,0.09,0.00,0.00,0.00
106,2080,1,5,5,4,52,35.024151,135.779694,47.00,0.00,0.00,0.00,-36.30,1144,17,34,0,-4.25,3.87,359.68,15,1014.89,62,90,90,90,90,7.55,0.09,0.00,0.00,0.00
106,2080,1,5,5,4,52,35.024151,135.779694,47.00,0.00,0.00,0.00,-36.30,1144,17,34,0,-4.63,3.43,359.81,15,1014.89,62,90,90,90,90,7.52,0.15,0.00,0.00,0.00
107,2080,1,5,5,4,52,35.024151,135.779694,47.00,0.00,0.00,0.00,-36.30,1144,17,34,0,-4.63,3.25,359.81,15,1014.90,62,90,90,90,90,7.52,0.15,0.00,0.00,0.00
107,2080,1,5,5,4,52,35.024151,135.779694,47.00,0.00,0.00,0.00,-36.30,1144,17,34,0,-4.63,3.00,359.93,15,1014.91,62,90,90,90,90,7.47,0.18,0.00,0.00,0.00
107,2080,1,5,5,4,52,35.024151,135.779694,47.00,0.00,0.00,0.00,-36.30,1144,17,34,0,-4.63,3.00,359.93,15,1014.91,62,90,90,90,90,7.46,0.69,0.00,0.00,0.00
107,2080,1,5,5,4,52,35.024151,135.779694,47.00,0.00,0.00,0.00,-36.30,1144,17,34,0,-4.63,3.00,359.93,15,1014.91,62,90,90,90,90,7.45,0.39,0.00,0.00,0.00
107,2080,1,5,5,4,52,35.024151,135.779694,47.00,0.00,0.00,0.00,-36.30,1144,17,34,0,-4.82,2.68,0.25,15,1014.91,62,90,90,90,90,7.45,0.39,0.00,0.00,0.00
107,2080,1,5,5,4,52,35.024151,135.779694,47.00,0.00,0.80,-3.60,-46.30,1144,17,34,0,-4.88,2.68,0.25,15,1014.90,62,90,90,90,90,7.45,0.39,0.00,0.00,0.00
107,2080,1,5,5,4,52,35.024151,135.779694,47.00,0.00,0.80,-3.60,-46.30,1144,17,34,0,-4.82,3.00,0.25,15,1014.89,62,90,90,90,90,7.45,0.39,0.00,0.00,0.00
107,2080,1,5,5,4,52,35.024151,135.779694,47.00,0.00,0.73,-6.70,-49.30,1144,17,34,0,-4.88,3.50,0.25,15,1014.89,62,90,90,90,90,7.45,0.39,0.00,0.00,0.00
107,2080,1,5,5,4,52,35.024151,135.779694,47.00,0.00,0.82,-9.90,-52.30,1144,17,34,0,-4.88,3.50,0.25,15,1014.91,62,90,90,90,90,7.45,0.39,0.00,0.00,0.00
108,2080,1,5,5,4,52,35.024151,135.779694,47.00,0.00,1.01,-12.00,-54.30,1144,17,34,0,-5.00,4.00,0.18,15,1014.91,62,90,90,90,90,7.45,0.39,0.00,0.00,0.00
108,2080,1,5,5,4,52,35.024151,135.779694,47.00,0.00,1.15,-12.40,-50.30,1144,17,34,0,-5.07,4.12,0.18,15,1014.91,62,90,90,90,90,7.45,0.39,0.00,0.00,0.00
108,2080,1,5,5,4,52,35.024151,135.779694,47.00,0.00,1.11,-12.00,-45.30,1144,17,34,0,-5.00,4.18,0.18,15,1014.91,62,90,90,90,90,7.49,0.25,0.00,0.00,0.00
108,2080,1,5,5,4,52,35.024151,135.779694,47.00,0.00,0.93,-11.70,-41.30,1144,17,32,0,-4.94,4.25,0.18,15,1014.91,62,90,90,90,90,7.49,0.25,0.00,0.00,0.00
108,2080,1,5,5,4,52,35.024151,135.779694,47.00,0.00,0.88,-11.70,-39.30,1144,17,32,0,-4.94,4.25,0.18,15,1014.89,62,90,90,90,90,7.49,0.25,0.00,0.00,0.00
108,2080,1,5,5,4,52,35.024151,135.779694,47.00,0.00,0.88,-11.70,-39.30,1144,17,32,0,-4.69,4.18,0.18,15,1014.88,62,90,90,90,90,7.49,0.25,0.00,0.00,0.00
108,2080,1,5,5,4,52,35.024151,135.779694,47.00,0.00,1.06,-13.10,-40.30,1144,17,32,0,-4.63,4.25,0.18,15,1014.90,62,90,90,90,90,7.49,0.25,0.00,0.00,0.00
108,2080,1,5,5,4,52,35.024151,135.779694,47.00,0.00,1.06,-13.10,-40.30,1144,17,34,0,-4.50,4.37,0.18,15,1014.88,62,90,90,90,90,7.43,0.33,0.00,0.00,0.00
109,2080,1,5,5,4,52,35.024151,135.779694,47.00,0.00,1.06,-13.10,-40.30,1144,17,18,0,-4.50,4.37,0.18,15,1014.88,62,90,90,90,90,7.42,0.24,0.00,0.00,0.00
109,2080,1,5,5,4,52,35.024151,135.779694,47.00,0.00,1.06,-13.10,-40.30,1144,17,18,0,-4.32,4.68,0.06,15,1014.89,62,90,90,90,90,7.39,0.80,0.00,0.00,0.00
109,2080,1,5,5,4,52,35.024151,135.779694,47.00,0.00,1.06,-13.10,-40.30,1144,17,18,0,-4.57,4.81,0.00,15,1014.92,62,90,90,90,90,7.39,0.80,0.00,0.00,0.00
109,2080,1,5,5,4,52,35.024151,135.779694,47.00,0.00,1.06,-13.10,-40.30,1144,17,18,0,-4.63,4.75,0.00,15,1014.89,62,90,90,90,90,7.39,0.80,0.00,0.00,0.00
109,2080,1,5,5,4,52,35.024151,135.779694,47.00,0.00,1.06,-13.10,-40.30,1144,17,34,0,-4.50,4.87,0.00,15,1014.89,62,90,90,90,90,7.42,0.40,0.00,0.00,0.00
109,2080,1,5,5,4,52,35.024151,135.779694,47.00,0.00,1.06,-13.10,-40.30,1144,17,34,0,-4.50,5.06,0.06,15,1014.89,62,90,90,90,90,7.48,0.43,0.00,0.00,0.00
109,2080,1,5,5,4,52,35.024151,135.779694,47.00,0.00,1.06,-13.10,-40.30,1144,17,34,0,-4.50,5.06,0.00,15,1014.92,62,90,90,90,90,7.52,0.08,0.00,0.00,0.00
109,2080,1,5,5,4,52,35.024151,135.779694,47.00,0.00,1.06,-13.10,-40.30,1144,17,34,0,-4.44,5.37,0.06,15,1014.90,62,90,90,90,90,7.53,0.25,0.00,0.00,0.00
110,2080,1,5,5,4,52,35.024151,135.779694,47.00,0.00,1.06,-13.10,-40.30,1144,17,34,0,-4.44,5.50,0.00,15,1014.92,61,90,90,90,90,7.53,0.25,0.00,0.00,0.00
110,2080,1,5,5,4,52,35.024151,135.779694,47.00,0.00,1.06,-13.10,-40.30,1144,17,34,0,-4.44,5.62,0.00,15,1014.89,61,90,90,90,90,7.54,0.07,0.00,0.00,0.00
110,2080,1,5,5,4,52,35.024151,135.779694,47.00,0.00,1.06,-13.10,-40.30,1144,17,34,0,-4.44,5.56,0.00,15,1014.89,61,90,90,90,90,7.54,0.07,0.00,0.00,0.00
110,2080,1,5,5,4,52,35.024151,135.779694,47.00,0.00,1.06,-13.10,-40.30,1144,17,34,0,-4.44,5.56,0.00,15,1014.93,61,90,90,90,90,7.54,0.07,0.00,0.00,0.00
110,2080,1,5,5,4,52,35.024151,135.779694,47.00,0.00,1.06,-13.10,-40.30,1144,17,34,0,-4.57,5.25,0.12,15,1014.91,61,90,90,90,90,7.54,0.07,0.00,0.00,0.00
110,2080,1,5,5,4,52,35.024151,135.779694,47.00,0.00,1.06,-13.10,-40.30,1144,17,34,0,-4.69,5.12,0.18,15,1014.89,61,90,90,90,90,7.54,0.07,0.00,0.00,0.00
110,2080,1,5,5,4,52,35.024151,135.779694,47.00,0.00,1.06,-13.10,-40.30,1144,17,34,0,-4.75,4.81,0.18,15,1014.90,61,90,90,90,90,7.54,0.07,0.00,0.00,0.00
110,2080,1,5,5,4,52,35.024151,135.779694,47.00,0.00,1.06,-13.10,-40.30,1144,17,32,0,-4.69,4.75,0.18,15,1014.90,61,90,90,90,90,7.40,0.30,0.00,0.00,0.00
110,2080,1,5,5,4,52,35.024151,135.779694,47.00,0.00,1.06,-13.10,-40.30,1144,17,32,0,-4.69,4.75,0.18,15,1014.91,61,90,90,90,90,7.48,0.47,0.00,0.00,0.00
111,2080,1,5,5,4,52,35.024151,135.779694,47.00,0.00,1.69,7.00,-54.30,1144,17,32,0,-4.50,5.12,0.12,15,1014.91,61,90,90,90,90,7.48,0.47,0.00,0.00,0.00
111,2080,1,5,5,4,52,35.024151,135.779694,47.00,0.00,1.93,4.90,-51.30,1144,17,32,0,-4.38,5.12,0.12,15,1014.91,61,90,90,90,90,7.48,0.47,0.00,0.00,0.00
111,2080,1,5,5,4,52,35.024151,135.779694,47.00,0.00,1.86,7.30,-52.30,1144,17,32,0,-4.25,5.12,0.12,15,1014.91,61,90,90,90,90,7.48,0.47,0.00,0.00,0.00
111,2080,1,5,5,4,52,35.024151,135.779694,47.00,0.00,1.80,16.10,-8.30,1144,17,34,0,-4.25,5.12,0.12,15,1014.91,61,90,90,90,90,7.48,0.47,0.00,0.00,0.00
111,2080,1,5,5,4,52,35.024151,135.779694,47.00,0.00,1.80,17.50,-37.30,1144,17,34,0,-4.25,5.12,0.12,15,1014.93,61,90,90,90,90,7.48,0.31,0.00,0.00,0.00
111,2080,1,5,5,4,52,35.024151,135.779694,47.00,0.00,1.95,16.10,-11.30,1144,17,34,0,-4.38,5.00,0.12,15,1014.91,61,90,90,90,90,7.55,0.10,0.00,0.00,0.00
111,2080,1,5,5,4,52,35.024151,135.779694,47.00,0.00,1.82,15.40,-64.30,1144,17,34,0,-4.50,5.12,0.12,15,1014.94,61,90,90,90,90,7.55,0.10,0.00,0.00,0.00
111,2080,1,5,5,4,52,35.024151,135.779694,47.00,0.00,1.70,15.80,-57.30,1144,17,34,0,-4.63,5.25,0.06,15,1014.94,61,90,90,90,90,7.48,0.50,0.00,0.00,0.00
112,2080,1,5,5,4,52,35.024151,135.779694,47.00,0.00,1.77,16.10,-59.30,1144,17,34,0,-4.57,5.37,359.93,15,1014.94,61,90,90,90,90,7.48,0.50,0.00,0.00,0.00
112,2080,1,5,5,4,52,35.024151,135.779694,47.00,0.00,1.73,16.50,-62.30,1144,17,34,0,-4.57,5.37,359.93,15,1014.91,61,90,90,90,90,7.48,0.51,0.00,0.00,0.00
112,2080,1,5,5,4,52,35.024151,135.779694,47.00,0.00,1.80,15.10,-66.30,1144,17,34,0,-4.44,4.93,359.81,15,1014.93,61,90,90,90,90,7.48,0.51,0.00,0.00,0.00
112,2080,1,5,5,4,52,35.024151,135.779694,47.00,0.00,2.31,13.30,-9.30,1144,17,34,0,-4.32,4.87,359.75,15,1014.91,61,90,90,90,90,7.48,0.51,0.00,0.00,0.00
112,2080,1,5,5,4,52,35.024151,135.779694,47.00,0.00,2.31,13.30,-9.30,1144,17,34,0,-4.19,4.68,359.68,15,1014.91,61,90,90,90,90,7.49,0.34,0.00,0.00,0.00
112,2080,1,5,5,4,52,35.024151,135.779694,47.00,0.00,2.31,13.30,-9.30,1144,17,34,0,-4.19,4.43,359.62,15,1014.91,61,90,90,90,90,7.54,0.05,0.00,0.00,0.00
112,2080,1,5,5,4,52,35.024151,135.779694,47.00,0.00,2.31,13.30,-9.30,1144,17,34,0,-4.19,4.43,359.62,15,1014.91,61,90,90,90,90,7.43,0.77,0.00,0.00,0.00
112,2080,1,5,5,4,52,35.024151,135.779694,47.00,0.00,2.31,13.30,-9.30,1144,17,34,0,-4.07,4.50,359.50,15,1014.93,61,90,90,90,90,7.43,0.77,0.00,0.00,0.00
113,2080,1,5,5,4,52,35.024151,135.779694,47.00,0.00,2.31,13.30,-9.30,1144,17,34,0,-4.13,4.87,359.06,15,1014.93,61,90,90,90,90,7.43,0.77,0.00,0.00,0.00
113,2080,1,5,5,4,52,35.024151,135.779694,47.00,0.00,2.31,13.30,-9.30,1144,17,34,0,-4.19,5.25,358.62,15,1014.91,61,90,90,90,90,7.43,0.77,0.00,0.00,0.00
113,2080,1,5,5,4,52,35.024151,135.779694,47.00,0.00,2.31,13.30,-9.30,1144,17,34,0,-4.19,5.43,358.31,15,1014.92,61,90,90,90,90,7.43,0.77,0.00,0.00,0.00
113,2080,1,5,5,4,52,35.024151,135.779694,47.00,0.00,2.31,13.30,-9.30,1144,17,34,0,-4.25,5.87,357.87,15,1014.92,61,90,90,90,90,7.35,1.63,0.00,0.00,0.00
113,2080,1,5,5,4,52,35.024151,135.779694,47.00,0.00,2.31,13.30,-9.30,1144,17,34,0,-4.25,6.18,357.56,15,1014.91,61,90,90,90,90,7.35,1.63,0.00,0.00,0.00
113,2080,1,5,5,4,52,35.024151,135.779694,47.00,0.00,2.31,13.30,-9.30,1144,17,34,0,-4.32,6.75,356.68,15,1014.91,61,90,90,90,90,7.53,0.06,0.00,0.00,0.00
113,2080,1,5,5,4,52,35.024151,135.779694,47.00,0.00,2.31,13.30,-9.30,1144,17,34,0,-4.25,7.00,356.43,15,1014.91,61,90,90,90,90,7.53,0.06,0.00,0.00,0.00
113,2080,1,5,5,4,52,35.024151,135.779694,47.00,0.00,2.31,13.30,-9.30,1144,17,34,0,-4.19,7.18,356.18,15,1014.91,61,90,90,90,90,7.53,0.06,0.00,0.00,0.00
113,2080,1,5,5,4,52,35.024151,135.779694,47.00,0.00,2.31,13.30,-9.30,1144,17,32,0,-4.32,7.25,356.12,15,1014.91,61,90,90,90,90,7.55,0.07,0.00,0.00,0.00
114,2080,1,5,5,4,52,35.024151,135.779694,47.00,0.00,2.31,13.30,-9.30,1144,17,34,0,-4.32,7.25,356.12,15,1014.92,61,90,90,90,90,7.53,0.24,0.00,0.00,0.00
114,2080,1,5,5,4,52,35.024151,135.779694,47.00,0.00,2.31,13.30,-9.30,1144,17,34,0,-3.88,6.62,356.31,15,1014.94,61,90,90,90,90,7.25,2.68,0.00,0.00,0.00
114,2080,1,5,5,4,52,35.024151,135.779694,47.00,0.00,2.31,13.30,-9.30,1144,17,34,0,-3.75,6.18,356.37,15,1014.92,61,90,90,90,90,7.25,2.68,0.00,0.00,0.00
114,2080,1,5,5,4,52,35.024151,135.779694,47.00,0.00,2.31,13.30,-9.30,1144,17,34,0,-3.82,5.68,356.50,15,1014.91,61,90,90,90,90,7.45,0.41,0.00,0.00,0.00
114,2080,1,5,5,4,52,35.024151,135.779694,47.00,0.00,2.31,13.30,-9.30,1144,17,34,0,-3.88,5.06,356.68,15,1014.91,61,90,90,90,90,7.53,0.14,0.00,0.00,0.00
114,2080,1,5,5,4,52,35.024151,135.779694,47.00,0.00,1.77,5.90,-49.30,1144,17,34,0,-3.88,5.06,356.68,15,1014.90,61,90,90,90,90,7.07,1.33,0.00,0.00,0.00
114,2080,1,5,5,4,52,35.024151,135.779694,47.00,0.00,1.77,5.90,-49.30,1144,17,34,0,-3.88,5.06,356.68,15,1014.91,61,90,90,90,90,7.43,0.35,0.00,0.00,0.00
114,2080,1,5,5,4,52,35.024151,135.779694,47.00,0.00,1.99,25.30,-11.30,1144,17,34,0,-3.75,3.62,357.00,15,1014.91,61,90,90,90,90,7.54,0.13,0.00,0.00,0.00
115,2080,1,5,5,4,52,35.024151,135.779694,47.00,0.00,1.93,20.30,-37.30,1144,17,34,0,-3.82,3.12,357.12,15,1014.91,61,90,90,90,90,7.42,0.70,0.00,0.00,0.00
115,2080,1,5,5,4,52,35.024151,135.779694,47.00,0.00,1.78,15.10,-38.30,1144,17,34,0,-3.82,3.12,357.12,15,1014.91,61,90,90,90,90,7.36,0.21,0.00,0.00,0.00
115,2080,1,5,5,4,52,35.024151,135.779694,47.00,0.00,1.78,15.10,-38.30,1144,17,34,0,-3.69,2.37,357.31,15,1014.92,61,90,90,90,90,7.36,0.21,0.00,0.00,0.00
115,2080,1,5,5,4,52,35.024151,135.779694,47.00,0.00,1.78,15.10,-38.30,1144,17,34,0,-3.69,2.31,357.31,15,1014.93,61,90,90,90,90,7.36,0.21,0.00,0.00,0.00
115,2080,1,5,5,4,52,35.024151,135.779694,47.00,0.00,1.78,15.10,-38.30,1144,17,34,0,-3.63,2.18,357.50,15,1014.93,61,90,90,90,90,7.36,0.21,0.00,0.00,0.00
115,2080,1,5,5,4,52,35.024151,135.779694,47.00,0.00,1.78,15.10,-38.30,1144,17,34,0,-3.63,2.25,357.50,15,1014.93,61,90,90,90,90,7.36,0.21,0.00,0.00,0.00
115,2080,1,5,5,4,52,35.024151,135.779694,47.00,0.00,1.78,15.10,-38.30,1144,17,34,0,-3.63,2.25,357.50,15,1014.90,61,90,90,90,90,7.54,0.07,0.00,0.00,0.00
115,2080,1,5,5,4,52,35.024151,135.779694,47.00,0.00,1.78,15.10,-38.30,1144,17,34,0,-3.82,3.00,357.68,15,1014.92,61,90,90,90,90,7.55,0.10,0.00,0.00,0.00
116,2080,1,5,5,4,52,35.024151,135.779694,47.00,0.00,1.78,15.10,-38.30,1144,17,34,0,-3.82,3.31,357.37,15,1014.92,61,90,90,90,90,7.55,0.10,0.00,0.00,0.00
116,2080,1,5,5,4,52,35.024151,135.779694,47.00,0.00,1.78,15.10,-38.30,1144,17,34,0,-3.69,3.31,357.31,15,1014.93,61,90,90,90,90,7.45,0.42,0.00,0.00,0.00
116,2080,1,5,5,4,52,35.024151,135.779694,47.00,0.00,1.78,15.10,-38.30,1144,17,34,0,-3.63,3.56,357.12,15,1014.92,61,90,90,90,90,7.45,0.42,0.00,0.00,0.00
116,2080,1,5,5,4,52,35.024151,135.779694,47.00,0.00,1.78,15.10,-38.30,1144,17,30,0,-3.63,3.56,357.12,15,1014.90,61,90,90,90,90,7.45,0.42,0.00,0.00,0.00
116,2080,1,5,5,4,52,35.024151,135.779694,47.00,0.00,1.78,15.10,-38.30,1144,17,34,0,-3.32,4.12,356.81,15,1014.90,61,90,90,90,90,7.49,0.15,0.00,0.00,0.00
116,2080,1,5,5,4,52,35.024151,135.779694,47.00,0.00,1.78,15.10,-38.30,1144,17,34,0,-3.25,4.00,356.81,15,1014.89,61,90,90,90,90,7.49,0.15,0.00,0.00,0.00
116,2080,1,5,5,4,52,35.024151,135.779694,47.00,0.00,1.78,15.10,-38.30,1144,17,34,0,-3.25,3.75,356.87,15,1014.89,61,90,90,90,90,7.52,0.33,0.00,0.00,0.00
116,2080,1,5,5,4,52,35.024151,135.779694,47.00,0.00,1.78,15.10,-38.30,1144,17,34,0,-3.32,3.43,356.93,15,1014.88,61,90,90,90,90,7.52,0.33,0.00,0.00,0.00
117,2080,1,5,5,4,52,35.024151,135.779694,47.00,0.00,1.78,15.10,-38.30,1144,17,34,0,-3.32,3.43,356.93,15,1014.89,61,90,90,90,90,7.52,0.33,0.00,0.00,0.00
117,2080,1,5,5,4,52,35.024151,135.779694,47.00,0.00,1.78,15.10,-38.30,1144,17,34,0,-3.25,1.68,357.25,15,1014.89,61,90,90,90,90,7.48,0.34,0.00,0.00,0.00
117,2080,1,5,5,4,52,35.024151,135.779694,47.00,0.00,1.78,15.10,-38.30,1144,17,34,0,-3.25,1.06,357.31,15,1014.91,61,90,90,90,90,7.48,0.34,0.00,0.00,0.00
117,2080,1,5,5,4,52,35.024151,135.779694,47.00,0.00,2.02,6.60,-46.30,1144,17,34,0,-3.07,0.37,357.43,15,1014.91,61,90,90,90,90,7.51,0.39,0.00,0.00,0.00
117,2080,1,5,5,4,52,35.024151,135.779694,47.00,0.00,2.02,8.40,-45.30,1144,17,34,0,-3.00,0.00,357.56,15,1014.91,61,90,90,90,90,7.51,0.39,0.00,0.00,0.00
117,2080,1,5,5,4,52,35.024151,135.779694,47.00,0.00,1.82,9.10,-44.30,1144,17,34,0,-3.00,0.00,357.56,15,1014.90,61,90,90,90,90,7.51,0.39,0.00,0.00,0.00
117,2080,1,5,5,4,52,35.024151,135.779694,47.00,0.00,1.78,6.60,-45.30,1144,17,34,0,-3.00,0.00,357.56,15,1014.93,61,90,90,90,90,7.49,0.23,0.00,0.00,0.00
117,2080,1,5,5,4,52,35.024151,135.779694,47.00,0.00,1.83,4.90,-53.30,1144,17,34,0,-2.82,0.12,357.62,15,1014.89,61,90,90,90,90,7.49,0.23,0.00,0.00,0.00
117,2080,1,5,5,4,52,35.024151,135.779694,47.00,0.00,2.36,5.20,-51.30,1144,17,34,0,-2.75,0.75,357.37,15,1014.90,61,90,90,90,90,7.49,0.23,0.00,0.00,0.00
118,2080,1,5,5,4,52,35.024151,135.779694,47.00,0.00,2.19,5.20,-46.30,1144,17,34,0,-2.75,1.75,357.00,15,1014.92,61,90,90,90,90,7.49,0.23,0.00,0.00,0.00
118,2080,1,5,5,4,52,35.024151,135.779694,47.00,0.00,2.02,6.60,-44.30,1144,17,34,0,-2.75,1.75,357.00,15,1014.93,61,90,90,90,90,7.49,0.23,0.00,0.00,0.00
118,2080,1,5,5,4,52,35.024151,135.779694,47.00,0.00,1.87,6.60,-46.30,1144,17,34,0,-2.75,1.75,357.00,15,1014.91,61,90,90,90,90,7.52,0.18,0.00,0.00,0.00
118,2080,1,5,5,4,52,35.024151,135.779694,47.00,0.00,1.63,3.10,-47.30,1144,17,36,0,-2.32,2.62,356.18,15,1014.93,61,90,90,90,90,7.52,0.18,0.00,0.00,0.00
118,2080,1,5,5,4,52,35.024151,135.779694,47.00,0.00,1.44,0.70,-46.30,1144,17,36,0,-2.32,2.81,356.06,15,1014.89,61,90,90,90,90,7.26,0.40,0.00,0.00,0.00
118,2080,1,5,5,4,52,35.024151,135.779694,47.00,0.00,1.16,1.00,-47.30,1144,17,36,0,-2.32,3.18,355.81,15,1014.89,61,90,90,90,90,7.26,0.40,0.00,0.00,0.00
118,2080,1,5,5,4,52,35.024151,135.779694,47.00,0.00,1.17,4.50,-50.30,1144,17,36,0,-2.32,3.18,355.81,15,1014.94,61,90,90,90,90,7.26,0.40,0.00,0.00,0.00
118,2080,1,5,5,4,52,35.024151,135.779694,47.00,0.00,1.17,4.50,-50.30,1144,17,34,0,-2.32,3.18,355.81,15,1014.90,62,90,90,90,90,7.26,0.40,0.00,0.00,0.00
119,2080,1,5,5,4,52,35.024151,135.779694,47.00,0.00,1.17,4.50,-50.30,1144,17,34,0,-2.32,3.18,355.81,15,1014.91,62,90,90,90,90,7.48,0.52,0.00,0.00,0.00
119,2080,1,5,5,4,52,35.024151,135.779694,47.00,0.00,1.17,4.50,-50.30,1144,17,34,0,-2.32,3.56,355.62,15,1014.89,62,90,90,90,90,7.48,0.52,0.00,0.00,0.00
119,2080,1,5,5,4,52,35.024151,135.779694,47.00,0.00,1.17,4.50,-50.30,1144,17,34,0,-2.32,3.31,355.68,15,1014.90,62,90,90,90,90,7.48,0.52,0.00,0.00,0.00
119,2080,1,5,5,4,52,35.024151,135.779694,47.00,0.00,1.17,4.50,-50.30,1144,17,34,0,-2.38,2.81,355.87,15,1014.90,62,90,90,90,90,7.55,0.10,0.00,0.00,0.00
119,2080,1,5,5,4,52,35.024151,135.779694,47.00,0.00,1.17,4.50,-50.30,1144,17,34,0,-2.38,2.81,355.87,15,1014.91,62,90,90,90,90,7.55,0.10,0.00,0.00,0.00
119,2080,1,5,5,4,52,35.024151,135.779694,47.00,0.00,1.17,4.50,-50.30,1144,17,34,0,-2.38,2.81,355.87,15,1014.90,62,90,90,90,90,7.49,0.21,0.00,0.00,0.00
119,2080,1,5,5,4,52,35.024151,135.779694,47.00,0.00,1.17,4.50,-50.30,1144,17,34,0,-2.07,1.18,356.75,15,1014.91,62,90,90,90,90,7.49,0.21,0.00,0.00,0.00
119,2080,1,5,5,4,52,35.024151,135.779694,47.00,0.00,1.17,4.50,-50.30,1144,17,34,0,-1.94,1.31,356.81,15,1014.90,62,90,90,90,90,7.49,0.21,0.00,0.00,0.00
120,2080,1,5,5,4,52,35.024151,135.779694,47.00,0.00,1.17,4.50,-50.30,1144,17,34,0,-1.82,1.31,356.87,15,1014.90,62,90,90,90,90,7.47,0.19,0.00,0.00,0.00
120,2080,1,5,5,4,52,35.024151,135.779694,47.00,0.00,1.17,4.50,-50.30,1144,17,34,0,-1.82,1.31,356.87,15,1014.89,62,90,90,90,90,7.52,0.13,0.00,0.00,0.00
120,2080,1,5,5,4,52,35.024151,135.779694,47.00,0.00,1.17,4.50,-50.30,1144,17,34,0,-1.82,1.31,356.87,15,1014.89,62,90,90,90,90,7.52,0.13,0.00,0.00,0.00
120,2080,1,5,5,4,52,35.024151,135.779694,47.00,0.00,1.17,4.50,-50.30,1144,17,34,0,-1.32,1.81,356.43,15,1014.89,62,90,90,90,90,7.52,0.13,0.00,0.00,0.00
120,2080,1,5,5,4,52,35.024151,135.779694,47.00,0.00,1.17,4.50,-50.30,1144,17,34,0,-1.38,2.12,356.18,15,1014.91,62,90,90,90,90,7.53,0.06,0.00,0.00,0.00
120,2080,1,5,5,4,52,35.024151,135.779694,47.00,0.00,1.17,4.50,-50.30,1144,17,34,0,-1.57,2.25,356.06,15,1014.89,62,90,90,90,90,7.55,0.08,0.00,0.00,0.00
120,2080,1,5,5,4,52,35.024151,135.779694,47.00,0.00,1.11,22.80,-17.30,1144,17,34,0,-1.75,2.37,355.87,15,1014.92,62,90,90,90,90,7.55,0.08,0.00,0.00,0.00
120,2080,1,5,5,4,52,35.024151,135.779694,47.00,0.00,1.11,22.80,-17.30,1144,17,34,0,-1.75,2.37,355.87,15,1014.89,62,90,90,90,90,7.55,0.08,0.00,0.00,0.00
120,2080,1,5,5,4,52,35.024151,135.779694,47.00,0.00,1.05,24.90,-62.30,1144,17,34,0,-1.69,2.68,355.37,15,1014.89,62,90,90,90,90,7.55,0.08,0.00,0.00,0.00
121,2080,1,5,5,4,52,35.024151,135.779694,47.00,0.00,1.05,24.90,-62.30,1144,17,34,0,-1.69,2.62,355.18,15,1014.90,62,90,90,90,90,7.55,0.08,0.00,0.00,0.00
121,2080,1,5,5,4,52,35.024151,135.779694,47.00,0.00,0.49,23.20,-64.30,1144,17,34,0,-1.75,2.37,355.00,15,1014.86,62,90,90,90,90,7.52,0.21,0.00,0.00,0.00
121,2080,1,5,5,4,52,35.024151,135.779694,47.00,0.00,0.00,11.90,-7.30,1144,17,34,0,-1.75,2.06,354.87,15,1014.90,62,90,90,90,90,7.52,0.21,0.00,0.00,0.00
121,2080,1,5,5,4,52,35.024151,135.779694,47.00,0.00,0.00,0.30,-14.30,1144,17,34,0,-1.75,2.06,354.87,15,1014.88,62,90,90,90,90,7.52,0.21,0.00,0.00,0.00
121,2080,1,5,5,4,52,35.024151,135.779694,47.00,0.00,0.00,-2.50,-14.30,1144,17,34,0,-1.63,1.25,354.50,15,1014.91,62,90,90,90,90,7.52,0.21,0.00,0.00,0.00
121,2080,1,5,5,4,52,35.024151,135.779694,47.00,0.00,0.00,-4.60,-15.30,1144,17,34,0,-1.63,1.00,354.43,15,1014.91,62,90,90,90,90,7.51,0.47,0.00,0.00,0.00
121,2080,1,5,5,4,52,35.024151,135.779694,47.00,0.00,0.00,-12.00,-18.30,1144,17,34,0,-1.63,0.87,354.43,15,1014.88,62,90,90,90,90,7.51,0.17,0.00,0.00,0.00
121,2080,1,5,5,4,52,35.024151,135.779694,47.00,0.00,0.00,-21.80,-19.30,1144,17,34,0,-1.63,0.87,354.43,15,1014.87,62,90,90,90,90,7.51,0.17,0.00,0.00,0.00
122,2080,1,5,5,4,52,35.024151,135.779694,47.00,0.00,0.00,-21.80,-19.30,1144,17,36,0,-1.63,-0.13,354.25,15,1014.85,62,90,90,90,90,7.51,0.17,0.00,0.00,0.00
122,2080,1,5,5,4,52,35.024151,135.779694,47.00,0.00,0.00,-21.80,-19.30,1144,17,36,0,-1.57,-0.32,354.06,15,1014.88,62,90,90,90,90,7.51,0.17,0.00,0.00,0.00
122,2080,1,5,5,4,52,35.024151,135.779694,47.00,0.00,0.00,-21.80,-19.30,1144,17,36,0,-1.38,-0.38,353.93,15,1014.89,62,90,90,90,90,7.46,0.54,0.00,0.00,0.00
122,2080,1,5,5,4,52,35.024151,135.779694,47.00,0.00,0.00,-21.80,-19.30,1144,17,36,0,-1.13,-0.38,353.75,15,1014.89,62,90,90,90,90,7.53,0.09,0.00,0.00,0.00
122,2080,1,5,5,4,52,35.024151,135.779694,47.00,0.00,0.00,-21.80,-19.30,1144,17,36,0,-1.13,-0.38,353.75,15,1014.88,62,90,90,90,90,7.53,0.14,0.00,0.00,0.00
122,2080,1,5,5,4,52,35.024151,135.779694,47.00,0.00,0.00,-21.80,-19.30,1144,17,36,0,-1.00,-0.44,353.68,15,1014.89,62,90,90,90,90,7.53,0.14,0.00,0.00,0.00
122,2080,1,5,5,4,52,35.024151,135.779694,47.00,0.00,0.00,-21.80,-19.30,1144,17,36,0,-1.07,-0.19,353.43,15,1014.88,62,90,90,90,90,7.53,0.14,0.00,0.00,0.00
122,2080,1,5,5,4,52,35.024151,135.779694,47.00,0.00,0.00,-21.80,-19.30,1144,17,36,0,-1.19,0.06,353.25,15,1014.86,62,90,90,90,90,7.52,0.18,0.00,0.00,0.00
123,2080,1,5,5,4,52,35.024151,135.779694,47.00,0.00,0.00,-21.80,-19.30,1144,17,36,0,-1.32,0.18,353.00,15,1014.86,62,90,90,90,90,7.52,0.18,0.00,0.00,0.00
123,2080,1,5,5,4,52,35.024151,135.779694,47.00,0.00,0.00,-21.80,-19.30,1144,17,36,0,-1.32,0.18,353.00,15,1014.88,62,90,90,90,90,7.52,0.18,0.00,0.00,0.00
123,2080,1,5,5,4,52,35.024151,135.779694,47.00,0.00,0.00,-21.80,-19.30,1144,17,34,0,-1.07,0.00,352.81,15,1014.89,62,90,90,90,90,7.52,0.18,0.00,0.00,0.00
123,2080,1,5,5,4,52,35.024151,135.779694,47.00,0.00,0.00,-21.80,-19.30,1144,17,34,0,-0.94,-0.57,352.87,15,1014.86,62,90,90,90,90,7.52,0.18,0.00,0.00,0.00
123,2080,1,5,5,4,52,35.024151,135.779694,47.00,0.00,0.00,-21.80,-19.30,1144,17,34,0,-0.82,-0.69,352.93,15,1014.90,62,90,90,90,90,7.43,0.48,0.00,0.00,0.00
123,2080,1,5,5,4,52,35.024151,135.779694,47.00,0.00,0.00,-21.80,-19.30,1144,17,34,0,-0.82,-0.69,352.93,15,1014.91,62,90,90,90,90,7.43,0.48,0.00,0.00,0.00
123,2080,1,5,5,4,52,35.024151,135.779694,47.00,0.00,0.00,-21.80,-19.30,1144,17,34,0,-0.82,-0.69,352.93,15,1014.91,62,90,90,90,90,7.43,0.48,0.00,0.00,0.00
123,2080,1,5,5,4,52,35.024151,135.779694,47.00,0.00,0.00,-21.80,-19.30,1144,17,34,0,-0.94,-0.69,353.06,15,1014.88,62,90,90,90,90,7.43,0.48,0.00,0.00,0.00
123,2080,1,5,5,4,52,35.024151,135.779694,47.00,0.00,0.00,-21.80,-19.30,1144,17,36,0,-1.13,-2.13,353.81,15,1014.88,62,90,90,90,90,7.43,0.48,0.00,0.00,0.00
124,2080,1,5,5,4,52,35.024151,135.779694,47.00,0.00,0.00,17.20,-36.30,1144,17,36,0,-1.13,-2.75,354.25,15,1014.89,62,90,90,90,90,7.49,0.36,0.00,0.00,0.00
124,2080,1,5,5,4,52,35.024151,135.779694,47.00,0.00,0.00,-2.90,-36.30,1144,17,36,0,-1.07,-3.00,354.62,15,1014.89,62,90,90,90,90,7.49,0.24,0.00,0.00,0.00
124,2080,1,5,5,4,52,35.024151,135.779694,47.00,0.00,0.00,-21.50,-36.30,1144,17,36,0,-0.94,-3.13,354.75,15,1014.91,62,90,90,90,90,7.52,0.15,0.00,0.00,0.00
124,2080,1,5,5,4,52,35.024151,135.779694,47.00,0.00,0.00,-45.40,-36.30,1144,17,36,0,-0.75,-4.25,355.56,15,1014.87,62,90,90,90,90,7.52,0.15,0.00,0.00,0.00
124,2080,1,5,5,4,52,35.024151,135.779694,47.00,0.00,0.00,0.00,-36.30,1144,17,36,0,-0.75,-4.50,355.81,15,1014.88,62,90,90,90,90,7.52,0.15,0.00,0.00,0.00
124,2080,1,5,5,4,52,35.024151,135.779694,47.00,0.00,0.00,0.00,-36.30,1144,17,36,0,-0.69,-4.38,355.81,15,1014.91,62,90,90,90,90,7.54,0.06,0.00,0.00,0.00
124,2080,1,5,5,4,52,35.024151,135.779694,47.00,0.00,0.00,0.00,-36.30,1144,17,36,0,-0.69,-4.38,355.81,15,1014.91,62,90,90,90,90,7.49,0.17,0.00,0.00,0.00
124,2080,1,5,5,4,52,35.024151,135.779694,47.00,0.00,0.00,0.00,-36.30,1144,17,36,0,-0.50,-3.63,355.62,15,1014.87,62,90,90,90,90,7.48,0.34,0.00,0.00,0.00
125,2080,1,5,5,4,52,35.024151,135.779694,47.00,0.00,0.00,0.00,-36.30,1144,17,36,0,-0.82,-2.63,355.56,15,1014.89,62,90,90,90,90,7.48,0.34,0.00,0.00,0.00
125,2080,1,5,5,4,52,35.024151,135.779694,47.00,0.00,0.00,0.00,-36.30,1144,17,36,0,-1.07,-2.25,355.43,15,1014.89,62,90,90,90,90,7.52,0.21,0.00,0.00,0.00
125,2080,1,5,5,4,52,35.024151,135.779694,47.00,0.00,0.00,0.00,-36.30,1144,17,36,0,-1.25,-2.00,355.37,15,1014.89,62,90,90,90,90,7.33,1.45,0.00,0.00,0.00
125,2080,1,5,5,4,52,35.024151,135.779694,47.00,0.00,0.00,0.00,-36.30,1144,17,36,0,-1.32,-1.94,355.37,15,1014.87,62,90,90,90,90,7.33,1.45,0.00,0.00,0.00
125,2080,1,5,5,4,52,35.024151,135.779694,47.00,0.00,0.00,0.00,-36.30,1144,17,36,0,-1.32,-1.88,355.31,15,1014.89,62,90,90,90,90,7.33,1.45,0.00,0.00,0.00
125,2080,1,5,5,4,52,35.024151,135.779694,47.00,0.00,0.00,0.00,-36.30,1144,17,34,0,-1.25,-1.82,355.18,15,1014.90,62,90,90,90,90,7.33,1.45,0.00,0.00,0.00
125,2080,1,5,5,4,52,35.024151,135.779694,47.00,0.00,0.00,0.00,-36.30,1144,17,34,0,-1.25,-1.75,355.12,15,1014.89,62,90,90,90,90,7.33,1.45,0.00,0.00,0.00
125,2080,1,5,5,4,52,35.024151,135.779694,47.00,0.00,0.00,0.00,-36.30,1144,17,34,0,-1.25,-1.57,355.06,15,1014.87,62,90,90,90,90,7.48,0.60,0.00,0.00,0.00
126,2080,1,5,5,4,52,35.024151,135.779694,47.00,0.00,0.00,0.00,-36.30,1144,17,34,0,-1.25,-1.50,355.06,15,1014.87,62,90,90,90,90,7.48,0.60,0.00,0.00,0.00
126,2080,1,5,5,4,52,35.024151,135.779694,47.00,0.00,0.00,0.00,-36.30,1144,17,34,0,-1.25,-1.50,355.06,15,1014.89,62,90,90,90,90,7.48,0.60,0.00,0.00,0.00
126,2080,1,5,5,4,52,35.024151,135.779694,47.00,0.00,0.00,0.00,-36.30,1144,17,34,0,-1.25,-1.44,355.12,15,1014.88,62,90,90,90,90,7.48,0.60,0.00,0.00,0.00
126,2080,1,5,5,4,52,35.024151,135.779694,47.00,0.00,0.00,0.00,-36.30,1144,17,34,0,-1.44,-1.57,355.68,15,1014.90,62,90,90,90,90,7.48,0.60,0.00,0.00,0.00
126,2080,1,5,5,4,52,35.024151,135.779694,47.00,0.00,0.00,0.00,-36.30,1144,17,34,0,-1.50,-1.75,355.93,15,1014.88,62,90,90,90,90,7.48,0.60,0.00,0.00,0.00
126,2080,1,5,5,4,52,35.024151,135.779694,47.00,0.00,0.00,0.00,-36.30,1144,17,34,0,-1.50,-1.88,356.12,15,1014.88,62,90,90,90,90,7.53,0.15,0.00,0.00,0.00
126,2080,1,5,5,4,52,35.024151,135.779694,47.00,0.00,0.00,0.00,-36.30,1144,17,34,0,-1.50,-1.88,356.12,15,1014.88,62,90,90,90,90,7.53,0.13,0.00,0.00,0.00
126,2080,1,5,5,4,52,35.024151,135.779694,47.00,0.00,0.00,0.00,-36.30,1144,17,34,0,-1.50,-1.88,356.12,15,1014.90,62,90,90,90,90,7.53,0.13,0.00,0.00,0.00
127,2080,1,5,5,4,52,35.024151,135.779694,47.00,0.00,0.00,0.00,-36.30,1144,17,34,0,-1.50,-1.50,356.00,15,1014.90,62,90,90,90,90,7.53,0.13,0.00,0.00,0.00
127,2080,1,5,5,4,52,35.024151,135.779694,47.00,0.00,0.49,0.00,-36.30,1144,17,34,0,-1.63,-1.13,355.81,15,1014.90,62,90,90,90,90,7.53,0.13,0.00,0.00,0.00
127,2080,1,5,5,4,52,35.024151,135.779694,47.00,0.00,0.00,0.00,-36.30,1144,17,34,0,-1.69,-0.69,355.56,15,1014.88,62,90,90,90,90,7.54,0.10,0.00,0.00,0.00
127,2080,1,5,5,4,52,35.024151,135.779694,47.00,0.00,0.00,0.00,-36.30,1144,17,34,0,-1.69,-0.69,355.56,15,1014.88,62,90,90,90,90,7.55,0.08,0.00,0.00,0.00
127,2080,1,5,5,4,52,35.024151,135.779694,47.00,0.00,0.00,0.00,-36.30,1144,17,34,0,-1.82,-0.19,355.25,15,1014.87,61,90,90,90,90,7.48,0.29,0.00,0.00,0.00
127,2080,1,5,5,4,52,35.024151,135.779694,47.00,0.00,0.00,0.00,-36.30,1144,17,34,0,-2.00,0.00,354.93,15,1014.89,61,90,90,90,90,7.38,0.21,0.00,0.00,0.00
127,2080,1,5,5,4,52,35.024151,135.779694,47.00,0.00,0.00,0.00,-36.30,1144,17,34,0,-2.07,0.12,354.68,15,1014.90,62,90,90,90,90,7.38,0.21,0.00,0.00,0.00
127,2080,1,5,5,4,52,35.024151,135.779694,47.00,0.00,0.00,0.00,-36.30,1144,17,34,0,-2.13,0.31,354.43,15,1014.90,62,90,90,90,90,7.54,0.07,0.00,0.00,0.00
127,2080,1,5,5,4,52,35.024151,135.779694,47.00,0.00,0.00,0.00,-36.30,1144,17,34,0,-2.13,0.31,354.43,15,1014.90,62,90,90,90,90,7.51,0.14,0.00,0.00,0.00
128,2080,1,5,5,4,52,35.024151,135.779694,47.00,0.00,0.00,0.00,-36.30,1144,17,34,0,-2.19,0.68,354.00,15,1014.90,61,90,90,90,90,7.51,0.14,0.00,0.00,0.00
128,2080,1,5,5,4,52,35.024151,135.779694,47.00,0.00,0.00,0.00,-36.30,1144,17,34,0,-2.44,1.12,353.56,15,1014.90,61,90,90,90,90,7.51,0.14,0.00,0.00,0.00
128,2080,1,5,5,4,52,35.024151,135.779694,47.00,0.00,0.00,0.00,-36.30,1144,17,34,0,-2.44,1.25,353.50,15,1014.90,61,90,90,90,90,7.51,0.14,0.00,0.00,0.00
128,2080,1,5,5,4,52,35.024151,135.779694,47.00,0.00,0.00,0.00,-36.30,1144,17,34,0,-2.44,1.25,353.50,15,1014.90,61,90,90,90,90,7.49,0.18,0.00,0.00,0.00
128,2080,1,5,5,4,52,35.024151,135.779694,47.00,0.00,0.00,0.00,-36.30,1144,17,34,0,-2.50,0.87,353.62,15,1014.91,61,90,90,90,90,7.49,0.18,0.00,0.00,0.00
128,2080,1,5,5,4,52,35.024151,135.779694,47.00,0.00,0.00,0.00,-36.30,1144,17,34,0,-2.57,0.68,353.62,15,1014.92,61,90,90,90,90,7.49,0.18,0.00,0.00,0.00
128,2080,1,5,5,4,52,35.024151,135.779694,47.00,0.00,0.00,0.00,-36.30,1144,17,34,0,-2.57,0.68,353.62,15,1014.92,61,90,90,90,90,7.49,0.18,0.00,0.00,0.00
128,2080,1,5,5,4,52,35.024151,135.779694,47.00,0.00,0.00,0.00,-36.30,1144,17,34,0,-2.63,0.75,353.62,15,1014.92,61,90,90,90,90,7.49,0.18,0.00,0.00,0.00
129,2080,1,5,5,4,52,35.024151,135.779694,47.00,0.00,0.00,0.00,-36.30,1144,17,34,0,-2.63,0.75,353.62,15,1014.92,61,90,90,90,90,7.53,0.11,0.00,0.00,0.00
129,2080,1,5,5,4,52,35.024151,135.779694,47.00,0.00,0.00,0.00,-36.30,1144,17,34,0,-2.69,0.87,353.62,15,1014.92,61,90,90,90,90,7.49,0.15,0.00,0.00,0.00
129,2080,1,5,5,4,52,35.024151,135.779694,47.00,0.00,0.00,0.00,-36.30,1144,17,34,0,-2.75,0.87,353.62,15,1014.91,61,90,90,90,90,7.48,0.54,0.00,0.00,0.00
129,2080,1,5,5,4,52,35.024151,135.779694,47.00,0.00,0.00,0.00,-36.30,1144,17,34,0,-2.82,0.87,353.62,15,1014.92,61,90,90,90,90,7.48,0.26,0.00,0.00,0.00
129,2080,1,5,5,4,52,35.024151,135.779694,47.00,0.00,0.00,-41.90,-36.30,1144,17,34,0,-2.82,0.87,353.62,15,1014.90,61,90,90,90,90,7.48,0.26,0.00,0.00,0.00
129,2080,1,5,5,4,52,35.024151,135.779694,47.00,0.00,0.00,-41.90,-36.30,1144,17,34,0,-2.82,0.87,353.62,15,1014.87,61,90,90,90,90,7.51,0.17,0.00,0.00,0.00
129,2080,1,5,5,4,52,35.024151,135.779694,47.00,0.00,0.00,-41.90,-36.30,1144,17,34,0,-2.94,1.25,353.62,15,1014.91,61,90,90,90,90,7.51,0.17,0.00,0.00,0.00
129,2080,1,5,5,4,52,35.024151,135.779694,47.00,0.00,0.00,0.00,-36.30,1144,17,34,0,-2.88,1.31,353.62,15,1014.91,61,90,90,90,90,7.45,0.71,0.00,0.00,0.00
130,2080,1,5,5,4,52,35.024151,135.779694,47.00,0.00,0.00,0.00,-36.30,1144,17,34,0,-2.88,1.31,353.62,15,1014.91,61,90,90,90,90,7.51,0.20,0.00,0.00,0.00
130,2080,1,5,5,4,52,35.024151,135.779694,47.00,0.00,0.00,0.00,-36.30,1144,17,34,0,-2.82,1.43,353.62,15,1014.90,61,90,90,90,90,7.39,1.21,0.00,0.00,0.00
130,2080,1,5,5,4,52,35.024151,135.779694,47.00,0.00,0.28,0.00,-36.30,1144,17,34,0,-2.82,1.43,353.62,15,1014.91,61,90,90,90,90,7.39,1.21,0.00,0.00,0.00
130,2080,1,5,5,4,52,35.024151,135.779694,47.00,0.00,0.00,0.00,-36.30,1144,17,34,0,-2.88,1.87,353.62,15,1014.90,61,90,90,90,90,7.39,1.21,0.00,0.00,0.00
130,2080,1,5,5,4,52,35.024151,135.779694,47.00,0.00,0.52,0.00,-31.30,1144,17,34,0,-2.88,1.87,353.62,15,1014.89,61,90,90,90,90,7.39,1.21,0.00,0.00,0.00
130,2080,1,5,5,4,52,35.024151,135.779694,47.00,0.00,0.16,0.00,-36.30,1144,17,32,0,-2.88,1.93,353.62,15,1014.91,61,90,90,90,90,7.39,1.21,0.00,0.00,0.00
130,2080,1,5,5,4,52,35.024151,135.779694,47.00,0.00,0.00,0.00,-35.30,1144,17,32,0,-2.88,1.93,353.62,15,1014.91,61,90,90,90,90,7.39,1.21,0.00,0.00,0.00
130,2080,1,5,5,4,52,35.024151,135.779694,47.00,0.00,0.00,0.00,-35.30,1144,17,32,0,-2.88,1.93,353.62,15,1014.90,61,90,90,90,90,7.52,0.11,0.00,0.00,0.00
130,2080,1,5,5,4,52,35.024151,135.779694,47.00,0.00,0.00,0.00,-35.30,1144,17,32,0,-2.82,1.93,353.62,15,1014.90,61,90,90,90,90,7.43,0.97,0.00,0.00,0.00
131,2080,1,5,5,4,52,35.024151,135.779694,47.00,0.00,0.00,0.00,-36.30,1144,17,32,0,-2.82,2.00,353.62,15,1014.90,61,90,90,90,90,7.43,0.97,0.00,0.00,0.00
131,2080,1,5,5,4,52,35.024151,135.779694,47.00,0.00,0.00,0.00,-36.30,1144,17,32,0,-2.75,2.18,353.50,15,1014.91,61,90,90,90,90,7.43,0.97,0.00,0.00,0.00
131,2080,1,5,5,4,52,35.024151,135.779694,47.00,0.00,0.00,0.00,-36.30,1144,17,32,0,-2.75,2.37,353.37,15,1014.91,61,90,90,90,90,7.19,0.37,0.00,0.00,0.00
131,2080,1,5,5,4,52,35.024151,135.779694,47.00,0.00,0.00,0.00,-36.30,1144,17,32,0,-2.75,2.62,353.18,15,1014.91,61,90,90,90,90,7.48,0.27,0.00,0.00,0.00
131,2080,1,5,5,4,52,35.024151,135.779694,47.00,0.00,0.00,0.00,-36.30,1144,17,32,0,-2.75,2.75,353.12,15,1014.91,61,90,90,90,90,7.46,0.33,0.00,0.00,0.00
131,2080,1,5,5,4,52,35.024151,135.779694,47.00,0.00,0.00,0.00,-36.30,1144,17,32,0,-2.75,2.75,353.12,15,1014.92,61,90,90,90,90,7.42,0.37,0.00,0.00,0.00
131,2080,1,5,5,4,52,35.024151,135.779694,47.00,0.00,0.00,0.00,-36.30,1144,17,32,0,-2.75,3.25,352.81,15,1014.93,61,90,90,90,90,7.42,0.37,0.00,0.00,0.00
131,2080,1,5,5,4,52,35.024151,135.779694,47.00,0.00,0.00,0.00,-36.30,1144,17,32,0,-2.75,3.37,352.75,15,1014.89,61,90,90,90,90,7.49,0.35,0.00,0.00,0.00
132,2080,1,5,5,4,52,35.024151,135.779694,47.00,0.00,0.00,0.00,-36.30,1144,17,32,0,-2.82,3.43,352.75,15,1014.89,61,90,90,90,90,7.48,0.23,0.00,0.00,0.00
132,2080,1,5,5,4,52,35.024151,135.779694,47.00,0.00,0.00,0.00,-36.30,1144,17,32,0,-2.82,3.43,352.75,15,1014.90,61,90,90,90,90,7.42,0.57,0.00,0.00,0.00
132,2080,1,5,5,4,52,35.024151,135.779694,47.00,0.00,0.00,0.00,-36.30,1144,17,32,0,-2.82,3.43,352.75,15,1014.89,61,90,90,90,90,7.46,0.44,0.00,0.00,0.00
132,2080,1,5,5,4,52,35.024151,135.779694,47.00,0.00,0.00,0.00,-36.30,1144,17,32,0,-2.69,3.75,352.43,15,1014.89,61,90,90,90,90,7.46,0.44,0.00,0.00,0.00
132,2080,1,5,5,4,52,35.024151,135.779694,47.00,0.00,0.00,0.00,-36.30,1144,17,34,0,-2.69,3.93,352.37,15,1014.90,61,90,90,90,90,7.47,0.64,0.00,0.00,0.00
132,2080,1,5,5,4,52,35.024151,135.779694,47.00,0.00,0.00,0.00,-36.30,1144,17,34,0,-2.69,4.18,352.31,15,1014.90,61,90,90,90,90,7.46,0.48,0.00,0.00,0.00
132,2080,1,5,5,4,52,35.024151,135.779694,47.00,0.00,0.00,0.00,-36.30,1144,17,34,0,-2.69,4.18,352.31,15,1014.90,61,90,90,90,90,7.46,0.48,0.00,0.00,0.00
132,2080,1,5,5,4,52,35.024151,135.779694,47.00,0.00,0.00,0.00,-36.30,1144,17,34,0,-2.69,4.18,352.31,15,1014.89,61,90,90,90,90,7.46,0.48,0.00,0.00,0.00
133,2080,1,5,5,4,52,35.024151,135.779694,47.00,0.00,0.00,0.00,-36.30,1144,17,34,0,-2.69,4.62,352.18,15,1014.91,61,90,90,90,90,7.46,0.48,0.00,0.00,0.00
133,2080,1,5,5,4,52,35.024151,135.779694,47.00,0.00,0.00,0.00,-36.30,1144,17,34,0,-2.69,4.75,352.12,15,1014.91,61,90,90,90,90,7.46,0.48,0.00,0.00,0.00
133,2080,1,5,5,4,52,35.024151,135.779694,47.00,0.00,0.00,0.00,-36.30,1144,17,34,0,-2.75,4.87,352.12,15,1014.91,61,90,90,90,90,7.46,0.75,0.00,0.00,0.00
133,2080,1,5,5,4,52,35.024151,135.779694,47.00,0.00,0.00,0.00,-28.30,1144,17,34,0,-2.75,4.87,352.12,15,1014.92,61,90,90,90,90,7.47,0.41,0.00,0.00,0.00
133,2080,1,5,5,4,52,35.024151,135.779694,47.00,0.00,0.00,0.00,-28.30,1144,17,34,0,-2.75,4.87,352.12,15,1014.90,61,90,90,90,90,7.47,0.47,0.00,0.00,0.00
133,2080,1,5,5,4,52,35.024151,135.779694,47.00,0.00,0.00,0.00,-28.30,1144,17,34,0,-2.69,4.75,352.12,15,1014.89,61,90,90,90,90,7.47,0.47,0.00,0.00,0.00
133,2080,1,5,5,4,52,35.024151,135.779694,47.00,0.00,0.00,0.00,-28.30,1144,17,34,0,-2.69,4.62,352.12,15,1014.90,61,90,90,90,90,7.47,0.47,0.00,0.00,0.00
133,2080,1,5,5,4,52,35.024151,135.779694,47.00,0.00,0.16,0.00,-29.30,1144,17,32,0,-2.75,4.50,352.18,15,1014.90,61,90,90,90,90,7.47,0.47,0.00,0.00,0.00
133,2080,1,5,5,4,52,35.024151,135.779694,47.00,0.00,0.23,0.00,-29.30,1144,17,32,0,-2.75,4.50,352.18,15,1014.90,61,90,90,90,90,7.45,0.34,0.00,0.00,0.00
134,2080,1,5,5,4,52,35.024151,135.779694,47.00,0.00,0.00,0.00,-29.30,1144,17,32,0,-2.75,4.50,352.18,15,1014.90,61,90,90,90,90,7.34,0.56,0.00,0.00,0.00
134,2080,1,5,5,4,52,35.024151,135.779694,47.00,0.00,0.00,0.00,-30.30,1144,17,32,0,-2.69,4.00,352.25,15,1014.93,61,90,90,90,90,7.34,0.56,0.00,0.00,0.00
134,2080,1,5,5,4,52,35.024151,135.779694,47.00,0.00,0.00,0.00,-30.30,1144,17,32,0,-2.75,3.81,352.31,15,1014.90,61,90,90,90,90,7.34,0.56,0.00,0.00,0.00
134,2080,1,5,5,4,52,35.024151,135.779694,47.00,0.00,0.00,0.00,-30.30,1144,17,34,0,-2.75,3.68,352.37,15,1014.91,61,90,90,90,90,7.49,0.18,0.00,0.00,0.00
134,2080,1,5,5,4,52,35.024151,135.779694,47.00,0.00,0.00,0.00,-30.30,1144,17,34,0,-2.69,3.62,352.37,15,1014.93,61,90,90,90,90,7.35,0.64,0.00,0.00,0.00
134,2080,1,5,5,4,52,35.024151,135.779694,47.00,0.00,0.00,0.00,-30.30,1144,17,34,0,-2.63,3.62,352.37,15,1014.90,61,90,90,90,90,7.49,0.27,0.00,0.00,0.00
134,2080,1,5,5,4,52,35.024151,135.779694,47.00,0.00,0.00,0.00,-30.30,1144,17,34,0,-2.63,3.81,352.37,15,1014.93,61,90,90,90,90,7.12,0.39,0.00,0.00,0.00
134,2080,1,5,5,4,52,35.024151,135.779694,47.00,0.00,0.00,0.00,-30.30,1144,17,34,0,-2.63,3.81,352.37,15,1014.90,61,90,90,90,90,7.12,0.39,0.00,0.00,0.00
135,2080,1,5,5,4,52,35.024151,135.779694,47.00,0.00,0.00,0.00,-30.30,1144,17,34,0,-2.63,3.81,352.37,15,1014.90,61,90,90,90,90,7.52,0.12,0.00,0.00,0.00
135,2080,1,5,5,4,52,35.024151,135.779694,47.00,0.00,0.00,0.00,-30.30,1144,17,34,0,-2.69,3.87,352.37,15,1014.91,61,90,90,90,90,7.46,0.28,0.00,0.00,0.00
135,2080,1,5,5,4,52,35.024151,135.779694,47.00,0.00,0.00,0.00,-30.30,1144,17,34,0,-2.69,3.87,352.37,15,1014.91,61,90,90,90,90,7.46,0.28,0.00,0.00,0.00
135,2080,1,5,5,5,34,35.024151,135.779694,47.00,0.00,0.00,0.00,-30.30,1144,17,34,0,-2.69,3.87,352.37,15,1014.88,61,90,90,90,90,7.46,0.28,0.00,0.00,0.00
135,2080,1,5,5,5,34,35.024338,135.779510,47.00,0.00,0.00,0.00,-30.30,1144,17,34,0,-2.44,3.75,352.43,15,1014.90,61,90,90,90,90,7.46,0.28,0.00,0.00,0.00
135,2080,1,5,5,5,34,35.024338,135.779510,50.70,0.00,0.00,0.00,-30.30,1144,17,34,0,-2.38,3.62,352.50,15,1014.90,61,90,90,90,90,7.46,0.28,0.00,0.00,0.00
135,2080,1,5,5,5,34,35.024338,135.779510,50.70,0.00,0.00,0.00,-30.30,1144,17,34,0,-2.44,3.50,352.50,15,1014.90,61,90,90,90,90,7.47,0.25,0.00,0.00,0.00
135,2080,1,5,5,5,34,35.024338,135.779510,50.70,0.00,0.00,0.00,-30.30,1144,17,34,0,-2.44,3.50,352.50,15,1014.91,61,90,90,90,90,7.51,0.37,0.00,0.00,0.00
136,2080,1,5,5,5,34,35.024338,135.779510,50.70,0.00,0.00,0.00,-30.30,1144,17,34,0,-2.44,3.50,352.50,15,1014.91,61,90,90,90,90,7.36,0.35,0.00,0.00,0.00
136,2080,1,5,5,5,34,35.024338,135.779510,50.70,0.00,0.00,0.00,-30.30,1144,17,34,0,-2.44,3.62,352.50,15,1014.90,61,90,90,90,90,7.36,0.35,0.00,0.00,0.00
136,2080,1,5,5,5,34,35.024338,135.779510,50.70,0.00,0.00,0.00,-30.30,1144,17,34,0,-2.38,3.56,352.50,15,1014.91,61,90,90,90,90,7.36,0.35,0.00,0.00,0.00
136,2080,1,5,5,5,34,35.024338,135.779510,50.70,0.00,0.00,0.00,-30.30,1144,17,34,0,-2.38,3.37,352.50,15,1014.91,61,90,90,90,90,7.48,0.33,0.00,0.00,0.00
136,2080,1,5,5,5,34,35.024338,135.779510,50.70,0.00,0.00,0.00,-44.30,1144,17,34,0,-2.38,3.37,352.50,15,1014.92,61,90,90,90,90,7.48,0.43,0.00,0.00,0.00
136,2080,1,5,5,5,34,35.024338,135.779510,50.70,0.00,0.00,0.00,-44.30,1144,17,34,0,-2.38,3.37,352.50,15,1014.91,61,90,90,90,90,7.49,0.21,0.00,0.00,0.00
136,2080,1,5,5,5,34,35.024338,135.779510,50.70,0.00,0.00,0.00,-44.30,1144,17,34,0,-2.50,3.50,352.50,15,1014.88,61,90,90,90,90,7.49,0.21,0.00,0.00,0.00
136,2080,1,5,5,5,34,35.024338,135.779510,50.70,0.00,0.00,0.00,-43.30,1144,17,34,0,-2.44,3.56,352.50,15,1014.89,61,90,90,90,90,7.48,0.41,0.00,0.00,0.00
136,2080,1,5,5,5,34,35.024338,135.779510,50.70,0.00,0.00,0.00,-43.30,1144,17,34,0,-2.44,3.56,352.50,15,1014.90,61,90,90,90,90,7.43,0.65,0.00,0.00,0.00
137,2080,1,5,5,5,34,35.024338,135.779510,50.70,0.00,0.00,0.00,-42.30,1144,17,34,0,-2.44,3.56,352.50,15,1014.92,61,90,90,90,90,7.43,0.65,0.00,0.00,0.00
137,2080,1,5,5,5,34,35.024338,135.779510,50.70,0.00,0.00,0.00,-40.30,1144,17,34,0,-2.44,3.56,352.50,15,1014.90,61,90,90,90,90,7.43,0.65,0.00,0.00,0.00
137,2080,1,5,5,5,34,35.024338,135.779510,50.70,0.00,0.00,0.00,-38.30,1144,17,34,0,-2.44,3.50,352.50,15,1014.92,61,90,90,90,90,7.43,0.65,0.00,0.00,0.00
137,2080,1,5,5,5,34,35.024338,135.779510,50.70,0.00,0.00,0.00,-36.30,1144,17,34,0,-2.44,3.31,352.43,15,1014.91,61,90,90,90,90,7.43,0.65,0.00,0.00,0.00
137,2080,1,5,5,5,34,35.024338,135.779510,50.70,0.00,0.00,0.00,-36.30,1144,17,34,0,-2.44,3.12,352.50,15,1014.91,61,90,90,90,90,7.48,0.33,0.00,0.00,0.00
137,2080,1,5,5,5,34,35.024338,135.779510,50.70,0.00,0.00,0.00,-36.30,1144,17,34,0,-2.44,3.12,352.50,15,1014.91,61,90,90,90,90,7.46,0.52,0.00,0.00,0.00
137,2080,1,5,5,5,34,35.024338,135.779510,50.70,0.00,0.00,0.00,-36.30,1144,17,34,0,-2.44,3.12,352.50,15,1014.91,61,90,90,90,90,7.46,0.52,0.00,0.00,0.00
137,2080,1,5,5,5,34,35.024338,135.779510,50.70,0.00,0.00,0.00,-36.30,1144,17,34,0,-2.44,2.93,352.50,15,1014.88,61,90,90,90,90,7.46,0.52,0.00,0.00,0.00
138,2080,1,5,5,5,34,35.024338,135.779510,50.70,0.00,0.00,0.00,-36.30,1144,17,34,0,-2.44,2.87,352.50,15,1014.92,61,90,90,90,90,7.46,0.52,0.00,0.00,0.00
138,2080,1,5,5,5,34,35.024338,135.779510,50.70,0.00,0.00,0.00,-36.30,1144,17,34,0,-2.44,2.87,352.50,15,1014.89,61,90,90,90,90,7.46,0.52,0.00,0.00,0.00
138,2080,1,5,5,5,34,35.024338,135.779510,50.70,0.00,0.00,0.00,-36.30,1144,17,34,0,-2.44,2.93,352.43,15,1014.89,61,90,90,90,90,7.34,0.49,0.00,0.00,0.00
138,2080,1,5,5,5,34,35.024338,135.779510,50.70,0.00,0.00,0.00,-36.30,1144,17,34,0,-2.44,2.93,352.43,15,1014.89,61,90,90,90,90,7.52,0.16,0.00,0.00,0.00
138,2080,1,5,5,5,34,35.024338,135.779510,50.70,0.00,0.00,0.00,-36.30,1144,17,34,0,-2.44,2.93,352.43,15,1014.93,61,90,90,90,90,7.51,0.15,0.00,0.00,0.00
138,2080,1,5,5,5,34,35.024338,135.779510,50.70,0.00,0.00,0.00,-36.30,1144,17,34,0,-2.44,3.18,352.31,15,1014.92,61,90,90,90,90,7.51,0.15,0.00,0.00,0.00
138,2080,1,5,5,5,34,35.024338,135.779510,50.70,0.00,0.00,0.00,-36.30,1144,17,34,0,-2.44,3.18,352.25,15,1014.91,61,90,90,90,90,7.51,0.15,0.00,0.00,0.00
138,2080,1,5,5,5,34,35.024338,135.779510,50.70,0.00,0.00,0.00,-36.30,1144,17,34,0,-2.44,3.18,352.18,15,1014.91,61,90,90,90,90,7.49,0.48,0.00,0.00,0.00
139,2080,1,5,5,5,34,35.024338,135.779510,50.70,0.00,0.00,0.00,-36.30,1144,17,34,0,-2.44,3.18,352.18,15,1014.91,61,90,90,90,90,7.53,0.18,0.00,0.00,0.00
139,2080,1,5,5,5,34,35.024338,135.779510,50.70,0.00,0.00,0.00,-36.30,1144,17,34,0,-2.44,3.18,352.18,15,1014.90,61,90,90,90,90,7.52,0.19,0.00,0.00,0.00
139,2080,1,5,5,5,34,35.024338,135.779510,50.70,0.00,0.00,0.00,-36.30,1144,17,34,0,-2.44,3.12,352.18,15,1014.92,61,90,90,90,90,7.52,0.19,0.00,0.00,0.00
139,2080,1,5,5,5,34,35.024338,135.779510,50.70,0.00,0.00,0.00,-36.30,1144,17,34,0,-2.44,3.06,352.18,15,1014.92,61,90,90,90,90,7.53,0.13,0.00,0.00,0.00
139,2080,1,5,5,5,34,35.024338,135.779510,50.70,0.00,0.00,0.00,-36.30,1144,17,34,0,-2.44,3.06,352.12,15,1014.92,61,90,90,90,90,7.47,0.46,0.00,0.00,0.00
