time [ms],altitude [cm],airspeed [x0.01 m/s],angle_of_attack [x0.1 deg],airdata_pressure [hPa],airdata_temperature [degC],rotation [x0.1 rpm],rotation_voltage [0.01 V],elevator_angle,rudder_angle,trim,trim_sign,servo_received,screen_toggle,pitch [x0.1 deg],roll [x0.1 deg],gyro_temperature [x0.01 degC],servo_voltage [x0.01 V],servo_current [x0.01 A],main_voltage [x0.01 V],temperature [x0.01 degC],pressure [x0.01 hPa],humidity [x0.01 p.c.],
00000574,0052,0000,3596,1009,26,0000,404,090,090,00,+,0,0,-036,+022,2364,0000,0000,0390,2651,100550,9044,
00001074,0102,0000,3596,1009,26,0000,404,089,089,01,-,1,0,-056,-011,2378,0768,0019,0788,2655,100551,9052,
00001574,0098,0000,3596,1009,26,0000,404,089,089,01,-,1,0,-060,+024,2383,0772,0009,0786,2658,100550,9055,
00002074,0096,0000,3596,1009,26,0000,404,089,089,01,-,1,0,-042,+015,2387,0765,0012,0786,2658,100546,9056,
00002574,0094,0000,3592,1009,26,0000,406,089,089,01,-,1,0,-035,+020,2387,0773,0014,0786,2659,100552,9057,
00003074,0092,0000,3596,1009,26,0000,404,089,089,01,-,1,0,-039,+000,2397,0772,0017,0788,2660,100550,9056,
00003574,0092,0000,3592,1009,26,0000,404,089,089,01,-,1,0,-032,+017,2387,0770,0017,0786,2661,100549,9054,
00004074,0092,0000,3592,1009,26,0000,404,089,089,01,-,1,0,-037,+016,2387,0772,0019,0786,2661,100552,9051,
00004574,0092,0000,3592,1009,26,0000,404,089,089,01,-,1,0,-038,+009,2387,0772,0012,0786,2662,100552,9049,
00005074,0092,0000,3592,1009,26,0000,404,089,089,01,-,1,0,-040,+012,2397,0772,0017,0786,2662,100551,9045,
00005574,0092,0000,3592,1009,26,0000,404,089,089,01,-,1,0,-033,+015,2401,0772,0018,0786,2663,100550,9045,
00006074,0092,0000,3589,1009,26,0000,404,089,089,01,-,1,0,-035,+018,2401,0764,0021,0786,2665,100553,9043,
00006574,0090,0000,3589,1009,26,0000,404,089,089,01,-,1,0,-037,+006,2397,0773,0015,0786,2665,100552,9040,
00007074,0092,0000,3592,1009,26,0000,404,089,089,01,-,1,0,-036,+014,2401,0773,0013,0786,2665,100551,9038,
00007574,0092,0000,3592,1009,26,0000,404,089,089,01,-,1,0,-036,+005,2401,0772,0019,0786,2667,100551,9035,
00008074,0092,0000,3592,1009,26,0000,404,089,089,01,-,1,0,-038,+007,2397,0773,0016,0786,2666,100551,9029,
00008574,0092,0000,3589,1009,26,0000,404,089,089,01,-,1,0,-033,+007,2406,0772,0016,0786,2666,100551,9025,
00009074,0094,0000,3592,1009,26,0000,404,089,089,01,-,1,0,-032,+018,2401,0770,0025,0786,2669,100552,9025,
00009574,0096,0016,3589,1009,26,0000,406,089,089,01,-,1,0,-038,+008,2411,0772,0020,0786,2670,100552,9023,
00010074,0098,0000,3589,1009,26,0000,404,089,089,01,-,1,0,-048,+010,2401,0772,0020,0786,2672,100552,9019,
00010574,0098,0000,3589,1009,26,0000,404,089,089,01,-,1,0,-041,+012,2411,0772,0021,0786,2673,100552,9017,
00011074,0100,0000,3592,1009,27,0000,406,089,089,01,-,1,0,-040,+006,2406,0772,0019,0786,2674,100551,9010,
00011574,0102,0000,3592,1009,26,0000,406,089,089,01,-,1,0,-037,+009,2415,0767,0018,0786,2674,100554,9005,
00012075,0107,0000,3592,1009,26,0000,406,089,089,01,-,1,0,-032,+021,2415,0772,0023,0786,2675,100553,9005,
00012575,0105,0000,3589,1009,26,0000,404,089,089,01,-,1,0,-027,+010,2415,0772,0018,0786,2676,100551,9002,
00013075,0098,0000,3589,1009,26,0000,404,089,089,01,-,1,0,-024,+010,2415,0773,0020,0786,2676,100551,8998,
00013575,0096,0000,3589,1009,26,0000,404,089,089,01,-,1,0,-036,+013,2425,0773,0007,0786,2677,100553,8995,
00014075,0096,0000,3589,1009,26,0000,404,089,089,01,-,1,0,-032,+016,2415,0772,0019,0786,2678,100555,8991,
00014575,0092,0000,3589,1009,26,0000,404,089,089,01,-,1,0,-029,+010,2420,0771,0020,0786,2679,100553,8988,
00015075,0092,0000,3589,1009,26,0000,404,089,089,01,-,1,0,-024,+012,2425,0772,0023,0786,2679,100555,8982,
00015575,0090,0000,3589,1009,26,0000,404,089,089,01,-,1,0,-034,+009,2420,0771,0021,0786,2680,100554,8978,
00016075,0090,0000,3589,1009,26,0000,404,089,089,01,-,1,0,-032,+019,2415,0765,0018,0786,2680,100555,8973,
00016575,0090,0000,3589,1009,26,0000,404,089,089,01,-,1,0,-039,+017,2425,0773,0015,0786,2681,100552,8970,
00017075,0090,0000,3589,1009,26,0000,404,089,089,01,-,1,0,-032,+013,2425,0772,0018,0786,2682,100554,8968,
00017575,0090,0000,3589,1009,26,0000,404,089,089,01,-,1,0,-043,+017,2430,0773,0016,0786,2683,100555,8965,
00018075,0090,0000,3589,1009,26,0000,404,089,089,01,-,1,0,-037,+016,2430,0772,0016,0786,2684,100556,8962,
00018575,0090,0000,3589,1009,26,0000,404,089,089,01,-,1,0,-035,+006,2425,0771,0016,0786,2685,100555,8960,
00019075,0090,0000,3589,1009,27,0000,404,089,089,01,-,1,0,-029,+013,2434,0772,0020,0785,2687,100556,8957,
00019575,0090,0000,3589,1009,27,0000,406,089,089,01,-,1,0,-039,+015,2430,0772,0017,0786,2687,100555,8952,
00020075,0090,0000,3589,1009,27,0000,404,089,089,01,-,1,0,-013,+111,2430,0772,0018,0786,2689,100555,8951,
00020575,0090,0000,3589,1009,27,0000,404,089,089,01,-,1,0,-045,+009,2434,0772,0018,0786,2691,100556,8947,
00021075,0090,0000,3589,1009,27,0000,404,089,089,01,-,1,0,-034,+004,2434,0772,0021,0785,2692,100554,8942,
00021575,0090,0000,3585,1009,27,0000,404,089,089,01,-,1,0,-034,+010,2434,0771,0023,0785,2693,100555,8939,
00022075,0090,0000,3589,1009,27,0000,404,089,089,01,-,1,0,-035,+052,2434,0772,0021,0786,2694,100555,8934,
00022575,0090,0000,3589,1009,27,0000,404,089,089,01,-,1,0,-042,+011,2434,0773,0018,0786,2695,100555,8931,
00023075,0090,0000,3589,1009,27,0000,404,089,089,01,-,1,0,-030,+005,2430,0772,0018,0786,2696,100556,8925,
00023575,0090,0000,3589,1009,27,0000,404,089,089,01,-,1,0,-041,+010,2430,0772,0018,0786,2699,100557,8921,
00024075,0090,0000,3585,1009,27,0000,406,089,089,01,-,1,0,-028,+006,2434,0771,0014,0786,2699,100557,8918,
00024576,0090,0000,3589,1009,27,0000,404,089,089,01,-,1,0,-027,+008,2430,0772,0016,0785,2701,100553,8914,
00025076,0090,0000,3585,1009,27,0000,404,089,089,01,-,1,0,-042,+018,2448,0772,0022,0785,2702,100556,8911,
00025576,0092,0000,3589,1009,27,0000,404,089,089,01,-,1,0,-025,+006,2444,0772,0018,0785,2703,100555,8907,
00026076,0092,0000,3585,1009,27,0000,404,089,089,01,-,1,0,-026,+002,2444,0772,0019,0785,2705,100556,8904,
00026576,0094,0000,3589,1009,27,0000,404,089,089,01,-,1,0,-039,+001,2448,0773,0015,0785,2705,100555,8898,
00027076,0096,0000,3585,1009,27,0000,404,089,089,01,-,1,0,-034,+013,2453,0772,0019,0786,2706,100557,8888,
00027576,0096,0000,3585,1009,27,0000,404,089,089,01,-,1,0,-045,+000,2439,0772,0019,0785,2707,100558,8883,
00028076,0098,0000,3585,1009,27,0000,404,089,089,01,-,1,0,-044,+018,2444,0773,0017,0786,2708,100554,8880,
00028576,0098,0000,3585,1009,27,0000,404,089,089,01,-,1,0,-031,+005,2439,0767,0018,0785,2709,100556,8877,
00029076,0105,0000,3585,1009,27,0000,404,089,089,01,-,1,0,-030,+014,2439,0772,0012,0785,2711,100557,8874,
00029576,0102,0000,3585,1009,27,0000,406,089,089,01,-,1,0,-031,+005,2453,0771,0017,0785,2712,100558,8873,
00030076,0100,0000,3585,1009,27,0000,404,089,089,01,-,1,0,-018,-005,2458,0772,0018,0785,2714,100552,8869,
00030576,0096,0000,3585,1009,27,0000,404,089,089,01,-,1,0,-034,+008,2448,0773,0013,0785,2716,100554,8867,
00031076,0092,0000,3585,1009,27,0000,404,089,089,01,-,1,0,-053,-005,2448,0760,0021,0785,2717,100557,8859,
00031576,0090,0000,3585,1009,27,0000,404,089,089,01,-,1,0,-041,-005,2463,0772,0018,0785,2718,100554,8856,
00032076,0090,0000,3585,1009,27,0000,404,089,089,01,-,1,0,-021,+000,2448,0772,0023,0785,2719,100552,8853,
00032576,0090,0000,3585,1009,27,0000,404,089,089,01,-,1,0,-035,+001,2453,0773,0016,0785,2721,100552,8850,
00033076,0090,0000,3585,1009,27,0000,404,089,089,01,-,1,0,-031,+004,2458,0773,0015,0786,2723,100552,8843,
00033576,0090,0000,3585,1009,27,0000,404,089,089,01,-,1,0,-036,+006,2453,0772,0017,0785,2724,100557,8838,
00034076,0090,0000,3585,1009,27,0000,404,089,089,01,-,1,0,-054,+002,2458,0772,0018,0785,2724,100556,8831,
00034576,0088,0000,3585,1009,27,0000,404,089,089,01,-,1,0,-031,+005,2453,0772,0016,0785,2724,100555,8823,
00035076,0090,0000,3585,1009,27,0000,404,089,089,01,-,1,0,-033,+007,2458,0772,0018,0785,2725,100555,8819,
00035576,0088,0000,3585,1009,27,0000,404,089,089,01,-,1,0,-036,+012,2453,0765,0015,0785,2727,100556,8813,
00036076,0090,0000,3585,1009,27,0000,404,089,089,01,-,1,0,-031,+015,2467,0772,0014,0785,2726,100554,8807,
00036576,0090,0000,3585,1009,27,0000,404,089,089,01,-,1,0,-032,+004,2467,0773,0013,0785,2728,100556,8804,
00037076,0090,0000,3585,1009,27,0000,404,089,089,01,-,1,0,-035,+008,2463,0772,0015,0785,2730,100554,8800,
00037576,0090,0000,3585,1009,27,0000,406,089,089,01,-,1,0,-038,+012,2472,0772,0017,0785,2732,100553,8795,
00038076,0090,0000,3585,1009,27,0000,404,089,089,01,-,1,0,-028,+012,2472,0767,0016,0785,2732,100553,8787,
00038576,0088,0000,3585,1009,27,0000,404,089,089,01,-,1,0,-032,+001,2463,0772,0019,0785,2732,100551,8779,
00039076,0090,0000,3585,1009,27,0000,404,089,089,01,-,1,0,-040,+013,2467,0772,0018,0785,2732,100553,8769,
00039576,0088,0000,3585,1009,27,0000,404,089,089,01,-,1,0,-033,+011,2458,0772,0019,0785,2734,100553,8765,
00040076,0090,0000,3585,1009,27,0000,404,089,089,01,-,1,0,-036,+013,2472,0773,0011,0785,2735,100554,8759,
00040576,0088,0000,3585,1009,27,0000,404,089,089,01,-,1,0,-036,+017,2463,0772,0017,0785,2736,100551,8753,
00041076,0088,0000,3585,1009,27,0000,404,089,089,01,-,1,0,-032,+010,2467,0772,0019,0785,2737,100552,8747,
00041576,0088,0000,3585,1009,27,0000,404,089,089,01,-,1,0,-036,+013,2463,0772,0015,0785,2737,100554,8737,
00042076,0090,0000,3585,1009,27,0000,404,089,089,01,-,1,0,-037,+009,2467,0772,0019,0785,2738,100555,8728,
00042576,0092,0000,3585,1009,27,0000,404,089,089,01,-,1,0,-032,+014,2472,0762,0017,0785,2738,100553,8720,
00043076,0092,0000,3585,1009,27,0000,404,089,089,01,-,1,0,-032,+010,2467,0772,0017,0785,2739,100552,8713,
00043576,0094,0000,3585,1009,27,0000,404,089,089,01,-,1,0,-036,+005,2472,0771,0020,0785,2739,100554,8706,
00044076,0094,0000,3582,1009,27,0000,404,089,089,01,-,1,0,-040,+010,2467,0772,0016,0785,2740,100553,8703,
00044576,0094,0000,3585,1009,27,0000,404,089,089,01,-,1,0,-036,+014,2481,0772,0012,0785,2741,100556,8699,
00045076,0096,0000,3585,1009,27,0000,404,089,090,01,-,1,0,-034,+018,2472,0765,0017,0785,2742,100554,8692,
00045576,0096,0000,3585,1009,27,0000,404,089,089,01,-,1,0,-033,+017,2467,0772,0014,0785,2743,100555,8685,
00046076,0168,0000,3585,1009,27,0000,404,089,090,01,-,1,0,-037,+014,2463,0772,0015,0785,2743,100556,8679,
00046576,0102,0000,3582,1009,27,0000,404,089,088,01,-,1,0,-038,+023,2472,0772,0019,0785,2744,100555,8674,
00047076,0100,0000,3582,1009,27,0000,404,090,088,01,-,1,0,-034,+013,2486,0773,0009,0785,2745,100555,8670,
00047576,0096,0000,3582,1009,27,0000,404,090,087,01,-,1,0,-032,+014,2467,0772,0014,0785,2747,100554,8666,
00048076,0094,0000,3582,1009,27,0000,404,090,087,01,-,1,0,-040,+015,2481,0772,0022,0785,2747,100556,8660,
00048576,0092,0000,3578,1009,27,0000,404,090,087,01,-,1,0,-038,+009,2472,0773,0012,0785,2747,100554,8653,
00049076,0090,0000,3578,1009,27,0000,404,090,087,01,-,1,0,-033,+009,2477,0772,0010,0785,2748,100556,8646,
00049576,0090,0000,3578,1009,27,0000,404,089,088,01,-,1,0,-040,+010,2481,0765,0018,0785,2748,100556,8642,
00050076,0090,0000,3578,1009,27,0000,404,089,088,01,-,1,0,-020,+021,2467,0772,0013,0785,2749,100555,8637,
00050576,0088,0000,3578,1009,27,0000,404,089,089,01,-,1,0,-025,+022,2477,0772,0012,0785,2750,100557,8632,
00051076,0090,0000,3578,1009,27,0000,404,089,089,01,-,1,0,-038,+015,2481,0768,0015,0785,2750,100558,8626,
00051576,0088,0000,3578,1009,27,0000,406,089,088,01,-,1,0,-041,+018,2467,0772,0017,0785,2751,100556,8624,
00052076,0088,0000,3578,1009,27,0000,404,089,088,01,-,1,0,-042,+021,2472,0772,0015,0785,2752,100558,8616,
00052576,0088,0000,3578,1009,27,0000,404,090,088,01,-,1,0,-035,+027,2472,0772,0015,0785,2751,100556,8612,
00053076,0088,0000,3578,1009,27,0000,404,090,088,01,-,1,0,-025,+029,2481,0772,0014,0785,2753,100555,8610,
00053576,0088,0000,3578,1009,27,0000,404,089,088,01,-,1,0,-039,+021,2472,0772,0018,0785,2754,100558,8606,
00054076,0088,0000,3578,1009,27,0000,404,089,088,01,-,1,0,-038,+024,2481,0772,0023,0785,2755,100556,8603,
00054576,0088,0000,3578,1009,27,0000,404,089,088,01,-,1,0,-039,+023,2481,0772,0017,0785,2756,100559,8597,
00055076,0088,0000,3578,1009,27,0000,404,089,088,01,-,1,0,-038,+021,2477,0772,0015,0785,2757,100558,8593,
00055576,0088,0000,3578,1009,27,0000,404,089,088,01,-,1,0,-043,+019,2481,0773,0014,0785,2757,100556,8588,
00056076,0088,0000,3578,1009,27,0000,404,089,088,01,-,1,0,-042,+027,2481,0772,0018,0785,2757,100558,8583,
00056576,0088,0000,3578,1009,27,0000,404,089,088,01,-,1,0,-035,+028,2481,0768,0009,0785,2757,100558,8578,
00057076,0088,0000,3578,1009,27,0000,404,089,088,01,-,1,0,-035,+031,2481,0772,0016,0785,2758,100554,8576,
00057576,0088,0000,3578,1009,27,0000,404,089,088,01,-,1,0,-038,+032,2477,0772,0014,0785,2760,100559,8570,
00058076,0088,0000,3578,1009,27,0000,404,089,088,01,-,1,0,-036,+031,2486,0772,0014,0785,2760,100556,8566,
00058576,0088,0000,3578,1009,27,0000,404,089,088,01,-,1,0,-030,+030,2477,0772,0019,0785,2760,100556,8562,
00059076,0090,0000,3578,1009,27,0000,404,089,088,01,-,1,0,-032,+032,2477,0773,0008,0785,2761,100555,8559,
00059576,0090,0000,3578,1009,27,0000,404,089,089,01,-,1,0,-029,+029,2486,0772,0015,0785,2762,100556,8557,
00060076,0092,0000,3578,1009,27,0000,404,089,089,01,-,1,0,-033,+034,2477,0772,0025,0785,2763,100557,8553,
00060576,0092,0000,3578,1009,27,0000,404,089,089,01,-,1,0,-038,+035,2481,0772,0025,0785,2764,100558,8549,
00061076,0094,0000,3578,1009,27,0000,404,089,089,01,-,1,0,-033,+026,2472,0772,0020,0785,2765,100558,8545,
00061576,0094,0000,3578,1009,27,0000,404,089,089,01,-,1,0,-034,+027,2481,0772,0020,0785,2766,100559,8542,
00062076,0096,0000,3578,1009,27,0000,404,089,089,01,-,1,0,-038,+031,2477,0771,0015,0785,2767,100562,8538,
00062576,0098,0000,3578,1009,27,0000,404,089,089,01,-,1,0,-035,+030,2486,0762,0018,0785,2767,100559,8536,
00063076,0092,0000,3578,1009,27,0000,404,089,089,01,-,1,0,-034,+035,2481,0772,0020,0785,2769,100562,8533,
00063576,0092,0000,3578,1009,27,0000,404,089,089,01,-,1,0,-038,+031,2495,0771,0018,0785,2770,100560,8527,
00064076,0092,0000,3578,1009,27,0000,404,089,089,01,-,1,0,-032,+030,2481,0772,0019,0785,2770,100559,8524,
00064576,0088,0000,3578,1009,27,0000,404,089,089,01,-,1,0,-032,+029,2491,0772,0013,0785,2771,100560,8521,
00065076,0088,0000,3578,1009,27,0000,404,089,089,01,-,1,0,-032,+033,2491,0761,0021,0785,2772,100560,8514,
00065576,0088,0000,3578,1009,27,0000,404,089,089,01,-,1,0,-037,+030,2486,0772,0019,0785,2773,100560,8512,
00066076,0088,0000,3578,1009,27,0000,404,089,089,01,-,1,0,-036,+030,2495,0772,0019,0785,2775,100560,8509,
00066576,0088,0000,3578,1009,27,0000,404,089,089,01,-,1,0,-036,+032,2495,0770,0015,0785,2776,100561,8503,
00067076,0088,0000,3578,1009,27,0000,404,089,089,01,-,1,0,-035,+034,2477,0772,0019,0785,2776,100560,8500,
00067576,0088,0000,3578,1009,27,0000,404,089,089,01,-,1,0,-031,+028,2486,0772,0021,0785,2777,100558,8497,
00068076,0088,0000,3578,1009,27,0000,406,089,089,01,-,1,0,-043,+032,2491,0772,0008,0785,2779,100560,8492,
00068576,0088,0000,3578,1009,27,0000,404,089,089,01,-,1,0,-029,+037,2495,0772,0019,0785,2780,100559,8487,
00069076,0088,0000,3578,1009,27,0000,404,089,089,01,-,1,0,-036,+031,2495,0772,0016,0785,2780,100559,8481,
00069576,0086,0000,3578,1009,27,0000,404,089,089,01,-,1,0,-031,+029,2495,0764,0024,0785,2781,100558,8478,
00070076,0088,0000,3578,1009,27,0000,404,089,089,01,-,1,0,-033,+028,2495,0771,0023,0785,2782,100561,8475,
00070576,0086,0000,3578,1009,27,0000,404,089,089,01,-,1,0,-032,+027,2491,0771,0017,0785,2784,100560,8471,
00071076,0088,0000,3578,1009,27,0000,404,089,089,01,-,1,0,-039,+029,2491,0772,0015,0785,2785,100559,8467,
00071576,0086,0000,3578,1009,27,0000,404,089,089,01,-,1,0,-037,+031,2491,0772,0017,0785,2786,100560,8466,
00072076,0086,0000,3578,1009,27,0000,404,089,089,01,-,1,0,-034,+036,2491,0765,0025,0783,2787,100560,8462,
00072576,0086,0000,3578,1009,27,0000,404,089,089,01,-,1,0,-030,+029,2495,0772,0022,0785,2789,100559,8458,
00073076,0086,0000,3578,1009,27,0000,404,089,089,01,-,1,0,-039,+031,2500,0772,0021,0785,2790,100562,8455,
00073576,0088,0000,3578,1009,27,0000,404,089,089,01,-,1,0,-036,+033,2510,0772,0015,0785,2792,100561,8452,
00074076,0088,0000,3578,1009,27,0000,404,089,089,01,-,1,0,-027,+025,2500,0772,0020,0783,2793,100557,8446,
00074576,0090,0000,3578,1009,27,0000,404,089,089,01,-,1,0,-034,+031,2500,0772,0016,0785,2793,100562,8441,
00075076,0090,0000,3578,1009,27,0000,404,089,089,01,-,1,0,-029,+026,2505,0771,0025,0785,2794,100558,8438,
00075576,0092,0000,3578,1009,27,0000,404,089,089,01,-,1,0,-034,+030,2510,0772,0026,0785,2794,100560,8433,
00076076,0092,0000,3578,1009,27,0000,404,089,089,01,-,1,0,-042,+029,2495,0772,0017,0783,2797,100560,8431,
00076576,0092,0000,3578,1009,27,0000,404,089,089,01,-,1,0,-037,+031,2505,0771,0019,0783,2799,100559,8426,
00077076,0096,0000,3578,1009,27,0000,404,089,089,01,-,1,0,-042,+030,2495,0772,0020,0785,2798,100556,8419,
00077576,0096,0000,3578,1009,27,0000,404,089,089,01,-,1,0,-039,+029,2510,0772,0013,0785,2798,100558,8413,
00078076,0094,0000,3578,1009,27,0000,404,089,089,01,-,1,0,-024,+036,2500,0764,0020,0785,2800,100560,8409,
00078576,0090,0000,3578,1009,27,0000,404,089,089,01,-,1,0,-029,+027,2500,0772,0014,0783,2801,100563,8403,
00079076,0090,0000,3578,1009,27,0000,404,089,089,01,-,1,0,-037,+031,2495,0772,0015,0785,2801,100557,8397,
00079576,0088,0000,3578,1009,27,0000,404,089,089,01,-,1,0,-031,+023,2510,0772,0018,0783,2802,100557,8393,
00080076,0088,0000,3575,1009,27,0000,404,089,089,01,-,1,0,-042,+035,2510,0772,0018,0783,2802,100558,8386,
00080576,0088,0000,3575,1009,27,0000,404,089,089,01,-,1,0,-036,+034,2514,0772,0019,0785,2802,100558,8383,
00081076,0088,0000,3575,1009,27,0000,404,089,089,01,-,1,0,-046,+028,2514,0772,0018,0785,2802,100561,8376,
00081576,0086,0000,3578,1009,27,0000,404,089,089,01,-,1,0,-040,+032,2500,0772,0017,0783,2802,100559,8371,
00082076,0088,0000,3575,1009,27,0000,404,089,089,01,-,1,0,-042,+027,2505,0772,0018,0785,2804,100558,8368,
00082576,0086,0000,3578,1009,27,0000,404,089,089,01,-,1,0,-044,+024,2505,0772,0019,0785,2806,100561,8366,
00083076,0086,0000,3575,1009,27,0000,404,089,089,01,-,1,0,-032,+025,2514,0772,0020,0785,2808,100557,8362,
00083576,0086,0000,3575,1009,27,0000,404,089,089,01,-,1,0,-035,+027,2505,0771,0021,0783,2809,100557,8352,
00084076,0086,0000,3575,1009,27,0000,404,089,089,01,-,1,0,-036,+027,2514,0772,0018,0783,2808,100558,8346,
00084576,0084,0000,3575,1009,27,0000,406,089,089,01,-,1,0,-043,+028,2510,0771,0025,0785,2808,100561,8340,
00085076,0086,0000,3575,1009,27,0000,404,089,089,01,-,1,0,-031,+035,2505,0770,0019,0785,2808,100558,8336,
00085576,0084,0000,3575,1009,27,0000,404,089,089,01,-,1,0,-036,+028,2514,0772,0026,0783,2809,100560,8330,
00086076,0084,0000,3575,1009,27,0000,404,089,089,01,-,1,0,-036,+029,2510,0772,0012,0785,2809,100558,8327,
00086576,0086,0000,3575,1009,27,0000,404,089,089,01,-,1,0,-036,+028,2514,0770,0018,0783,2811,100559,8321,
00087076,0084,0000,3575,1009,27,0000,404,089,089,01,-,1,0,-035,+034,2528,0772,0020,0785,2811,100558,8318,
00087576,0084,0000,3575,1009,27,0000,404,089,089,01,-,1,0,-033,+037,2514,0773,0019,0785,2813,100560,8316,
00088076,0084,0000,3575,1009,27,0000,404,089,089,01,-,1,0,-034,+036,2514,0772,0019,0785,2815,100561,8314,
00088576,0084,0000,3575,1009,27,0000,404,089,089,01,-,1,0,-039,+033,2514,0772,0019,0785,2817,100561,8312,
00089076,0086,0016,3575,1009,27,0000,404,089,089,01,-,1,0,-030,+033,2524,0771,0020,0785,2818,100560,8308,
00089576,0086,0016,3575,1009,27,0000,404,089,090,01,-,1,0,-054,+026,2524,0773,0017,0785,2819,100560,8304,
00090076,0088,0000,3571,1009,27,0000,404,089,098,01,-,1,0,-057,+041,2519,0762,0189,0785,2820,100559,8299,
00090576,0086,0000,3575,1009,27,0000,404,090,090,01,-,1,0,-043,+040,2514,0771,0020,0785,2821,100560,8297,
00091076,0088,0000,3575,1009,27,0000,404,094,081,01,-,1,0,-023,+021,2524,0771,0017,0783,2822,100558,8292,
00091576,0088,0000,3575,1009,27,0000,404,089,089,01,-,1,0,-050,+024,2510,0772,0014,0785,2824,100559,8284,
00092076,0090,0000,3575,1009,27,0000,404,089,089,01,-,1,0,-049,+024,2514,0772,0016,0785,2825,100558,8280,
00092576,0090,0000,3575,1009,27,0000,404,089,089,01,-,1,0,-046,+026,2519,0771,0015,0785,2826,100559,8276,
00093076,0094,0000,3575,1009,27,0000,404,089,089,01,-,1,0,-095,+004,2514,0772,0011,0783,2828,100560,8270,
00093576,0096,0000,3575,1009,27,0000,404,089,089,01,-,1,0,-028,+019,2528,0771,0017,0785,2828,100558,8264,
00094076,0096,0000,3575,1009,27,0000,406,089,089,01,-,1,0,-038,+035,2519,0772,0015,0785,2829,100558,8260,
00094576,0092,0000,3575,1009,27,0000,404,089,089,01,-,1,0,-040,+031,2524,0771,0019,0785,2830,100559,8254,
00095076,0092,0000,3575,1009,27,0000,404,089,089,01,-,1,0,-032,+032,2519,0767,0018,0785,2830,100560,8251,
00095576,0092,0000,3575,1009,27,0000,404,089,089,01,-,1,0,-035,+031,2528,0772,0020,0785,2831,100560,8248,
00096076,0088,0000,3575,1009,27,0000,404,089,089,01,-,1,0,-035,+033,2528,0771,0019,0785,2833,100563,8242,
00096576,0090,0000,3571,1009,27,0000,404,089,089,01,-,1,0,-034,+031,2519,0772,0015,0783,2832,100558,8236,
00097076,0092,0000,3571,1009,27,0000,404,089,089,01,-,1,0,-034,+037,2533,0772,0019,0785,2832,100561,8232,
00097576,0090,0000,3575,1009,27,0000,404,089,089,01,-,1,0,-035,+026,2533,0772,0019,0785,2833,100563,8226,
00098076,0090,0000,3571,1009,27,0000,404,089,089,01,-,1,0,-036,+036,2533,0771,0019,0785,2835,100562,8224,
00098576,0090,0000,3571,1009,27,0000,404,089,089,01,-,1,0,-063,+026,2528,0771,0023,0783,2836,100559,8222,
00099076,0090,0000,3575,1009,27,0000,404,089,089,01,-,1,0,-042,+031,2528,0771,0021,0785,2836,100562,8217,
00099576,0088,0000,3575,1009,27,0000,404,089,089,01,-,1,0,-035,+030,2543,0764,0030,0783,2837,100562,8213,
00100076,0088,0000,3571,1009,27,0000,404,089,089,01,-,1,0,-036,+029,2528,0771,0028,0785,2838,100560,8210,
00100576,0088,0000,3571,1009,27,0000,404,089,089,01,-,1,0,-032,+026,2533,0771,0032,0783,2839,100561,8207,
00101076,0088,0000,3571,1009,27,0000,404,089,089,01,-,1,0,-030,+029,2543,0768,0024,0785,2840,100559,8203,
00101576,0084,0000,3575,1009,27,0000,404,089,089,01,-,1,0,-030,+015,2538,0771,0026,0785,2840,100562,8200,
00102076,0088,0000,3571,1009,27,0000,404,089,089,01,-,1,0,-013,+033,2538,0770,0023,0785,2841,100562,8200,
00102576,0088,0000,3571,1009,27,0000,404,089,089,01,-,1,0,-047,+024,2533,0771,0024,0785,2842,100562,0000,
00103076,0086,0000,3571,1009,27,0000,404,089,089,01,-,1,0,-024,+025,2533,0771,0027,0785,2842,100562,8191,
00103576,0088,0000,3571,1009,27,0000,404,089,089,01,-,1,0,-051,+032,2538,0772,0020,0785,2842,100562,8189,
00104076,0088,0000,3575,1009,27,0000,404,089,089,01,-,1,0,-033,+030,2538,0772,0015,0785,2843,100563,8187,
00104576,0088,0000,3571,1009,27,0000,404,089,089,01,-,1,0,-030,-077,2533,0770,0020,0785,2843,100560,8183,
00105076,0086,0000,3571,1009,27,0000,404,089,089,01,-,1,0,-031,+030,2533,0771,0022,0783,2843,100561,8182,
00105576,0088,0000,3571,1009,27,0000,404,089,089,01,-,1,0,-038,+033,2533,0772,0020,0785,2845,100562,8181,
00106076,0088,0000,3571,1009,27,0000,404,089,089,01,-,1,0,-033,+037,2538,0771,0026,0785,2847,100562,8178,
00106576,0088,0000,3571,1009,27,0000,404,089,089,01,-,1,0,-042,+020,2543,0771,0023,0785,2846,100563,8172,
00107076,0088,0000,3571,1009,27,0000,404,089,089,01,-,1,0,-037,+036,2538,0767,0017,0785,2846,100559,8170,
00107576,0090,0000,3571,1009,27,0000,404,089,089,01,-,1,0,-037,+032,2538,0771,0022,0785,2846,100559,8166,
00108076,0090,0000,3571,1009,27,0000,404,089,089,01,-,1,0,-036,+031,2547,0768,0019,0783,2847,100561,8165,
00108576,0090,0000,3571,1009,27,0000,404,089,089,01,-,1,0,-039,+033,2538,0772,0017,0783,2849,100563,8165,
00109076,0090,0000,3571,1009,27,0000,404,089,089,01,-,1,0,-038,+034,2538,0771,0016,0785,2850,100561,8161,
00109576,0090,0000,3571,1009,27,0000,404,089,089,01,-,1,0,-036,+030,2543,0768,0013,0785,2851,100562,8156,
00110076,0096,0000,3571,1009,27,0000,404,089,089,01,-,1,0,-030,+031,2543,0772,0019,0783,2852,100562,8153,
00110576,0096,0000,3571,1009,27,0000,404,089,089,01,-,1,0,-038,+025,2543,0772,0017,0783,2853,100561,8149,
00111076,0094,0000,3571,1009,27,0000,404,089,089,01,-,1,0,-034,+039,2538,0772,0019,0785,2854,100561,8146,
00111576,0092,0000,3571,1009,27,0000,404,089,089,01,-,1,0,-027,+025,2547,0772,0019,0783,2855,100564,8143,
00112076,0090,0000,3568,1009,27,0000,404,089,089,01,-,1,0,-032,+026,2547,0772,0010,0783,2856,100559,8139,
00112576,0090,0000,3571,1009,27,0000,404,089,089,01,-,1,0,-036,+032,2552,0772,0017,0783,2857,100561,8137,
00113076,0088,0000,3571,1009,27,0000,404,089,089,01,-,1,0,-039,+025,2533,0772,0018,0785,2858,100559,8134,
00113576,0090,0000,3571,1009,27,0000,404,089,089,01,-,1,0,-040,+025,2552,0772,0020,0785,2859,100560,8132,
00114076,0088,0000,3571,1009,27,0000,404,089,089,01,-,1,0,-040,+036,2538,0771,0017,0783,2860,100562,8131,
00114576,0088,0000,3571,1009,27,0000,404,089,089,01,-,1,0,-043,+030,2552,0772,0015,0785,2860,100559,8128,
00115076,0088,0000,3571,1009,27,0000,404,089,089,01,-,1,0,-038,+031,2547,0772,0016,0783,2861,100563,8122,
00115576,0088,0000,3571,1009,27,0000,404,089,089,01,-,1,0,-039,+028,2547,0766,0019,0783,2862,100560,8117,
00116076,0088,0000,3571,1009,27,0000,404,089,089,01,-,1,0,-032,+031,2552,0772,0019,0783,2863,100562,8115,
00116576,0086,0000,3571,1009,27,0000,404,089,089,01,-,1,0,-039,+033,2552,0771,0016,0783,2863,100562,8111,
00117076,0088,0000,3571,1009,27,0000,404,089,089,01,-,1,0,-040,+024,2552,0772,0013,0785,2864,100560,8110,
00117576,0088,0016,3571,1009,27,0000,404,089,089,01,-,1,0,-036,+031,2557,0772,0018,0783,2865,100563,8106,
00118076,0088,0000,3568,1009,27,0000,404,089,089,01,-,1,0,-040,+041,2547,0770,0019,0783,2867,100563,8101,
00118576,0084,0000,3571,1009,27,0000,404,089,089,01,-,1,0,-034,+031,2552,0772,0022,0783,2868,100562,8095,
00119076,0084,0000,3571,1009,27,0000,404,089,089,01,-,1,0,-027,+027,2557,0771,0021,0785,2870,100562,8089,
00119576,0084,0016,3568,1009,27,0000,404,089,089,01,-,1,0,-035,+039,2557,0771,0020,0783,2870,100564,8083,
00120076,0081,0000,3568,1009,27,0000,404,089,089,01,-,1,0,-037,+038,2547,0771,0022,0783,2870,100564,8076,
00120576,0084,0000,3568,1009,27,0000,404,089,089,01,-,1,0,-028,+041,2552,0771,0020,0783,2869,100560,8068,
00121076,0084,0000,3568,1009,27,0000,404,089,089,01,-,1,0,-033,+040,2557,0771,0020,0783,2868,100562,8062,
00121576,0084,0000,3568,1009,27,0000,404,089,089,01,-,1,0,-048,+038,2547,0772,0017,0783,2868,100562,8058,
00122076,0084,0000,3568,1009,27,0000,404,089,089,01,-,1,0,-041,+043,2552,0771,0018,0783,2868,100563,8055,
00122576,0084,0000,3568,1009,27,0000,404,089,089,01,-,1,0,-029,+037,2557,0772,0007,0783,2869,100563,8054,
00123076,0084,0000,3568,1009,27,0000,404,089,089,01,-,1,0,-045,+040,2552,0772,0015,0783,2870,100562,8052,
00123576,0084,0000,3568,1009,27,0000,404,089,089,01,-,1,0,-032,+039,2557,0772,0019,0783,2871,100563,8052,
00124076,0086,0000,3568,1009,27,0000,404,089,089,01,-,1,0,-043,+035,2552,0772,0019,0783,2872,100561,8051,
00124576,0088,0016,3568,1009,27,0000,404,089,089,01,-,1,0,-034,+043,2557,0772,0018,0783,2874,100562,8053,
00125076,0086,0000,3568,1009,27,0000,404,089,089,01,-,1,0,-036,+037,2561,0772,0020,0783,2874,100563,8052,
00125576,0119,0000,3568,1009,27,0000,404,089,089,01,-,1,0,-031,+044,2557,0765,0022,0783,2874,100563,8045,
00126076,0092,0000,3568,1009,27,0000,404,089,089,01,-,1,0,-039,+040,2557,0772,0018,0783,2874,100567,8041,
00126576,0090,0000,3568,1009,27,0000,404,089,089,01,-,1,0,-032,+041,2557,0772,0019,0783,2875,100564,8037,
00127076,0088,0000,3568,1009,27,0000,404,089,089,01,-,1,0,-032,+038,2557,0772,0015,0783,2876,100563,8032,
00127576,0086,0000,3568,1009,27,0000,404,089,089,01,-,1,0,-045,+041,2547,0772,0011,0783,2876,100564,8028,
00128076,0086,0000,3568,1009,27,0000,404,089,089,01,-,1,0,-036,+040,2557,0772,0019,0783,2876,100565,8027,
00128576,0086,0000,3568,1009,27,0000,404,089,089,01,-,1,0,-038,+045,2552,0772,0018,0783,2876,100564,8023,
00129076,0086,0000,3568,1009,27,0000,404,089,089,01,-,1,0,-032,+032,2557,0772,0016,0783,2878,100562,8021,
00129576,0086,0000,3568,1009,27,0000,404,089,089,01,-,1,0,-034,+043,2552,0771,0023,0785,2879,100561,8019,
00130076,0086,0000,3568,1009,27,0000,404,089,089,01,-,1,0,-034,+046,2566,0771,0016,0783,2880,100563,8018,
00130576,0084,0000,3568,1009,27,0000,406,089,089,01,-,1,0,-038,+042,2561,0771,0028,0785,2880,100563,8017,
00131076,0084,0000,3568,1009,27,0000,404,089,089,01,-,1,0,-033,+050,2557,0771,0018,0783,2881,100560,8015,
00131576,0084,0000,3568,1009,27,0000,404,089,089,01,-,1,0,-038,+044,2566,0761,0024,0783,2882,100562,8014,
00132076,0084,0000,3568,1009,27,0000,404,089,089,01,-,1,0,-033,+052,2557,0771,0022,0785,2882,100565,8012,
00132576,0081,0000,3568,1009,27,0000,404,089,089,01,-,1,0,-037,+047,2557,0771,0020,0783,2882,100563,8010,
00133076,0084,0000,3568,1009,27,0000,404,089,089,01,-,1,0,-037,+045,2557,0768,0021,0785,2884,100563,8011,
00133576,0081,0000,3568,1009,27,0000,404,089,089,01,-,1,0,-037,+046,2566,0771,0029,0785,2884,100561,8011,
00134076,0081,0000,3568,1009,27,0000,404,089,089,01,-,1,0,-041,+046,2561,0768,0024,0783,2885,100564,8012,
00134576,0081,0000,3568,1009,27,0000,404,089,089,01,-,1,0,-035,+046,2561,0772,0017,0783,2886,100564,8011,
00135076,0081,0016,3568,1009,27,0000,404,089,089,01,-,1,0,-029,+050,2566,0771,0020,0783,2887,100566,8011,
00135576,0081,0000,3568,1009,27,0000,404,089,089,01,-,1,0,-039,+055,2561,0771,0019,0783,2887,100565,8009,
00136076,0081,0000,3568,1009,27,0000,404,089,089,01,-,1,0,-043,+042,2571,0771,0021,0783,2886,100563,8003,
00136576,0084,0016,3568,1009,27,0000,404,089,089,01,-,1,0,-029,+045,2566,0771,0018,0783,2886,100562,8004,
00137076,0081,0000,3568,1009,27,0000,404,089,089,01,-,1,0,-028,+048,2561,0772,0016,0783,2887,100564,8003,
00137576,0081,0000,3568,1009,27,0000,404,089,089,01,-,1,0,-036,+035,2561,0771,0021,0783,2888,100563,8001,
00138076,0084,0000,3568,1009,27,0000,404,089,089,01,-,1,0,-063,+153,2571,0772,0015,0785,2889,100562,7999,
00138576,0081,0000,3568,1009,27,0000,404,089,089,01,-,1,0,-041,+038,2566,0770,0024,0783,2891,100561,7992,
00139076,0084,0016,3568,1009,27,0000,404,089,089,01,-,1,0,-034,+045,2575,0770,0017,0783,2891,100563,7989,
00139576,0084,0000,3564,1009,27,0000,404,089,089,01,-,1,0,-034,+039,2571,0771,0021,0783,2892,100563,7981,
00140076,0084,0000,3564,1009,27,0000,404,089,089,01,-,1,0,-030,+052,2561,0770,0021,0783,2890,100564,7974,
00140576,0084,0000,3564,1009,27,0000,404,089,089,01,-,1,0,-036,+041,2566,0771,0017,0783,2889,100563,7972,
00141076,0088,0000,3564,1009,27,0000,404,089,089,01,-,1,0,-052,+048,2571,0771,0023,0783,2890,100563,7970,
00141576,0090,0000,3564,1009,27,0000,404,089,089,01,-,1,0,-045,+044,2552,0766,0022,0783,2892,100564,7970,
00142076,0088,0000,3564,1009,27,0000,404,089,089,01,-,1,0,-035,+049,2566,0772,0015,0783,2893,100562,7967,
00142576,0086,0000,3564,1009,27,0000,404,089,089,01,-,1,0,-035,+052,2561,0771,0021,0783,2892,100562,7964,
00143076,0086,0000,3564,1009,27,0000,404,089,089,01,-,1,0,-031,+048,2557,0771,0022,0783,2892,100564,7962,
00143576,0086,0000,3564,1009,27,0000,404,089,089,01,-,1,0,-036,+046,2557,0772,0022,0783,2893,100565,7961,
00144076,0086,0000,3564,1009,27,0000,404,089,089,01,-,1,0,-035,+044,2566,0771,0020,0783,2894,100564,7959,
00144576,0084,0000,3564,1009,27,0000,404,089,089,01,-,1,0,-036,+046,2561,0772,0014,0785,2894,100563,7956,
00145076,0084,0000,3564,1009,27,0000,404,089,089,01,-,1,0,-040,+045,2561,0772,0016,0783,2894,100563,7954,
00145576,0081,0000,3564,1009,27,0000,404,089,089,01,-,1,0,-036,+048,2561,0771,0020,0783,2894,100565,7951,
00146076,0084,0016,3564,1009,27,0000,404,089,089,01,-,1,0,-036,+048,2561,0771,0020,0783,2893,100564,7949,
00146576,0081,0016,3561,1009,27,0000,404,089,089,01,-,1,0,-027,+052,2557,0772,0015,0783,2892,100566,7946,
00147076,0081,0000,3557,1009,27,0000,404,089,089,01,-,1,0,-036,+053,2557,0771,0020,0783,2894,100565,7942,
00147576,0081,0000,3561,1009,27,0000,404,089,089,01,-,1,0,-034,+040,2571,0770,0017,0783,2895,100566,7933,
00148076,0081,0016,3557,1009,27,0000,404,089,089,01,-,1,0,-036,+046,2552,0770,0018,0783,2895,100567,7927,
00148576,0081,0016,3561,1009,27,0000,404,089,089,01,-,1,0,-040,+048,2557,0772,0014,0783,2896,100567,7922,
00149076,0081,0023,3557,1009,27,0000,404,089,089,01,-,1,0,-038,+044,2566,0766,0020,0783,2897,100564,7919,
00149576,0081,0016,3561,1009,27,0000,404,089,089,01,-,1,0,-035,+048,2571,0772,0019,0783,2897,100562,7915,
00150076,0081,0000,3561,1009,27,0000,404,089,089,01,-,1,0,-027,+044,2571,0771,0020,0783,2896,100562,7910,
00150576,0079,0016,3557,1009,27,0000,404,089,089,01,-,1,0,-033,+049,2561,0771,0023,0783,2897,100563,7909,
00151076,0079,0016,3561,1009,27,0000,404,089,089,01,-,1,0,-049,+050,2571,0771,0020,0783,2897,100563,7904,
00151576,0077,0016,3557,1009,27,0000,404,089,089,01,-,1,0,-035,+049,2561,0770,0025,0783,2896,100565,7899,
00152076,0079,0016,3561,1009,27,0000,404,089,089,01,-,1,0,-036,+050,2557,0772,0020,0783,2897,100566,7894,
00152576,0079,0016,3561,1009,27,0000,404,089,089,01,-,1,0,-033,+048,2557,0771,0018,0783,2897,100564,7892,
00153076,0079,0016,3561,1009,27,0000,404,089,089,01,-,1,0,-042,+061,2566,0771,0021,0783,2899,100565,7891,
00153576,0079,0023,3557,1009,27,0000,404,089,089,01,-,1,0,-029,+054,2561,0772,0012,0783,2900,100566,7888,
00154076,0081,0016,3561,1009,27,0000,404,089,089,01,-,1,0,-038,+051,2561,0771,0025,0783,2901,100563,7890,
00154576,0079,0023,3557,1009,27,0000,404,089,089,01,-,1,0,-032,+047,2552,0772,0021,0783,2901,100565,7885,
00155076,0081,0016,3561,1009,27,0000,404,089,089,01,-,1,0,-028,+045,2557,0765,0024,0783,2901,100566,7886,
00155576,0081,0016,3557,1009,27,0000,404,089,089,01,-,1,0,-036,+048,2566,0771,0018,0783,2902,100566,7881,
00156076,0084,0016,3561,1009,27,0000,404,089,089,01,-,1,0,-038,+042,2552,0771,0019,0783,2904,100565,7878,
00156576,0086,0016,3557,1009,27,0000,404,089,089,01,-,1,0,-036,+054,2557,0770,0027,0783,2903,100566,7875,
00157076,0086,0016,3557,1009,27,0000,404,089,089,01,-,1,0,-050,+044,2566,0771,0025,0783,2904,100566,7872,
00157576,0086,0023,3561,1009,27,0000,404,089,089,01,-,1,0,-026,+049,2566,0770,0025,0783,2904,100562,7870,
00158076,0084,0023,3557,1009,27,0000,404,089,089,01,-,1,0,-034,+050,2557,0771,0019,0783,2904,100563,7866,
00158576,0086,0023,3557,1009,27,0000,404,089,089,01,-,1,0,-038,+049,2566,0771,0022,0783,2904,100564,7866,
00159076,0086,0016,3557,1009,27,0000,404,089,089,01,-,1,0,-032,+031,2557,0767,0018,0783,2905,100566,7864,
00159576,0081,0023,3561,1009,27,0000,404,089,089,01,-,1,0,-034,+030,2561,0772,0016,0783,2906,100567,7863,
00160076,0084,0016,3561,1009,27,0000,404,089,089,01,-,1,0,-027,+038,2566,0770,0019,0783,2905,100565,7860,
00160576,0081,0016,3557,1009,27,0000,404,089,089,01,-,1,0,-050,+041,2561,0772,0016,0783,2904,100564,7858,
00161076,0081,0016,3557,1009,27,0000,404,089,089,01,-,1,0,-030,+054,2561,0772,0018,0783,2903,100566,7855,
00161576,0081,0000,3557,1009,27,0000,404,089,089,01,-,1,0,-042,+056,2566,0770,0025,0783,2904,100567,7854,
00162076,0081,0000,3554,1009,27,0000,404,089,089,01,-,1,0,-045,+047,2571,0762,0024,0783,2906,100566,7854,
00162576,0081,0023,3557,1009,27,0000,404,089,089,01,-,1,0,-028,+036,2552,0771,0023,0783,2907,100568,7853,
00163076,0081,0016,3557,1009,27,0000,404,089,089,01,-,1,0,-029,+027,2566,0771,0016,0783,2908,100566,7854,
00163576,0079,0016,3557,1009,27,0000,404,089,089,01,-,1,0,-048,+044,2566,0767,0031,0783,2908,100569,7852,
00164076,0079,0016,3557,1009,27,0000,404,089,089,01,-,1,0,-029,+049,2557,0771,0028,0783,2907,100567,7848,
00164576,0079,0000,3554,1009,27,0000,404,089,089,01,-,1,0,-031,+043,2561,0771,0029,0783,2907,100569,7844,
00165076,0077,0016,3536,1009,27,0000,404,089,089,01,-,1,0,-029,+042,2580,0771,0025,0783,2907,100568,7842,
00165576,0077,0000,3480,1009,27,0000,404,089,089,01,-,1,0,-036,+044,2561,0766,0027,0783,2908,100567,7839,
00166076,0077,0023,3480,1009,27,0000,404,089,089,01,-,1,0,-043,+040,2557,0771,0026,0783,2907,100567,7836,
00166576,0077,0023,3480,1009,27,0000,404,089,089,01,-,1,0,-022,+046,2566,0761,0037,0783,2907,100568,7832,
00167076,0077,0016,3480,1009,27,0000,404,089,089,01,-,1,0,-039,+041,2552,0770,0029,0783,2906,100566,7828,
00167576,0077,0016,3476,1009,27,0000,404,089,089,01,-,1,0,-037,+032,2557,0771,0020,0783,2905,100565,7829,
00168076,0075,0000,3476,1009,27,0000,404,089,089,01,-,1,0,-037,+027,2552,0770,0029,0783,2905,100565,7827,
00168576,0079,0016,3476,1009,27,0000,404,089,089,01,-,1,0,-037,+030,2566,0768,0033,0783,2906,100564,7829,
00169076,0081,0016,3476,1009,27,0000,404,089,089,01,-,1,0,-037,+025,2566,0768,0036,0783,2907,100564,7825,
00169576,0081,0016,3469,1009,27,0000,404,089,089,01,-,1,0,-034,+024,2552,0770,0033,0783,2906,100565,7827,
00170076,0084,0016,3473,1009,27,0000,404,089,089,01,-,1,0,-038,+018,2557,0770,0023,0783,2907,100566,7823,
00170576,0088,0016,3469,1009,27,0000,404,089,089,01,-,1,0,-042,+023,2557,0765,0031,0783,2906,100568,7821,
00171076,0088,0016,3469,1009,27,0000,404,089,089,01,-,1,0,-028,+012,2552,0770,0031,0783,2905,100566,7824,
00171576,0090,0000,3469,1009,27,0000,404,089,089,01,-,1,0,-037,+009,2557,0771,0023,0783,2905,100566,7827,
00172076,0090,0016,3466,1009,27,0000,404,089,089,01,-,1,0,-038,+020,2561,0770,0020,0783,2904,100567,7823,
00172576,0090,0000,3424,1009,27,0000,404,089,089,01,-,1,0,-044,-028,2547,0765,0022,0783,2902,100564,7820,
00173076,0084,0000,3424,1009,27,0000,404,089,089,01,-,1,0,-037,+012,2557,0771,0019,0783,2903,100566,7819,
00173576,0088,0000,3420,1009,27,0000,406,089,090,01,-,1,0,-042,+012,2557,0768,0023,0783,2905,100565,7818,
00174076,0092,0016,3420,1009,27,0000,404,089,090,01,-,1,0,-038,+016,2557,0765,0020,0783,2905,100565,7815,
00174576,0090,0016,3420,1009,27,0000,404,090,088,01,-,1,0,-037,+017,2547,0771,0024,0783,2907,100565,7809,
00175076,0086,0016,3424,1009,27,0000,404,089,090,01,-,1,0,-040,+009,2538,0771,0026,0783,2907,100566,7805,
00175576,0084,0000,3424,1009,27,0000,404,089,089,01,-,1,0,-030,+006,2561,0772,0014,0783,2907,100567,7805,
00176076,0086,0000,3424,1009,27,0000,404,089,090,01,-,1,0,-043,+000,2552,0771,0019,0783,2907,100566,7805,
00176576,0079,0000,3420,1009,27,0000,404,089,090,01,-,1,0,-042,+016,2547,0771,0021,0783,2908,100568,7801,
00177076,0081,0016,3420,1009,27,0000,404,089,090,01,-,1,0,-024,+004,2543,0772,0014,0783,2909,100567,7800,
00177576,0079,0000,3424,1009,27,0000,404,089,090,01,-,1,0,-035,+007,2557,0771,0017,0783,2908,100568,7799,
00178076,0079,0000,3420,1009,27,0000,404,089,090,01,-,1,0,-019,+074,2557,0771,0017,0783,2908,100567,7800,
00178576,0079,0000,3424,1009,27,0000,404,089,090,01,-,1,0,-043,+011,2561,0771,0028,0783,2910,100569,7802,
00179076,0077,0000,3420,1009,27,0000,404,089,090,01,-,1,0,-037,+005,2561,0770,0029,0783,2911,100565,7804,
00179576,0077,0016,3424,1009,27,0000,404,089,090,01,-,1,0,-043,+011,2561,0771,0025,0783,2911,100568,7807,
00180076,0079,0000,3420,1009,27,0000,404,089,088,01,-,1,0,-029,+000,2571,0767,0025,0783,2912,100567,7810,
00180576,0077,0000,3424,1009,27,0000,404,089,090,01,-,1,0,-038,+003,2557,0770,0030,0783,2913,100568,7813,
00181076,0077,0000,3424,1009,27,0000,404,089,090,01,-,1,0,-037,+004,2561,0771,0020,0783,2914,100567,7814,
00181576,0075,0016,3420,1009,27,0000,404,089,090,01,-,1,0,-040,+005,2557,0770,0017,0783,2915,100567,7814,
00182076,0077,0000,3424,1009,27,0000,404,089,090,01,-,1,0,-024,+008,2566,0770,0020,0782,2916,100568,7813,
00182576,0075,0000,3424,1009,27,0000,404,089,090,01,-,1,0,-042,+003,2571,0771,0021,0783,2916,100568,7811,
00183076,0077,0016,3424,1009,27,0000,404,089,090,01,-,1,0,-039,+030,2561,0771,0021,0783,2914,100566,7804,
00183576,0075,0000,3424,1009,27,0000,404,089,090,01,-,1,0,-035,+003,2557,0771,0019,0783,2915,100569,7804,
00184076,0077,0000,3420,1009,27,0000,404,089,090,01,-,1,0,-036,+001,2557,0765,0025,0783,2916,100569,7803,
00184576,0077,0000,3424,1009,27,0000,404,089,090,01,-,1,0,-035,-004,2552,0771,0019,0783,2918,100568,7803,
00185076,0077,0016,3420,1009,27,0000,404,089,090,01,-,1,0,-036,-004,2557,0771,0020,0783,2918,100567,7802,
00185576,0079,0000,3424,1009,27,0000,404,089,090,01,-,1,0,-039,+005,2571,0764,0020,0783,2918,100567,7800,
00186076,0079,0000,3424,1009,27,0000,404,089,090,01,-,1,0,-030,+002,2561,0771,0019,0783,2917,100570,7800,
00186576,0077,0000,3420,1009,27,0000,404,089,090,01,-,1,0,-037,-001,2566,0772,0015,0783,2918,100566,7801,
00187076,0079,0023,3420,1009,27,0000,404,089,090,01,-,1,0,-044,+010,2561,0772,0015,0783,2918,100568,7800,
00187576,0081,0016,3420,1009,27,0000,404,089,090,01,-,1,0,-037,+003,2571,0771,0016,0782,2919,100567,7800,
00188076,0081,0000,3420,1009,27,0000,404,089,090,01,-,1,0,-034,+003,2566,0771,0020,0783,2919,100567,7800,
00188576,0086,0016,3420,1009,27,0000,404,089,090,01,-,1,0,-038,+011,2571,0771,0020,0783,2920,100569,7799,
00189076,0084,0016,3420,1009,27,0000,404,089,090,01,-,1,0,-035,-003,2561,0771,0023,0783,2921,100568,7797,
00189576,0084,0000,3420,1009,27,0000,404,089,090,01,-,1,0,-027,+003,2575,0771,0019,0783,2921,100568,7797,
00190076,0081,0000,3420,1009,27,0000,404,089,090,01,-,1,0,-032,+000,2566,0771,0018,0783,2921,100570,7794,
00190576,0081,0000,3420,1009,27,0000,404,089,090,01,-,1,0,-026,+012,2571,0772,0018,0783,2920,100568,7792,
00191076,0081,0000,3420,1009,27,0000,404,089,090,01,-,1,0,-028,+007,2566,0771,0018,0783,2922,100568,7791,
00191576,0081,0000,3420,1009,27,0000,404,089,090,01,-,1,0,-029,+005,2575,0766,0016,0783,2923,100568,7789,
00192076,0081,0000,3417,1009,27,0000,404,089,090,01,-,1,0,-034,+005,2561,0771,0018,0783,2923,100567,7785,
00192576,0079,0016,3417,1009,27,0000,404,089,090,01,-,1,0,-034,+007,2571,0772,0015,0783,2922,100569,7776,
00193076,0081,0000,3417,1009,27,0000,404,089,090,01,-,1,0,-046,+007,2566,0760,0023,0783,2921,100566,7772,
00193576,0079,0000,3417,1009,27,0000,404,089,090,01,-,1,0,-034,+001,2561,0772,0013,0783,2922,100566,7768,
00194076,0079,0000,3417,1009,27,0000,404,089,090,01,-,1,0,-036,+020,2557,0771,0012,0783,2923,100569,7766,
00194576,0079,0000,3413,1009,27,0000,404,089,090,01,-,1,0,-035,+010,2566,0771,0026,0783,2924,100570,7762,
00195076,0081,0000,3417,1009,27,0000,404,089,090,01,-,1,0,-041,+016,2561,0771,0026,0783,2922,100569,7764,
00195576,0079,0000,3417,1009,27,0000,404,089,090,01,-,1,0,-027,+012,2561,0771,0028,0782,2923,100568,7767,
00196076,0077,0000,3417,1009,27,0000,404,089,090,01,-,1,0,-038,+012,2566,0771,0021,0783,2923,100568,7765,
00196576,0077,0000,3417,1009,27,0000,404,089,090,01,-,1,0,-035,+016,2566,0771,0025,0783,2923,100567,7765,
00197076,0077,0000,3417,1009,27,0000,404,089,090,01,-,1,0,-041,+010,2557,0771,0021,0782,2925,100568,7763,
00197576,0075,0000,3417,1009,27,0000,404,089,090,01,-,1,0,-044,+012,2557,0771,0018,0783,2926,100569,7758,
00198076,0077,0023,3417,1009,27,0000,404,089,090,01,-,1,0,-031,+010,2566,0771,0019,0783,2926,100569,7753,
00198576,0075,0000,3413,1009,27,0000,404,089,090,01,-,1,0,-034,+014,2561,0770,0015,0783,2923,100570,7750,
00199076,0075,0000,3417,1009,27,0000,404,089,090,01,-,1,0,-044,+018,2575,0770,0021,0782,2925,100568,7750,
00199576,0075,0000,3417,1009,27,0000,404,089,090,01,-,1,0,-034,+017,2571,0771,0015,0783,2926,100568,7748,
00200076,0075,0016,3417,1009,27,0000,404,089,090,01,-,1,0,-034,+019,2557,0771,0017,0783,2925,100568,7743,
00200576,0075,0016,3417,1009,27,0000,404,089,090,01,-,1,0,-027,+034,2557,0765,0024,0783,2925,100568,7737,
00201076,0075,0000,3417,1009,27,0000,404,089,090,01,-,1,0,-037,+007,2571,0771,0023,0783,2924,100568,7732,
00201576,0077,0016,3413,1009,27,0000,404,089,090,01,-,1,0,-031,+013,2566,0771,0020,0783,2924,100569,7729,
00202076,0077,0016,3413,1009,27,0000,404,089,090,01,-,1,0,-043,+017,2557,0766,0021,0783,2923,100566,7728,
00202576,0086,0000,3417,1009,27,0000,404,089,090,01,-,1,0,-036,+014,2561,0771,0015,0783,2922,100566,7724,
00203076,0088,0016,3417,1009,27,0000,404,089,090,01,-,1,0,-035,+021,2566,0771,0017,0782,2924,100569,7723,
00203576,0088,0016,3417,1009,27,0000,404,089,090,01,-,1,0,-049,+025,2561,0772,0016,0783,2926,100566,7724,
00204076,0092,0000,3417,1009,27,0000,404,089,090,01,-,1,0,-042,+020,2566,0771,0021,0783,2926,100570,7721,
00204576,0090,0000,3417,1009,27,0000,404,089,090,01,-,1,0,-024,+025,2571,0772,0010,0782,2927,100571,7720,
00205076,0090,0000,3417,1009,27,0000,404,089,090,01,-,1,0,-036,+016,2575,0771,0019,0783,2929,100569,7720,
00205576,0090,0000,3417,1009,27,0000,404,089,090,01,-,1,0,-032,+024,2566,0771,0018,0783,2930,100570,7721,
00206076,0088,0000,3417,1009,27,0000,404,089,090,01,-,1,0,-039,+020,2561,0771,0019,0783,2930,100570,7722,
00206576,0088,0000,3413,1009,27,0000,404,089,090,01,-,1,0,-036,+025,2561,0770,0015,0782,2929,100572,7717,
00207076,0086,0000,3417,1009,27,0000,404,089,090,01,-,1,0,-033,+021,2561,0771,0014,0783,2930,100570,7711,
00207576,0084,0000,3417,1009,27,0000,404,089,090,01,-,1,0,-041,+031,2566,0772,0013,0783,2931,100570,7707,
00208076,0084,0000,3417,1009,27,0000,404,089,090,01,-,1,0,-035,+027,2566,0766,0013,0782,2932,100570,7701,
00208576,0084,0000,3417,1009,27,0000,404,089,090,01,-,1,0,-034,+028,2566,0771,0015,0782,2932,100570,7700,
00209076,0084,0000,3413,1009,27,0000,404,089,090,01,-,1,0,-032,+025,2571,0771,0012,0783,2933,100571,7700,
00209576,0084,0000,3417,1009,27,0000,404,089,090,01,-,1,0,-038,+023,2566,0771,0014,0783,2932,100572,7703,
00210076,0084,0000,3413,1009,27,0000,404,089,090,01,-,1,0,-033,+025,2571,0771,0017,0783,2928,100570,7702,
00210576,0084,0000,3413,1009,27,0000,404,089,090,01,-,1,0,-039,+024,2571,0768,0015,0782,2927,100570,7706,
00211076,0084,0000,3413,1009,27,0000,404,089,090,01,-,1,0,-038,+022,2566,0771,0010,0783,2927,100568,7704,
00211576,0084,0000,3413,1009,27,0000,404,089,090,01,-,1,0,-033,+029,2561,0771,0020,0783,2926,100570,7702,
00212076,0084,0023,3413,1009,27,0000,404,089,090,01,-,1,0,-027,+026,2566,0771,0019,0783,2926,100572,7698,
00212576,0084,0000,3413,1009,27,0000,404,089,090,01,-,1,0,-037,+024,2557,0771,0014,0783,2926,100570,7693,
00213076,0086,0000,3413,1009,27,0000,404,089,090,01,-,1,0,-039,+025,2561,0771,0015,0782,2925,100568,7695,
00213576,0086,0000,3410,1009,27,0000,404,089,090,01,-,1,0,-036,+023,2566,0771,0015,0783,2928,100569,7695,
00214076,0088,0016,3406,1009,27,0000,404,089,090,01,-,1,0,-038,+027,2557,0772,0015,0783,2929,100569,7691,
00214576,0088,0016,3399,1009,27,0000,404,089,090,01,-,1,0,-037,+024,2557,0771,0019,0783,2926,100568,7688,
00215076,0092,0016,3396,1009,27,0000,404,089,090,01,-,1,0,-035,+026,2557,0772,0010,0783,2924,100570,7690,
00215576,0092,0000,3396,1009,27,0000,404,089,090,01,-,1,0,-039,+028,2561,0762,0021,0783,2921,100570,7688,
00216076,0090,0016,3396,1009,27,0000,404,089,090,01,-,1,0,-032,+027,2561,0771,0024,0782,2922,100568,7689,
00216576,0090,0016,3392,1009,27,0000,404,089,090,01,-,1,0,-036,+025,2561,0771,0015,0783,2921,100568,7689,
00217076,0088,0023,3389,1009,27,0000,404,089,090,01,-,1,0,-033,+028,2557,0772,0016,0782,2923,100566,7687,
00217576,0086,0016,3389,1009,27,0000,404,089,090,01,-,1,0,-038,+028,2561,0771,0014,0782,2923,100567,7680,
00218076,0081,0016,3389,1009,27,0000,404,089,090,01,-,1,0,-033,+034,2557,0770,0017,0783,2921,100566,7677,
00218576,0088,0000,3385,1009,27,0000,404,089,090,01,-,1,0,-030,+030,2547,0772,0014,0782,2919,100567,7674,
00219076,0088,0000,3385,1009,27,0000,404,089,090,01,-,1,0,-034,+028,2547,0772,0018,0782,2917,100566,7673,
00219576,0079,0016,3385,1009,27,0000,404,089,090,01,-,1,0,-037,+038,2557,0765,0020,0783,2919,100569,7676,
00220076,0079,0000,3385,1009,27,0000,404,089,090,01,-,1,0,-031,+030,2552,0772,0011,0782,2921,100569,7677,
00220576,0077,0016,3382,1009,27,0000,404,089,090,01,-,1,0,-033,+038,2557,0771,0016,0782,2920,100568,7674,
00221076,0084,0016,3382,1009,27,0000,404,089,090,01,-,1,0,-036,+023,2552,0771,0018,0782,2920,100568,7677,
00221576,0079,0000,3382,1009,27,0000,404,089,090,01,-,1,0,-029,+031,2552,0771,0016,0782,2921,100566,7678,
00222076,0079,0000,3382,1009,27,0000,404,089,090,01,-,1,0,-036,+035,2547,0771,0019,0782,2920,100567,7675,
00222576,0084,0016,3382,1009,27,0000,404,089,090,01,-,1,0,-034,+026,2547,0772,0008,0782,2920,100571,7675,
00223076,0084,0016,3382,1009,27,0000,404,089,090,01,-,1,0,-039,+027,2547,0772,0014,0783,2920,100572,7677,
00223576,0084,0000,3382,1009,27,0000,404,089,090,01,-,1,0,-037,+019,2557,0771,0014,0782,2921,100570,7677,
00224076,0084,0000,3382,1009,27,0000,404,089,090,01,-,1,0,-035,+029,2557,0771,0018,0782,2922,100571,7678,
00224576,0086,0016,3382,1009,27,0000,404,089,090,01,-,1,0,-036,+026,2552,0770,0017,0782,2923,100570,7679,
00225076,0086,0000,3382,1009,27,0000,404,089,090,01,-,1,0,-038,+027,2557,0771,0017,0782,2923,100570,7677,
00225576,0086,0000,3382,1009,27,0000,404,089,090,01,-,1,0,-042,+032,2543,0771,0016,0782,2921,100568,7677,
00226076,0084,0016,3382,1009,27,0000,404,089,090,01,-,1,0,-039,+035,2552,0772,0018,0782,2922,100568,7677,
00226576,0092,0016,3382,1009,27,0000,404,089,090,01,-,1,0,-038,+035,2547,0772,0017,0782,2921,100567,7677,
00227076,0092,0016,3382,1009,27,0000,404,089,090,01,-,1,0,-039,+034,2552,0771,0016,0782,2922,100569,7678,
00227576,0088,0016,3385,1009,27,0000,404,089,090,01,-,1,0,-032,+029,2547,0771,0020,0782,2921,100572,7679,
00228076,0079,0016,3382,1009,27,0000,404,089,090,01,-,1,0,-039,+024,2557,0771,0017,0782,2923,100570,7684,
00228576,0079,0016,3382,1009,27,0000,404,089,090,01,-,1,0,-030,+033,2547,0770,0011,0782,2924,100568,7685,
00229076,0081,0016,3385,1009,27,0000,404,089,090,01,-,1,0,-037,+037,2547,0771,0022,0782,2926,100568,7682,
00229576,0081,0016,3382,1009,27,0000,404,089,090,01,-,1,0,-033,+035,2538,0772,0015,0782,2926,100571,7680,
00230076,0079,0016,3382,1009,27,0000,404,089,090,01,-,1,0,-035,+030,2538,0772,0011,0783,2927,100569,7680,
00230576,0077,0023,3382,1009,27,0000,404,089,090,01,-,1,0,-034,+034,2547,0771,0017,0782,2927,100570,7680,
00231076,0077,0016,3382,1009,27,0000,404,089,090,01,-,1,0,-036,+032,2552,0771,0015,0782,2928,100570,7675,
00231576,0075,0000,3382,1009,27,0000,402,089,090,01,-,1,0,-029,+035,2552,0771,0012,0782,2928,100572,7678,
00232076,0075,0000,3382,1009,27,0000,404,089,090,01,-,1,0,-030,+033,2561,0772,0016,0782,2928,100572,7681,
00232576,0079,0000,3382,1009,27,0000,404,089,090,01,-,1,0,-039,+046,2547,0771,0023,0782,2928,100571,7686,
00233076,0079,0016,3382,1009,27,0000,404,089,090,01,-,1,0,-038,+036,2547,0771,0016,0782,2929,100571,7689,
00233576,0075,0016,3382,1009,27,0000,404,089,090,01,-,1,0,-045,+038,2557,0771,0012,0782,2929,100570,7691,
00234076,0075,0023,3382,1009,27,0000,404,089,090,01,-,1,0,-041,+031,2557,0771,0015,0782,2930,100570,7691,
00234576,0075,0023,3382,1009,27,0000,404,089,090,01,-,1,0,-033,+042,2552,0770,0019,0782,2930,100571,7686,
00235076,0075,0016,3382,1009,27,0000,404,089,090,01,-,1,0,-034,+033,2552,0771,0018,0782,2930,100569,7685,
00235576,0075,0016,3382,1009,27,0000,404,089,090,01,-,1,0,-031,+031,2543,0771,0020,0782,2930,100573,7684,
00236076,0077,0023,3382,1009,27,0000,404,089,090,01,-,1,0,-031,+033,2557,0766,0016,0782,2930,100571,7683,
00236576,0077,0016,3382,1009,27,0000,404,089,090,01,-,1,0,-039,+041,2552,0771,0022,0782,2930,100571,7686,
00237076,0077,0016,3382,1009,27,0000,404,089,090,01,-,1,0,-035,+049,2557,0767,0019,0782,2931,100571,7689,
00237576,0081,0023,3382,1009,27,0000,404,089,090,01,-,1,0,-030,+031,2552,0771,0011,0782,2931,100572,7690,
00238076,0084,0016,3382,1009,27,0000,404,089,090,01,-,1,0,-041,+026,2557,0771,0019,0782,2931,100568,7692,
00238576,0081,0016,3382,1009,27,0000,404,089,090,01,-,1,0,-036,+025,2557,0771,0021,0782,2931,100572,7686,
00239076,0081,0016,3382,1009,27,0000,404,089,090,01,-,1,0,-036,+034,2557,0771,0017,0782,2931,100569,7681,
00239576,0081,0023,3382,1009,27,0000,404,089,090,01,-,1,0,-034,+041,2557,0771,0024,0782,2932,100572,7680,
00240076,0079,0000,3382,1009,27,0000,404,089,090,01,-,1,0,-029,+032,2552,0771,0022,0782,2932,100573,7678,
00240576,0079,0000,3382,1009,27,0000,404,089,090,01,-,1,0,-027,+029,2566,0771,0016,0782,2933,100573,7679,
00241076,0079,0016,3385,1009,27,0000,404,089,090,01,-,1,0,-038,+034,2557,0770,0026,0782,2933,100570,7677,
00241576,0077,0016,3382,1009,27,0000,404,089,090,01,-,1,0,-034,+032,2561,0771,0020,0782,2933,100571,7677,
00242076,0077,0016,3382,1009,27,0000,404,089,090,01,-,1,0,-033,+040,2547,0770,0018,0782,2932,100573,7673,
00242576,0077,0016,3382,1009,27,0000,404,089,090,01,-,1,0,-033,+035,2557,0771,0015,0780,2931,100571,7672,
00243076,0077,0016,3382,1009,27,0000,404,089,090,01,-,1,0,-035,+039,2557,0771,0016,0782,2932,100570,7675,
00243576,0079,0016,3382,1009,27,0000,404,089,090,01,-,1,0,-022,+024,2552,0767,0015,0783,2931,100571,7678,
00244076,0075,0023,3382,1009,27,0000,404,089,090,01,-,1,0,-036,+034,2561,0772,0014,0782,2932,100572,7677,
00244576,0075,0000,3382,1009,27,0000,404,089,090,01,-,1,0,-033,+035,2561,0771,0021,0782,2932,100575,7676,
00245076,0075,0016,3382,1009,27,0000,404,089,090,01,-,1,0,-038,+037,2557,0768,0020,0782,2932,100573,7676,
00245576,0079,0016,3382,1009,27,0000,404,089,090,01,-,1,0,-032,+036,2561,0771,0016,0782,2933,100572,7674,
00246076,0075,0016,3382,1009,27,0000,404,089,090,01,-,1,0,-033,+031,2561,0771,0010,0782,2934,100573,7667,
00246576,0075,0000,3382,1009,27,0000,404,089,090,01,-,1,0,-038,+035,2571,0771,0010,0782,2934,100571,7665,
00247076,0075,0000,3382,1009,27,0000,404,089,090,01,-,1,0,-035,+033,2566,0771,0018,0782,2934,100572,7661,
00247576,0075,0016,3382,1009,27,0000,404,089,090,01,-,1,0,-029,+035,2571,0771,0021,0782,2934,100572,7660,
00248076,0079,0000,3382,1009,27,0000,404,089,090,01,-,1,0,-029,+032,2566,0771,0015,0782,2935,100573,7658,
00248576,0079,0000,3382,1009,27,0000,404,089,090,01,-,1,0,-043,+031,2557,0771,0017,0782,2935,100571,7658,
00249076,0077,0016,3382,1009,27,0000,404,089,090,01,-,1,0,-036,+036,2561,0771,0021,0782,2935,100574,7659,
00249576,0077,0016,3382,1009,27,0000,404,089,090,01,-,1,0,-032,+031,2561,0771,0016,0782,2935,100568,7660,
00250076,0088,0000,3382,1009,27,0000,404,089,090,01,-,1,0,-038,+029,2561,0771,0015,0782,2935,100574,7661,
00250576,0088,0000,3382,1009,27,0000,404,089,090,01,-,1,0,-033,+034,2561,0770,0023,0782,2934,100571,7665,
00251076,0092,0000,3382,1009,27,0000,404,089,090,01,-,1,0,-041,+031,2566,0771,0018,0782,2935,100571,7665,
00251576,0088,0000,3382,1009,27,0000,404,089,090,01,-,1,0,-035,+028,2571,0771,0021,0782,2935,100570,7663,
00252076,0088,0016,3382,1009,27,0000,406,089,090,01,-,1,0,-037,+027,2566,0768,0014,0782,2934,100571,7664,
00252576,0088,0000,3382,1009,27,0000,404,089,090,01,-,1,0,-034,+031,2566,0772,0017,0782,2935,100572,7666,
00253076,0084,0000,3385,1009,27,0000,404,089,090,01,-,1,0,-038,+028,2575,0771,0017,0782,2933,100573,7661,
00253576,0084,0023,3382,1009,27,0000,404,089,090,01,-,1,0,-036,+024,2575,0772,0009,0782,2932,100572,7658,
00254076,0084,0016,3385,1009,27,0000,404,089,090,01,-,1,0,-041,+022,2575,0771,0015,0782,2932,100573,7650,
00254576,0092,0000,3382,1009,27,0000,404,089,090,01,-,1,0,-034,+015,2566,0771,0019,0782,2933,100573,7648,
00255076,0088,0023,3382,1009,27,0000,404,089,090,01,-,1,0,-045,+021,2566,0771,0017,0782,2933,100570,7650,
00255576,0096,0016,3382,1009,27,0000,404,089,090,01,-,1,0,-035,+021,2566,0771,0017,0782,2934,100570,7647,
00256076,0084,0000,3382,1009,27,0000,404,089,090,01,-,1,0,-034,+013,2571,0771,0017,0782,2932,100569,7645,
00256576,0088,0000,3382,1009,27,0000,404,089,090,01,-,1,0,-036,+014,2571,0771,0019,0782,2931,100571,7648,
00257076,0084,0023,3382,1009,27,0000,404,089,090,01,-,1,0,-038,+013,2566,0766,0016,0782,2930,100571,7649,
00257576,0088,0000,3382,1009,27,0000,402,089,090,01,-,1,0,-031,+016,2575,0771,0017,0782,2928,100569,7652,
00258076,0088,0016,3382,1009,27,0000,404,089,090,01,-,1,0,-031,+011,2566,0770,0016,0782,2929,100570,7655,
00258576,0088,0029,3382,1009,27,0000,404,089,090,01,-,1,0,-037,+014,2575,0772,0017,0782,2929,100572,7654,
00259076,0096,0000,3382,1009,27,0000,404,089,090,01,-,1,0,-036,+021,2580,0771,0015,0782,2929,100571,7651,
00259576,0096,0016,3382,1009,27,0000,404,089,090,01,-,1,0,-030,+013,2571,0771,0014,0782,2929,100573,7650,
00260076,0086,0000,3385,1009,27,0000,404,089,090,01,-,1,0,-039,+012,2566,0771,0023,0782,2929,100571,7649,
00260576,0100,0016,3385,1009,27,0000,404,089,090,01,-,1,0,-037,+016,2571,0771,0015,0782,2928,100569,7649,
00261076,0092,0016,3382,1009,27,0000,404,089,090,01,-,1,0,-035,+013,2571,0766,0013,0782,2929,100571,7650,
00261576,0096,0023,3382,1009,27,0000,404,089,090,01,-,1,0,-040,+020,2566,0772,0017,0782,2930,100571,7650,
00262076,0102,0023,3385,1009,27,0000,404,089,090,01,-,1,0,-039,+013,2566,0772,0017,0782,2930,100572,7651,
00262576,0098,0016,3385,1009,27,0000,404,089,090,01,-,1,0,-041,+016,2561,0771,0016,0782,2929,100572,7653,
00263076,0088,0016,3382,1009,27,0000,404,089,090,01,-,1,0,-033,+018,2575,0771,0016,0782,2930,100569,7650,
00263576,0098,0000,3385,1009,27,0000,402,089,090,01,-,1,0,-037,+013,2580,0771,0019,0782,2930,100572,7647,
00264076,0096,0000,3382,1009,27,0000,404,089,090,01,-,1,0,-038,+014,2575,0771,0015,0782,2930,100570,7641,
00264576,0092,0016,3385,1009,27,0000,404,089,090,01,-,1,0,-034,+018,2571,0771,0020,0782,2929,100569,7643,
00265076,0092,0016,3382,1009,27,0000,404,089,090,01,-,1,0,-030,+021,2571,0772,0010,0782,2930,100571,7648,
00265576,0086,0016,3385,1009,27,0000,404,089,090,01,-,1,0,-038,+021,2571,0771,0014,0782,2929,100569,7653,
00266076,0079,0023,3385,1009,27,0000,404,089,090,01,-,1,0,-032,+026,2566,0767,0014,0782,2928,100572,7658,
00266576,0084,0000,3382,1009,27,0000,404,089,090,01,-,1,0,-042,+031,2561,0771,0016,0782,2928,100572,7659,
00267076,0084,0016,3385,1009,27,0000,404,089,090,01,-,1,0,-032,+025,2575,0771,0017,0782,2928,100571,7658,
00267576,0092,0000,3385,1009,27,0000,404,089,090,01,-,1,0,-031,+020,2575,0771,0020,0782,2928,100573,7656,
00268076,0092,0023,3385,1009,27,0000,404,089,090,01,-,1,0,-037,+018,2575,0771,0023,0782,2928,100571,7654,
00268576,0088,0016,3382,1009,27,0000,404,089,090,01,-,1,0,-029,+025,2566,0767,0023,0782,2928,100571,7656,
00269076,0088,0000,3385,1009,27,0000,404,089,090,01,-,1,0,-035,+017,2580,0771,0018,0782,2928,100571,7656,
00269576,0086,0016,3385,1009,27,0000,404,089,090,01,-,1,0,-039,+017,2566,0771,0022,0782,2928,100572,7656,
00270076,0092,0023,3385,1009,27,0000,404,089,090,01,-,1,0,-032,+020,2571,0761,0017,0782,2927,100568,7654,
00270576,0088,0023,3382,1009,27,0000,404,089,090,01,-,1,0,-034,+019,2566,0771,0018,0782,2927,100569,7652,
00271076,0084,0023,3382,1009,27,0000,404,089,090,01,-,1,0,-037,+021,2575,0771,0021,0782,2927,100569,7652,
00271576,0081,0000,3385,1009,27,0000,404,089,090,01,-,1,0,-042,+022,2566,0771,0015,0782,2926,100571,7653,
00272076,0081,0016,3385,1009,27,0000,404,089,090,01,-,1,0,-029,+024,2566,0771,0015,0782,2927,100573,7659,
00272576,0084,0000,3382,1009,27,0000,404,089,090,01,-,1,0,-034,+022,2566,0771,0012,0782,2927,100570,7661,
00273076,0088,0029,3382,1009,27,0000,404,089,090,01,-,1,0,-039,+021,2561,0772,0014,0782,2927,100572,7661,
00273576,0088,0016,3382,1009,27,0000,404,089,090,01,-,1,0,-036,+016,2575,0771,0016,0782,2926,100572,7662,
00274076,0092,0016,3385,1009,27,0000,404,089,090,01,-,1,0,-034,+009,2557,0771,0012,0782,2927,100569,7664,
00274576,0092,0016,3382,1009,27,0000,404,089,090,01,-,1,0,-035,+013,2566,0771,0014,0782,2927,100572,7665,
00275076,0094,0016,3382,1009,27,0000,404,089,090,01,-,1,0,-030,+018,2571,0772,0011,0782,2926,100568,7665,
00275576,0096,0000,3382,1009,27,0000,404,089,090,01,-,1,0,-036,+016,2575,0770,0028,0782,2927,100570,7665,
00276076,0090,0016,3385,1009,27,0000,404,089,090,01,-,1,0,-031,+019,2575,0764,0030,0782,2926,100573,7664,
00276576,0094,0000,3385,1009,27,0000,404,089,090,01,-,1,0,-034,+012,2566,0770,0036,0782,2926,100573,7662,
00277076,0088,0016,3382,1009,27,0000,404,089,090,01,-,1,0,-030,+012,2561,0771,0026,0782,2926,100571,7660,
00277576,0088,0023,3385,1009,27,0000,404,089,090,01,-,1,0,-040,+019,2566,0771,0020,0782,2926,100570,7659,
00278076,0088,0000,3382,1009,27,0000,402,089,090,01,-,1,0,-034,+017,2580,0771,0019,0782,2926,100571,7659,
00278576,0086,0016,3382,1009,27,0000,404,089,090,01,-,1,0,-036,+020,2580,0771,0020,0782,2927,100572,7658,
00279076,0088,0023,3385,1009,27,0000,404,089,090,01,-,1,0,-039,+012,2566,0761,0024,0782,2926,100572,7657,
00279576,0088,0016,3385,1009,27,0000,404,089,090,01,-,1,0,-027,+010,2561,0765,0019,0782,2926,100571,7658,
00280076,0084,0016,3382,1009,27,0000,404,089,090,01,-,1,0,-039,+013,2575,0771,0023,0782,2927,100574,7659,
00280576,0084,0016,3382,1009,27,0000,404,089,090,01,-,1,0,-034,+019,2575,0771,0022,0782,2927,100573,7659,
00281076,0084,0000,3382,1009,27,0000,404,089,090,01,-,1,0,-034,+006,2566,0770,0027,0782,2927,100573,7658,
00281576,0084,0016,3382,1009,27,0000,404,089,090,01,-,1,0,-045,+008,2557,0771,0016,0782,2927,100572,7659,
00282076,0086,0000,3385,1009,27,0000,404,089,090,01,-,1,0,-038,+016,2580,0771,0017,0782,2927,100571,7658,
00282576,0086,0000,3385,1009,27,0000,404,089,090,01,-,1,0,-032,+012,2561,0771,0013,0782,2927,100571,7657,
00283076,0088,0016,3385,1009,27,0000,404,089,090,01,-,1,0,-037,+014,2580,0771,0016,0782,2928,100572,7656,
00283576,0092,0016,3382,1009,27,0000,404,089,090,01,-,1,0,-043,+007,2575,0771,0015,0782,2927,100572,7655,
00284076,0096,0023,3382,1009,27,0000,404,089,090,01,-,1,0,-037,+016,2571,0772,0011,0782,2928,100574,7652,
00284576,0092,0029,3385,1009,27,0000,404,089,090,01,-,1,0,-036,+013,2571,0771,0016,0782,2927,100574,7650,
00285076,0088,0000,3385,1009,27,0000,404,089,090,01,-,1,0,-045,+005,2571,0771,0012,0782,2927,100571,7649,
00285576,0086,0016,3382,1009,27,0000,404,089,090,01,-,1,0,-031,+012,2575,0771,0013,0782,2927,100574,7647,
00286076,0084,0016,3385,1009,27,0000,404,089,090,01,-,1,0,-049,+010,2580,0771,0023,0782,2928,100570,7650,
00286576,0092,0016,3385,1009,27,0000,404,089,090,01,-,1,0,-033,+012,2575,0768,0020,0782,2928,100570,7650,
00287076,0084,0023,3382,1009,27,0000,404,089,090,01,-,1,0,-035,+008,2580,0771,0014,0782,2927,100570,7652,
00287576,0084,0023,3385,1009,27,0000,404,089,090,01,-,1,0,-033,+009,2575,0771,0019,0782,2927,100571,7655,
00288076,0086,0016,3385,1009,27,0000,404,089,090,01,-,1,0,-029,+019,2585,0761,0022,0782,2926,100572,7659,
00288576,0077,0016,3382,1009,27,0000,404,089,090,01,-,1,0,-024,+007,2580,0771,0016,0782,2926,100570,7660,
00289076,0079,0000,3382,1009,27,0000,404,089,090,01,-,1,0,-012,+009,2580,0772,0017,0782,2925,100569,7663,
00289576,0079,0016,3382,1009,27,0000,404,089,090,01,-,1,0,-019,+010,2575,0772,0015,0782,2925,100569,7668,
00290076,0079,0000,3382,1009,27,0000,404,089,090,01,-,1,0,-032,+018,2575,0771,0014,0782,2926,100573,7671,
00290576,0096,0000,3382,1009,27,0000,404,089,090,01,-,1,0,-023,+011,2580,0771,0017,0782,2925,100568,7674,
00291076,0092,0000,3382,1009,27,0000,404,089,090,01,-,1,0,-045,+014,2575,0771,0016,0782,2922,100571,7676,
00291576,0084,0016,3382,1009,27,0000,404,089,090,01,-,1,0,-024,+008,2561,0771,0020,0782,2921,100573,7677,
00292076,0079,0016,3382,1009,27,0000,404,089,090,01,-,1,0,-033,+005,2571,0771,0020,0782,2921,100570,7675,
00292576,0084,0016,3382,1009,27,0000,404,089,090,01,-,1,0,-030,+008,2566,0771,0019,0782,2921,100569,7675,
00293076,0079,0016,3382,1009,27,0000,404,089,090,01,-,1,0,-039,+009,2571,0771,0017,0782,2921,100570,7675,
00293576,0086,0016,3382,1009,27,0000,404,089,090,01,-,1,0,-036,+015,2566,0765,0030,0782,2921,100568,7675,
00294076,0086,0000,3382,1009,27,0000,404,089,090,01,-,1,0,-038,+013,2575,0771,0018,0782,2922,100571,7673,
00294576,0098,0023,3382,1009,27,0000,404,089,090,01,-,1,0,-036,+019,2575,0771,0016,0782,2922,100572,7670,
00295076,0088,0023,3382,1009,27,0000,404,089,090,01,-,1,0,-025,+003,2575,0771,0011,0782,2922,100569,7669,
00295576,0090,0023,3382,1009,27,0000,404,089,090,01,-,1,0,-044,+017,2575,0771,0017,0780,2923,100571,7667,
00296076,0086,0016,3382,1009,27,0000,404,089,090,01,-,1,0,-027,+009,2580,0771,0016,0782,2923,100570,7665,
00296576,0088,0016,3382,1009,27,0000,404,089,090,01,-,1,0,-041,+010,2575,0771,0016,0782,2923,100571,7663,
00297076,0086,0000,3382,1009,27,0000,402,089,090,01,-,1,0,-034,+005,2571,0766,0016,0782,2923,100571,7661,
00297576,0088,0016,3382,1009,27,0000,404,089,090,01,-,1,0,-033,+014,2571,0771,0017,0782,2923,100569,7656,
00298076,0084,0016,3382,1009,27,0000,404,089,090,01,-,1,0,-041,+005,2571,0771,0021,0782,2922,100570,7657,
00298576,0086,0016,3382,1009,27,0000,404,089,090,01,-,1,0,-038,+007,2566,0771,0016,0782,2922,100570,7658,
00299076,0081,0023,3382,1009,27,0000,404,089,090,01,-,1,0,-037,+010,2575,0771,0018,0782,2922,100570,7657,
00299576,0084,0016,3382,1009,27,0000,404,089,090,01,-,1,0,-036,+010,2575,0771,0017,0782,2922,100571,7657,
00300076,0081,0000,3385,1009,27,0000,404,089,090,01,-,1,0,-031,+009,2566,0771,0019,0782,2921,100569,7658,
00300576,0079,0016,3382,1009,27,0000,404,089,090,01,-,1,0,-038,+011,2580,0771,0015,0782,2920,100570,7660,
00301076,0079,0016,3385,1009,27,0000,404,089,090,01,-,1,0,-029,+006,2571,0771,0016,0782,2922,100572,7662,
00301576,0079,0000,3385,1009,27,0000,404,089,090,01,-,1,0,-034,+010,2575,0771,0016,0782,2921,100570,7660,
00302076,0084,0016,3382,1009,27,0000,404,089,090,01,-,1,0,-040,+009,2566,0771,0020,0782,2919,100573,7660,
00302576,0084,0000,3382,1009,27,0000,404,089,090,01,-,1,0,-034,+012,2571,0771,0015,0782,2920,100574,7664,
00303076,0079,0000,3385,1009,27,0000,404,089,090,01,-,1,0,-032,+010,2566,0771,0018,0780,2920,100573,7666,
00303576,0084,0016,3385,1009,27,0000,404,089,090,01,-,1,0,-035,+005,2571,0771,0023,0782,2921,100574,7670,
00304076,0084,0016,3382,1009,27,0000,404,089,090,01,-,1,0,-037,+011,2566,0771,0019,0782,2921,100573,7671,
00304576,0079,0000,3382,1009,27,0000,404,089,090,01,-,1,0,-026,+013,2571,0767,0031,0782,2922,100573,7673,
00305076,0081,0016,3382,1009,27,0000,404,089,090,01,-,1,0,-040,+011,2575,0770,0025,0782,2923,100573,7676,
00305576,0079,0000,3382,1009,27,0000,402,089,090,01,-,1,0,-036,+011,2571,0770,0025,0782,2923,100575,7678,
00306076,0081,0016,3382,1009,27,0000,404,089,090,01,-,1,0,-041,+009,2575,0760,0029,0782,2924,100575,7679,
00306576,0084,0000,3382,1009,27,0000,404,089,090,01,-,1,0,-043,+005,2575,0771,0019,0782,2925,100574,7681,
00307076,0084,0000,3382,1009,27,0000,404,089,090,01,-,1,0,-032,+005,2575,0770,0020,0780,2924,100575,7678,
00307576,0088,0000,3382,1009,27,0000,404,089,090,01,-,1,0,-036,+006,2566,0770,0020,0782,2923,100571,7679,
00308076,0086,0000,3382,1009,27,0000,404,089,090,01,-,1,0,-036,+009,2575,0771,0015,0782,2923,100573,7678,
00308576,0084,0000,3382,1009,27,0000,404,089,090,01,-,1,0,-034,-005,2575,0771,0019,0782,2923,100573,7679,
00309076,0088,0000,3382,1009,27,0000,404,089,090,01,-,1,0,-039,+004,2580,0771,0016,0782,2924,100575,7679,
00309576,0084,0000,3382,1009,27,0000,404,089,090,01,-,1,0,-035,+005,2571,0767,0025,0782,2924,100571,7680,
00310076,0084,0000,3382,1009,27,0000,404,089,090,01,-,1,0,-037,+005,2575,0771,0019,0782,2925,100572,7683,
00310576,0084,0000,3382,1009,27,0000,404,089,090,01,-,1,0,-037,+008,2575,0771,0021,0780,2926,100574,7683,
00311076,0084,0000,3382,1009,27,0000,404,089,090,01,-,1,0,-039,+007,2585,0770,0022,0782,2925,100575,7679,
00311576,0079,0000,3382,1009,27,0000,404,089,090,01,-,1,0,-035,-001,2580,0771,0020,0782,2924,100572,7678,
00312076,0079,0016,3382,1009,27,0000,404,089,090,01,-,1,0,-035,-002,2561,0771,0018,0782,2923,100572,7678,
00312576,0079,0023,3382,1009,27,0000,404,089,090,01,-,1,0,-009,-013,2571,0770,0019,0780,2923,100572,7678,
00313076,0079,0023,3382,1009,27,0000,404,089,090,01,-,1,0,-035,+014,2566,0770,0023,0782,2924,100572,7679,
00313576,0079,0016,3382,1009,27,0000,404,089,090,01,-,1,0,-030,+008,2580,0767,0024,0782,2924,100575,7672,
00314076,0079,0023,3382,1009,27,0000,404,089,090,01,-,1,0,-038,+001,2566,0771,0022,0782,2925,100575,7666,
00314576,0079,0000,3382,1009,27,0000,404,089,090,01,-,1,0,-038,+011,2575,0768,0018,0780,2924,100573,7658,
00315076,0079,0000,3382,1009,27,0000,404,089,090,01,-,1,0,-037,+012,2575,0771,0017,0782,2924,100572,7654,
00315576,0079,0016,3382,1009,27,0000,404,089,090,01,-,1,0,-031,+016,2575,0770,0021,0782,2924,100572,7648,
00316076,0075,0023,3382,1009,27,0000,404,089,090,01,-,1,0,-038,+011,2575,0768,0025,0782,2925,100576,7645,
00316576,0075,0029,3382,1009,27,0000,404,089,090,01,-,1,0,-030,+022,2571,0764,0034,0780,2925,100572,7644,
00317076,0086,0000,3382,1009,27,0000,404,089,090,01,-,1,0,-060,+012,2561,0770,0028,0782,2924,100573,7642,
00317576,0077,0000,3378,1009,27,0000,404,089,090,01,-,1,0,-036,+015,2566,0770,0026,0782,2925,100571,7640,
00318076,0077,0000,3378,1009,27,0000,404,089,090,01,-,1,0,-064,+028,2566,0766,0026,0782,2925,100574,7638,
00318576,0079,0016,3378,1009,27,0000,404,089,090,01,-,1,0,-067,+012,2575,0770,0026,0782,2925,100574,7636,
00319076,0084,0016,3382,1009,27,0000,404,089,090,01,-,1,0,-039,+007,2585,0770,0031,0782,2924,100571,7634,
00319576,0081,0016,3378,1009,27,0000,404,089,090,01,-,1,0,-032,+015,2571,0768,0025,0782,2925,100574,7636,
00320076,0079,0029,3378,1009,27,0000,404,089,090,01,-,1,0,-043,+009,2566,0767,0026,0782,2925,100574,7634,
00320576,0079,0016,3378,1009,27,0000,402,089,090,01,-,1,0,-049,+006,2575,0768,0037,0782,2925,100573,7631,
00321076,0079,0016,3378,1009,27,0000,404,089,090,01,-,1,0,-035,+012,2575,0770,0024,0782,2926,100570,7629,
00321576,0077,0023,3378,1009,27,0000,404,089,090,01,-,1,0,-042,+013,2571,0764,0029,0782,2926,100572,7625,
00322076,0077,0023,3378,1009,27,0000,404,089,090,01,-,1,0,-037,+012,2575,0768,0034,0780,2925,100572,7623,
00322576,0075,0023,3378,1009,27,0000,404,089,090,01,-,1,0,-050,+013,2575,0770,0024,0782,2925,100573,7623,
00323076,0077,0016,3378,1009,27,0000,404,089,090,01,-,1,0,-038,+015,2585,0767,0030,0780,2925,100573,7624,
00323576,0075,0016,3378,1009,27,0000,404,089,090,01,-,1,0,-027,+025,2575,0767,0024,0782,2924,100572,7624,
00324076,0075,0016,3378,1009,27,0000,404,089,090,01,-,1,0,-035,+023,2575,0767,0027,0780,2924,100571,7624,
00324576,0075,0016,3382,1009,27,0000,404,089,090,01,-,1,0,-025,+000,2571,0770,0029,0782,2923,100572,7624,
00325076,0075,0000,3382,1009,27,0000,404,089,090,01,-,1,0,-042,-002,2566,0768,0018,0782,2922,100572,7626,
00325576,0075,0023,3378,1009,27,0000,404,089,090,01,-,1,0,-044,+006,2566,0765,0022,0782,2922,100572,7630,
00326076,0075,0000,3378,1009,27,0000,404,089,090,01,-,1,0,-037,+015,2571,0771,0026,0782,2923,100569,7632,
00326576,0075,0016,3378,1009,27,0000,404,089,090,01,-,1,0,-050,+001,2575,0770,0027,0782,2925,100572,7632,
00327076,0075,0016,3378,1009,27,0000,404,089,090,01,-,1,0,-041,+005,2566,0760,0030,0782,2923,100571,7633,
00327576,0075,0016,3378,1009,27,0000,402,089,090,01,-,1,0,-051,+011,2575,0770,0019,0782,2924,100574,7633,
00328076,0075,0016,3378,1009,27,0000,404,089,090,01,-,1,0,-042,-005,2566,0770,0023,0782,2924,100574,7634,
00328576,0075,0016,3378,1009,27,0000,404,089,090,01,-,1,0,-029,+016,2566,0770,0023,0782,2923,100572,7632,
00329076,0077,0016,3378,1009,27,0000,404,089,090,01,-,1,0,-047,+016,2557,0770,0024,0780,2922,100571,7634,
00329576,0077,0023,3378,1009,27,0000,404,089,090,01,-,1,0,-012,+023,2566,0768,0028,0780,2922,100573,7635,
00330076,0079,0023,3378,1009,27,0000,404,089,090,01,-,1,0,-032,+008,2575,0768,0029,0782,2922,100570,7633,
00330576,0079,0016,3382,1009,27,0000,404,089,090,01,-,1,0,-044,+013,2575,0771,0019,0782,2923,100573,7632,
00331076,0081,0016,3378,1009,27,0000,404,089,090,01,-,1,0,-031,+031,2575,0770,0025,0782,2924,100573,7631,
00331576,0079,0000,3378,1009,27,0000,404,089,090,01,-,1,0,-038,+017,2575,0770,0025,0780,2924,100573,7628,
00332076,0079,0016,3378,1009,27,0000,404,089,090,01,-,1,0,-039,+018,2571,0770,0017,0780,2924,100572,7627,
00332576,0079,0016,3378,1009,27,0000,404,089,090,01,-,1,0,-037,+017,2566,0764,0024,0782,2925,100576,7627,
00333076,0077,0023,3378,1009,27,0000,404,089,090,01,-,1,0,-036,+018,2561,0770,0020,0782,2924,100571,7628,
00333576,0077,0016,3378,1009,27,0000,404,089,090,01,-,1,0,-041,+010,2561,0770,0029,0782,2924,100573,7630,
00334076,0077,0016,3378,1009,27,0000,404,089,090,01,-,1,0,-019,+013,2571,0766,0031,0782,2923,100572,7632,
00334576,0075,0000,3378,1009,27,0000,404,089,090,01,-,1,0,-030,+012,2566,0766,0026,0782,2923,100575,7634,
00335076,0075,0016,3378,1009,27,0000,404,089,090,01,-,1,0,-028,+019,2566,0770,0020,0782,2925,100572,7634,
00335576,0075,0023,3378,1009,27,0000,404,089,090,01,-,1,0,-035,+015,2566,0767,0029,0782,2925,100573,7633,
00336076,0075,0016,3375,1009,27,0000,404,089,090,01,-,1,0,-032,+011,2561,0762,0025,0782,2924,100572,7633,
00336576,0075,0023,3378,1009,27,0000,404,089,090,01,-,1,0,-042,+008,2566,0770,0026,0780,2923,100572,7632,
00337076,0075,0000,3375,1009,27,0000,404,089,090,01,-,1,0,-032,+007,2561,0770,0017,0782,2923,100573,7634,
00337576,0075,0000,3378,1009,27,0000,404,089,090,01,-,1,0,-042,+004,2566,0768,0020,0782,2923,100576,7640,
00338076,0075,0023,3378,1009,27,0000,404,089,090,01,-,1,0,-039,+007,2561,0770,0023,0782,2922,100575,7643,
00338576,0075,0016,3378,1009,27,0000,404,089,090,01,-,1,0,-042,+009,2561,0770,0026,0782,2921,100573,7645,
00339076,0075,0016,3378,1009,27,0000,404,089,090,01,-,1,0,-034,+016,2561,0770,0027,0780,2922,100574,7649,
00339576,0075,0000,3378,1009,27,0000,404,089,090,01,-,1,0,-039,+008,2566,0765,0029,0780,2923,100571,7648,
00340076,0077,0000,3375,1009,27,0000,404,089,090,01,-,1,0,-043,+009,2561,0770,0029,0782,2923,100574,7647,
