time [ms],altitude [cm],airspeed [x0.01 m/s],angle_of_attack [x0.1 deg],airdata_pressure [hPa],airdata_temperature [degC],rotation [x0.1 rpm],rotation_voltage [0.01 V],elevator_angle,rudder_angle,trim,trim_sign,servo_received,screen_toggle,pitch [x0.1 deg],roll [x0.1 deg],gyro_temperature [x0.01 degC],servo_voltage [x0.01 V],servo_current [x0.01 A],main_voltage [x0.01 V],temperature [x0.01 degC],pressure [x0.01 hPa],humidity [x0.01 p.c.],
01561072,0069,0128,2925,1018,30,0000,371,101,090,11,+,1,0,-024,+050,3027,0787,0020,0753,3268,101324,6128,
01561572,0069,0130,2925,1018,30,0000,369,101,090,11,+,1,0,-026,+050,3018,0787,0025,0753,3265,101324,6127,
01562072,0069,0119,2925,1018,30,0000,371,101,090,11,+,1,0,-019,+050,3023,0786,0022,0753,3265,101324,6128,
01562572,0069,0114,2925,1018,30,0000,371,101,090,11,+,1,0,-026,+053,3018,0787,0020,0753,3267,101322,6128,
01563072,0069,0116,2925,1018,30,0000,369,101,090,11,+,1,0,-025,+047,3013,0787,0017,0753,3268,101323,6127,
01563572,0069,0115,2925,1018,30,0000,369,101,090,11,+,1,0,-025,+046,3004,0787,0017,0753,3267,101323,6127,
01564072,0069,0108,2925,1018,30,0000,371,101,090,11,+,1,0,-019,+039,3004,0787,0018,0752,3268,101323,6126,
01564572,0069,0121,2925,1018,30,0000,369,101,090,11,+,1,0,-021,+040,3008,0787,0017,0753,3268,101322,6125,
01565072,0069,0134,2925,1018,30,0000,371,101,090,11,+,1,0,-022,+025,3013,0787,0013,0753,3267,101323,6125,
01565572,0069,0138,2925,1018,30,0000,369,101,090,11,+,1,0,-019,+036,3013,0787,0019,0753,3269,101322,6125,
01566072,0069,0126,2921,1018,30,0000,369,101,090,11,+,1,0,-023,+043,3023,0787,0019,0753,3270,101321,6124,
01566572,0069,0132,2925,1018,30,0000,369,101,090,11,+,1,0,-034,+043,3018,0787,0020,0753,3269,101322,6124,
01567072,0069,0131,2925,1018,30,0000,369,101,090,11,+,1,0,-029,+059,3013,0783,0016,0753,3268,101322,6123,
01567572,0069,0126,2925,1018,30,0000,369,101,090,11,+,1,0,-022,+045,3013,0787,0021,0753,3269,101321,6124,
01568072,0069,0118,2925,1018,30,0000,369,101,090,11,+,1,0,-020,+049,3013,0787,0023,0753,3269,101323,6123,
01568572,0069,0129,2925,1018,30,0000,369,101,090,11,+,1,0,-023,+036,3013,0785,0018,0753,3268,101323,6125,
01569072,0069,0115,2925,1018,30,0000,369,101,090,11,+,1,0,-022,+057,3013,0787,0024,0753,3266,101321,6127,
01569572,0069,0121,2925,1018,31,0000,369,101,090,11,+,1,0,-026,+053,3008,0787,0018,0753,3265,101323,6128,
01570072,0069,0113,2925,1018,30,0000,369,101,090,11,+,1,0,-030,+092,3018,0785,0024,0753,3264,101321,6131,
01570572,0069,0118,2925,1018,30,0000,369,101,090,11,+,1,0,-026,+048,3023,0787,0020,0753,3265,101321,6132,
01571072,0069,0109,2925,1018,30,0000,369,101,090,11,+,1,0,-014,-057,3023,0787,0018,0753,3267,101320,6131,
01571572,0069,0102,2925,1018,30,0000,369,101,090,11,+,1,0,-036,+050,3018,0786,0022,0753,3268,101320,6133,
01572072,0069,0106,2925,1018,30,0000,369,101,090,11,+,1,0,-030,+058,3018,0787,0019,0753,3269,101322,6132,
01572572,0069,0108,2925,1018,30,0000,369,101,090,11,+,1,0,-026,+055,3013,0786,0028,0753,3269,101321,6131,
01573072,0069,0099,2925,1018,30,0000,371,101,090,11,+,1,0,-046,+043,3018,0786,0023,0753,3267,101321,6128,
01573572,0069,0115,2925,1018,31,0000,371,101,090,11,+,1,0,-014,+073,3013,0787,0024,0752,3268,101319,6127,
01574072,0069,0119,2925,1018,30,0000,369,101,090,11,+,1,0,-040,+025,3008,0787,0020,0753,3267,101321,6128,
01574572,0069,0113,2925,1018,30,0000,369,101,090,11,+,1,0,-047,+039,3013,0786,0022,0753,3267,101318,6129,
01575072,0069,0101,2925,1018,30,0000,371,101,088,11,+,1,0,-024,+052,3018,0785,0020,0753,3268,101321,6128,
01575572,0069,0112,2925,1018,30,0000,371,101,090,11,+,1,0,-026,+056,3018,0787,0019,0753,3268,101320,6128,
01576072,0069,0104,2925,1018,31,0000,371,101,090,11,+,1,0,-021,+055,3008,0787,0020,0753,3268,101321,6127,
01576572,0069,0094,2925,1018,30,0000,369,101,090,11,+,1,0,-023,+059,3018,0781,0019,0753,3269,101320,6126,
01577072,0069,0095,2925,1018,31,0000,371,101,090,11,+,1,0,-027,+057,3018,0787,0025,0753,3270,101324,6126,
01577572,0069,0124,2925,1018,31,0000,369,101,090,11,+,1,0,-023,+056,3027,0787,0021,0753,3271,101321,6124,
01578072,0069,0110,2925,1018,31,0000,369,101,090,11,+,1,0,-019,+061,3023,0783,0019,0753,3271,101322,6121,
01578572,0069,0094,2925,1018,30,0000,369,101,090,11,+,1,0,-024,+066,3018,0787,0020,0753,3270,101321,6121,
01579072,0069,0071,2925,1018,30,0000,371,101,090,11,+,1,0,-024,+061,3013,0787,0019,0752,3270,101321,6121,
01579572,0069,0108,2925,1018,31,0000,371,101,090,11,+,1,0,-023,+057,3008,0787,0019,0753,3269,101323,6119,
01580072,0069,0098,2925,1018,30,0000,369,101,090,11,+,1,0,-030,+058,3018,0787,0021,0753,3268,101322,6121,
01580572,0069,0102,2925,1018,31,0000,369,101,090,11,+,1,0,-024,+052,3023,0787,0021,0753,3269,101324,6121,
01581072,0069,0098,2925,1018,30,0000,369,101,090,11,+,1,0,-026,+056,3008,0787,0020,0752,3270,101324,6120,
01581572,0069,0094,2925,1018,31,0000,369,101,090,11,+,1,0,-030,+056,3023,0787,0019,0753,3271,101322,6119,
01582072,0069,0114,2925,1018,31,0000,369,101,090,11,+,1,0,-022,+058,3013,0786,0024,0753,3272,101320,6119,
01582572,0069,0110,2925,1018,30,0000,371,101,090,11,+,1,0,-021,+056,3018,0787,0021,0753,3272,101320,6118,
01583072,0069,0104,2925,1018,31,0000,369,102,093,11,+,1,0,-021,+051,3032,0787,0012,0753,3272,101320,6118,
01583572,0069,0109,2925,1018,31,0000,369,102,097,11,+,1,0,-021,+049,3023,0787,0015,0752,3273,101322,6117,
01584072,0069,0106,2925,1018,31,0000,369,101,090,11,+,1,0,-024,+053,3018,0786,0036,0753,3274,101321,6116,
01584572,0069,0137,2925,1018,31,0000,369,101,092,11,+,1,0,-025,+052,3027,0787,0020,0753,3274,101320,6115,
01585072,0069,0132,2925,1018,31,0000,369,101,090,11,+,1,0,-022,+055,3018,0785,0019,0753,3273,101324,6115,
01585572,0069,0109,2925,1018,31,0000,369,101,090,11,+,1,0,-031,+057,3013,0787,0020,0753,3273,101322,6115,
01586072,0069,0127,2925,1018,31,0000,369,101,089,11,+,1,0,-020,+057,3013,0786,0019,0753,3272,101320,6115,
01586572,0069,0134,2925,1018,31,0000,371,101,090,11,+,1,0,-019,+054,3004,0786,0016,0753,3269,101322,6117,
01587072,0069,0137,2925,1018,31,0000,369,101,090,11,+,1,0,-018,+041,3018,0787,0019,0753,3268,101322,6120,
01587572,0069,0134,2925,1018,31,0000,371,102,090,11,+,1,0,-023,+061,3013,0787,0010,0753,3269,101324,6120,
01588072,0069,0121,2925,1018,31,0000,369,101,090,11,+,1,0,-028,+054,3027,0786,0023,0753,3271,101322,6120,
01588572,0069,0108,2925,1018,31,0000,369,101,090,11,+,1,0,-029,+047,3018,0787,0019,0752,3272,101322,6119,
01589072,0069,0114,2925,1018,31,0000,369,101,090,11,+,1,0,-027,+054,3018,0787,0022,0752,3271,101324,6118,
01589572,0071,0110,2925,1018,31,0000,369,101,089,11,+,1,0,-024,+060,3023,0786,0024,0753,3271,101320,6119,
01590072,0069,0122,2925,1018,31,0000,369,101,088,11,+,1,0,-032,+051,3013,0785,0024,0753,3271,101322,6119,
01590572,0069,0109,2925,1018,31,0000,369,101,088,11,+,1,0,-021,+052,3023,0786,0024,0752,3273,101321,6121,
01591072,0069,0115,2925,1018,31,0000,371,101,088,11,+,1,0,-021,+053,3018,0787,0019,0753,3274,101320,6118,
01591572,0069,0099,2925,1018,31,0000,369,101,088,11,+,1,0,-022,+057,3018,0780,0025,0753,3275,101321,6117,
01592072,0069,0063,2925,1018,31,0000,369,101,088,11,+,1,0,-016,+045,3027,0787,0023,0753,3275,101321,6118,
01592572,0069,0101,2925,1018,31,0000,369,101,088,11,+,1,0,-023,+058,3013,0786,0016,0753,3276,101321,6117,
01593072,0069,0098,2925,1018,31,0000,369,101,090,11,+,1,0,-025,+050,3018,0778,0019,0753,3276,101320,6116,
01593572,0069,0098,2925,1018,31,0000,369,101,090,11,+,1,0,-030,+059,3027,0787,0012,0753,3276,101320,6115,
01594072,0069,0109,2925,1018,31,0000,369,101,090,11,+,1,0,-032,+051,3023,0787,0016,0753,3278,101319,6113,
01594572,0069,0126,2925,1018,31,0000,371,101,090,11,+,1,0,-028,+055,3023,0783,0019,0752,3279,101322,6111,
01595072,0069,0117,2925,1018,31,0000,371,100,092,11,+,1,0,-027,+053,3018,0786,0050,0753,3279,101321,6107,
01595572,0069,0075,2925,1018,31,0000,369,101,090,11,+,1,0,-027,+058,3023,0787,0011,0753,3278,101320,6105,
01596072,0069,0084,2925,1018,31,0000,369,101,089,11,+,1,0,-027,+057,3018,0785,0020,0752,3279,101322,6104,
01596572,0069,0073,2925,1018,31,0000,369,102,086,11,+,1,0,-020,+053,3027,0787,0015,0753,3279,101324,6103,
01597072,0069,0112,2925,1018,31,0000,369,101,090,11,+,1,0,-021,+058,3023,0787,0022,0753,3280,101321,6100,
01597572,0069,0147,2925,1018,30,0000,369,101,090,11,+,1,0,-024,+054,3018,0784,0024,0753,3281,101325,6098,
01598072,0069,0178,2925,1018,31,0000,369,101,090,11,+,1,0,-032,+056,3018,0786,0028,0752,3281,101324,6096,
01598572,0069,0161,2925,1018,31,0000,371,101,090,11,+,1,0,-031,+056,3023,0786,0026,0753,3281,101325,6094,
01599072,0069,0140,2925,1018,31,0000,369,101,090,11,+,1,0,-028,+051,3023,0787,0017,0753,3280,101323,6091,
01599572,0069,0132,2925,1018,31,0000,369,101,090,11,+,1,0,-014,+056,3018,0787,0019,0753,3279,101322,6090,
01600072,0069,0127,2925,1018,30,0000,369,101,090,11,+,1,0,-027,+056,3027,0787,0015,0753,3279,101320,6092,
01600572,0069,0131,2925,1018,31,0000,371,101,090,11,+,1,0,-016,+052,3018,0787,0020,0753,3280,101322,6092,
01601072,0069,0132,2925,1018,31,0000,369,101,090,11,+,1,0,-024,+056,3023,0787,0017,0753,3282,101321,6091,
01601572,0069,0124,2925,1018,31,0000,369,101,090,11,+,1,0,-024,+057,3023,0787,0021,0753,3282,101321,6089,
01602072,0069,0131,2925,1018,31,0000,369,101,090,11,+,1,0,-020,+054,3013,0787,0021,0753,3280,101323,6089,
01602572,0069,0110,2925,1018,31,0000,371,101,090,11,+,1,0,-015,+052,3013,0787,0021,0753,3280,101323,6091,
01603072,0067,0112,2925,1018,31,0000,369,101,090,11,+,1,0,-029,+049,3008,0786,0020,0753,3279,101323,6093,
01603572,0069,0121,2925,1018,31,0000,369,101,090,11,+,1,0,-030,+040,3018,0786,0020,0753,3278,101322,6094,
01604072,0067,0132,2925,1018,31,0000,371,101,090,11,+,1,0,-026,+054,3023,0786,0015,0753,3280,101321,6095,
01604572,0069,0110,2925,1018,31,0000,369,101,090,11,+,1,0,-027,+052,3013,0785,0021,0753,3281,101323,6094,
01605072,0067,0140,2925,1018,31,0000,369,101,090,11,+,1,0,-017,+047,3023,0787,0023,0753,3281,101324,6095,
01605572,0069,0125,2925,1018,31,0000,369,101,090,11,+,1,0,-019,+045,3008,0786,0024,0752,3283,101326,6093,
01606072,0069,0130,2925,1018,31,0000,369,101,090,11,+,1,0,-020,+048,3023,0787,0016,0753,3283,101325,6084,
01606572,0069,0122,2921,1018,31,0000,369,101,090,11,+,1,0,-029,+056,3023,0787,0026,0753,3282,101324,6086,
01607072,0069,0129,2925,1018,31,0000,369,101,090,11,+,1,0,-018,+047,3032,0786,0022,0753,3282,101324,6083,
01607572,0069,0118,2925,1018,31,0000,369,101,090,11,+,1,0,-029,+050,3023,0786,0020,0752,3280,101322,6083,
01608072,0069,0106,2925,1018,31,0000,369,101,090,11,+,1,0,-024,+050,3023,0777,0020,0753,3278,101324,6086,
01608572,0069,0155,2925,1018,31,0000,369,101,090,11,+,1,0,-029,+048,3023,0787,0020,0753,3278,101324,6090,
01609072,0069,0164,2925,1018,31,0000,369,101,090,11,+,1,0,-019,+054,3018,0787,0022,0753,3279,101325,6091,
01609572,0069,0174,2925,1018,31,0000,369,101,090,11,+,1,0,-023,+056,3013,0781,0023,0752,3280,101327,6091,
01610072,0071,0191,2925,1018,31,0000,369,101,090,11,+,1,0,-021,+058,3018,0787,0023,0753,3281,101324,6091,
01610572,0071,0191,2925,1018,31,0000,369,101,090,11,+,1,0,-030,+056,3027,0786,0021,0753,3280,101326,6089,
01611072,0069,0169,2925,1018,31,0000,371,101,090,11,+,1,0,-025,+066,3027,0780,0025,0753,3279,101326,6089,
01611572,0069,0182,2925,1018,31,0000,371,101,090,11,+,1,0,-029,+067,3027,0786,0023,0752,3278,101326,6087,
01612072,0069,0173,2925,1018,31,0000,369,101,090,11,+,1,0,-022,+065,3027,0786,0024,0753,3277,101324,6087,
01612572,0069,0170,2925,1018,31,0000,369,101,090,11,+,1,0,-025,+061,3018,0787,0015,0753,3275,101323,6088,
01613072,0069,0175,2925,1018,31,0000,369,101,090,11,+,1,0,-027,+063,3018,0787,0016,0752,3274,101323,6089,
01613572,0069,0186,2925,1018,31,0000,369,101,090,11,+,1,0,-026,+070,3013,0786,0022,0753,3273,101325,6091,
01614072,0069,0175,2925,1018,31,0000,369,101,090,11,+,1,0,-029,+071,3018,0785,0017,0753,3273,101322,6095,
01614572,0069,0176,2925,1018,31,0000,369,101,090,11,+,1,0,-021,+063,3027,0787,0021,0753,3273,101324,6097,
01615072,0067,0185,2925,1018,31,0000,369,101,090,11,+,1,0,-029,+058,3023,0787,0020,0752,3272,101323,6102,
01615572,0069,0177,2925,1018,31,0000,371,101,090,11,+,1,0,-016,+052,3004,0785,0023,0753,3272,101326,6102,
01616072,0069,0177,2925,1018,31,0000,369,101,089,11,+,1,0,-029,+041,3013,0787,0020,0753,3272,101324,6103,
01616572,0069,0185,2925,1018,31,0000,369,101,089,11,+,1,0,-027,+029,3013,0786,0020,0753,3270,101324,6102,
01617072,0069,0176,2925,1018,31,0000,369,101,089,11,+,1,0,-021,+034,3018,0786,0027,0752,3267,101322,6100,
01617572,0069,0171,2925,1018,31,0000,369,101,088,11,+,1,0,-027,+032,3018,0778,0020,0753,3267,101320,6102,
01618072,0069,0173,2925,1018,31,0000,369,101,090,11,+,1,0,-025,+024,3013,0787,0022,0753,3268,101321,6102,
01618572,0069,0196,2925,1018,31,0000,369,101,090,11,+,1,0,-028,+014,3027,0786,0021,0753,3269,101325,6103,
01619072,0069,0180,2925,1018,31,0000,369,101,090,11,+,1,0,-022,+004,3018,0779,0018,0753,3269,101322,6103,
01619572,0069,0208,2925,1018,31,0000,369,101,090,11,+,1,0,-017,-006,3023,0787,0021,0753,3268,101324,6102,
01620072,0069,0192,2925,1018,31,0000,369,101,090,11,+,1,0,-026,+004,3018,0787,0016,0753,3267,101323,6102,
01620572,0100,0185,2925,1018,31,0000,369,101,090,11,+,1,0,-024,+006,3018,0786,0020,0753,3267,101323,6101,
01621072,0069,0172,2925,1018,31,0000,369,101,090,11,+,1,0,-023,+005,3027,0787,0023,0753,3267,101323,6102,
01621572,0069,0164,2925,1018,31,0000,371,101,090,11,+,1,0,-025,+009,3018,0787,0020,0753,3267,101323,6102,
01622072,0069,0173,2925,1018,31,0000,369,101,090,11,+,1,0,-024,+005,3013,0787,0016,0753,3266,101322,6102,
01622572,0069,0179,2925,1018,31,0000,369,101,090,11,+,1,0,-036,+002,3023,0787,0018,0753,3267,101324,6101,
01623072,0069,0173,2925,1018,31,0000,371,101,090,11,+,1,0,-019,+006,3018,0787,0021,0753,3267,101322,6102,
01623572,0069,0191,2925,1018,31,0000,369,101,090,11,+,1,0,-022,+010,3018,0787,0022,0753,3268,101321,6100,
01624072,0069,0196,2925,1018,31,0000,369,101,090,11,+,1,0,-026,-005,3018,0787,0023,0753,3268,101324,6100,
01624572,0073,0194,2925,1018,31,0000,369,101,090,11,+,1,0,-023,-010,3013,0787,0022,0752,3270,101325,6099,
01625072,0073,0179,2925,1018,31,0000,371,101,090,11,+,1,0,-026,-006,3013,0786,0022,0753,3271,101323,6095,
01625572,0071,0182,2925,1018,31,0000,371,101,090,11,+,1,0,-003,+053,3018,0786,0020,0753,3270,101326,6092,
01626072,0073,0181,2925,1018,31,0000,369,101,090,11,+,1,0,-031,-010,3008,0786,0019,0753,3270,101322,6090,
01626572,0073,0181,2925,1018,31,0000,369,101,090,11,+,1,0,-036,-002,3018,0786,0020,0752,3268,101324,6090,
01627072,0069,0176,2925,1018,31,0000,369,101,090,11,+,1,0,-025,+001,3013,0786,0026,0753,3267,101321,6087,
01627572,0073,0173,2925,1018,31,0000,369,101,090,11,+,1,0,-028,-010,3013,0785,0023,0753,3266,101320,6088,
01628072,0073,0161,2925,1018,31,0000,369,101,090,11,+,1,0,-191,+168,3013,0786,0019,0753,3264,101323,6089,
01628572,0073,0157,2925,1018,31,0000,369,101,090,11,+,1,0,+061,+080,3008,0787,0014,0753,3263,101324,6091,
01629072,0073,0164,2925,1018,31,0000,367,101,090,11,+,1,0,-010,-009,3004,0787,0015,0753,3263,101323,6091,
01629572,0073,0120,2925,1018,31,0000,369,101,090,11,+,1,0,+016,-027,3013,0786,0027,0753,3263,101323,6092,
01630072,0069,0121,2925,1018,31,0000,369,101,090,11,+,1,0,+000,+000,3013,0787,0021,0752,3264,101322,6094,
01630572,0069,0136,2925,1018,31,0001,369,101,090,11,+,1,0,+014,+030,3013,0786,0020,0753,3265,101324,6094,
01631072,0069,0131,2925,1018,31,0001,369,101,090,11,+,1,0,-006,+004,3023,0786,0023,0753,3266,101325,6093,
01631572,0073,0121,2925,1018,31,0001,369,101,090,11,+,1,0,-034,+002,3004,0787,0021,0753,3265,101322,6094,
01632072,0073,0127,2925,1018,30,0001,369,101,089,11,+,1,0,+019,+001,3013,0786,0023,0752,3266,101322,6094,
01632572,0073,0136,2925,1018,31,0000,369,101,090,11,+,1,0,-008,-110,3008,0784,0021,0753,3267,101323,6093,
01633072,0073,0128,2925,1018,31,0000,369,101,089,11,+,1,0,-040,+042,3004,0787,0019,0753,3267,101324,6090,
01633572,0073,0144,2925,1018,31,0000,369,101,090,11,+,1,0,-034,+020,3004,0786,0023,0753,3266,101324,6089,
01634072,0073,0136,2925,1018,31,0000,371,101,090,11,+,1,0,-042,-016,2999,0778,0015,0752,3267,101323,6087,
01634572,0073,0134,2925,1018,31,0000,371,101,089,11,+,1,0,+000,-026,2999,0787,0016,0752,3267,101322,6087,
01635072,0073,0144,2925,1018,31,0000,371,101,089,11,+,1,0,-017,+007,3004,0786,0020,0753,3266,101324,6087,
01635572,0073,0136,2925,1018,31,0000,369,101,088,11,+,1,0,-029,-038,3008,0786,0014,0753,3266,101324,6087,
01636072,0073,0154,2925,1018,31,0000,369,101,088,11,+,1,0,-032,-005,3004,0786,0023,0752,3265,101321,6088,
01636572,0073,0170,2925,1018,31,0000,369,101,088,11,+,1,0,+1125,+243,3004,0787,0014,0753,3264,101320,6089,
01637072,0071,0169,2928,1018,31,0000,371,101,088,11,+,1,0,+058,-007,3008,0783,0018,0753,3266,101321,6088,
01637572,0073,0139,2928,1018,31,0000,369,101,088,11,+,1,0,-034,+006,3004,0787,0019,0752,3265,101323,6089,
01638072,0073,0112,2928,1018,31,0000,369,101,090,11,+,1,0,-029,-024,3013,0786,0031,0753,3263,101321,6094,
01638572,0069,0148,2928,1018,31,0000,369,101,090,11,+,1,0,-021,-011,3013,0783,0019,0753,3263,101322,6097,
01639072,0067,0181,2928,1018,31,0000,369,101,090,11,+,1,0,-030,-007,3008,0787,0011,0753,3263,101323,6098,
01639572,0069,0177,2928,1018,31,0000,369,101,090,11,+,1,0,-033,-001,3013,0787,0024,0753,3264,101322,6098,
01640072,0069,0204,2928,1018,31,0000,369,101,090,11,+,1,0,-018,-019,3004,0787,0022,0753,3264,101324,6099,
01640572,0069,0196,2928,1018,31,0000,369,101,090,11,+,1,0,-028,+022,3018,0787,0021,0753,3264,101320,6099,
01641072,0069,0189,2928,1018,31,0000,371,101,090,11,+,1,0,-022,+005,3008,0786,0022,0753,3262,101321,6100,
01641572,0069,0174,2928,1018,31,0000,369,101,090,11,+,1,0,-022,+028,2999,0786,0021,0752,3258,101323,6102,
01642072,0069,0147,2928,1018,31,0000,369,101,090,11,+,1,0,-029,+010,3008,0787,0020,0753,3257,101324,6104,
01642572,0069,0154,2928,1018,31,0000,369,101,089,11,+,1,0,-029,+022,3004,0787,0014,0753,3256,101319,6107,
01643072,0069,0148,2928,1018,31,0000,369,101,089,11,+,1,0,-045,+016,2999,0787,0007,0753,3258,101323,6107,
01643572,0069,0176,2928,1018,31,0000,369,101,089,11,+,1,0,-023,+023,3004,0787,0013,0752,3259,101321,6105,
01644072,0069,0154,2928,1018,31,0000,369,101,090,11,+,1,0,-036,+014,3004,0786,0019,0753,3260,101323,6104,
01644572,0069,0142,2928,1018,31,0000,371,101,090,11,+,1,0,-034,+027,2999,0786,0020,0753,3259,101321,6106,
01645072,0069,0220,2928,1018,31,0000,369,101,090,11,+,1,0,+032,-066,3013,0786,0016,0752,3259,101319,6105,
01645572,0069,0204,2932,1018,31,0040,371,101,090,11,+,1,0,-048,-147,3004,0787,0025,0753,3261,101323,6104,
01646072,0069,0207,2932,1018,31,0040,371,101,090,11,+,1,0,+113,+317,3013,0787,0015,0753,3262,101321,6104,
01646572,0069,0199,2935,1018,31,0605,369,101,090,11,+,1,0,+143,-049,3013,0780,0026,0752,3261,101322,6103,
01647072,0069,0216,2935,1018,31,0704,369,101,090,11,+,1,0,-020,-363,3008,0787,0012,0752,3260,101325,6106,
01647572,0069,0183,2939,1018,31,0704,369,101,090,11,+,1,0,-084,-103,3004,0786,0027,0753,3259,101326,6106,
01648072,0069,0161,2939,1018,31,0749,369,101,090,11,+,1,0,-030,+505,3004,0780,0034,0753,3258,101322,6108,
01648572,0069,0167,2939,1018,31,0749,369,101,090,11,+,1,0,+149,+134,3013,0787,0012,0753,3257,101324,6109,
01649072,0069,0181,2942,1018,31,0761,369,101,089,11,+,1,0,-012,+336,3013,0783,0018,0752,3257,101323,6112,
01649572,0069,0183,2942,1018,31,0777,369,101,090,11,+,1,0,-094,-345,3008,0785,0023,0753,3258,101321,6112,
01650072,0073,0203,2942,1018,31,0777,367,101,090,11,+,1,0,+029,-136,3004,0784,0035,0753,3258,101322,6113,
01650572,0073,0194,2946,1018,31,0781,369,101,090,11,+,1,0,-089,+573,3004,0768,0043,0753,3257,101324,6116,
01651072,0069,0258,2949,1018,31,0795,369,101,090,11,+,1,0,+072,-407,3004,0785,0043,0752,3254,101326,6119,
01651572,0069,0285,2977,1018,31,0795,369,101,090,11,+,1,0,+027,-185,3004,0785,0041,0753,3253,101321,6125,
01652072,0069,0332,3012,1018,31,0864,369,101,090,11,+,1,0,+238,+036,3008,0779,0044,0753,3253,101324,6127,
01652572,0071,0362,3079,1018,31,0898,369,101,090,11,+,1,0,-206,-1408,3008,0786,0014,0752,3248,101324,6130,
01653072,0069,0384,3192,1018,31,0933,369,101,090,11,+,1,0,+530,+528,2999,0786,0022,0752,3245,101323,6133,
01653572,0069,0383,0010,1018,31,0941,369,101,090,11,+,1,0,+413,+305,3004,0786,0020,0753,3242,101325,6136,
01654072,0069,0428,0007,1018,31,0941,369,101,090,11,+,1,0,-1040,-299,2994,0784,0080,0753,3241,101322,6140,
01654572,0069,0463,3578,1018,31,0882,369,101,090,11,+,1,0,+446,-201,3013,0786,0025,0753,3242,101323,6142,
01655072,0069,0471,0014,1018,31,0882,369,101,090,11,+,1,0,+551,+740,2999,0768,0059,0752,3240,101325,6145,
01655572,0073,0468,0017,1018,31,0882,369,101,090,11,+,1,0,+1331,+600,2999,0785,0019,0753,3239,101324,6148,
01656072,0069,0494,3596,1018,31,0882,369,101,090,11,+,1,0,-1212,-1541,2990,0786,0020,0753,3236,101326,6151,
01656572,0069,0525,3592,1018,31,0000,369,101,090,11,+,1,0,-061,-421,2994,0787,0005,0753,3234,101321,6156,
01657072,0073,0553,0021,1018,31,0000,371,101,090,11,+,1,0,-531,-255,2990,0786,0033,0753,3232,101324,6159,
01657572,0067,0567,0035,1018,31,0000,371,101,089,11,+,1,0,-337,+1488,2990,0785,0032,0753,3229,101324,6165,
01658072,0073,0574,0042,1018,31,0000,371,101,032,11,+,1,0,-309,-020,3004,0733,0043,0753,3228,101324,6172,
01658572,0073,0538,0035,1018,31,0000,369,101,028,11,+,1,0,-251,+473,2990,0783,0019,0752,3223,101323,6179,
01659072,0073,0549,0042,1018,31,0000,369,103,031,11,+,1,0,-622,+466,2985,0786,0017,0753,3222,101326,6185,
01659572,0073,0558,0038,1018,31,0000,369,103,032,11,+,1,0,+316,+522,2990,0784,0038,0753,3220,101321,6191,
01660072,0073,0561,0049,1018,31,0000,369,103,035,11,+,1,0,-252,+393,2994,0785,0044,0753,3218,101323,6197,
01660572,0073,0594,0070,1018,31,0098,369,101,090,11,+,1,0,+337,+654,2994,0787,0005,0752,3217,101323,6202,
01661072,0069,0591,0066,1019,31,0854,369,101,090,11,+,1,0,-101,-587,2985,0785,0044,0753,3216,101322,6206,
01661572,0073,0585,0035,1018,31,0854,369,101,090,11,+,1,0,-650,-1062,2975,0781,0017,0753,3215,101322,6211,
01662072,0071,0591,0038,1018,31,0843,369,101,090,11,+,1,0,+389,-861,2990,0785,0050,0752,3214,101326,6215,
01662572,0075,0602,0073,1018,31,0877,369,101,093,11,+,1,0,+769,-849,2971,0787,0009,0752,3210,101324,6222,
01663072,0069,0560,0084,1018,31,0877,369,083,121,11,+,1,0,+596,-1799,2985,0780,0122,0753,3210,101326,6228,
01663572,0073,0602,0059,1018,31,0848,369,101,092,11,+,1,0,+709,+1800,2985,0781,0095,0753,3209,101328,6235,
01664072,0073,0577,0087,1018,31,0849,369,084,116,11,+,1,0,+434,-041,2985,0780,0128,0753,3206,101326,6241,
01664572,0073,0583,0080,1018,31,0855,369,081,123,11,+,1,0,-409,+756,2985,0783,0106,0753,3203,101327,6249,
01665072,0071,0626,0049,1018,31,0855,369,081,124,11,+,1,0,+151,-379,2980,0786,0023,0752,3202,101325,6256,
01665572,0073,0592,0063,1018,31,0855,369,083,124,11,+,1,0,+289,-466,2975,0786,0015,0753,3199,101327,6261,
01666072,0069,0641,0070,1018,31,0855,369,101,090,11,+,1,0,+754,+841,2971,0783,0067,0752,3196,101323,6266,
01666572,0069,0568,0049,1018,31,0855,369,101,090,11,+,1,0,+316,-692,2966,0778,0107,0753,3194,101324,6274,
01667072,0071,0603,0087,1018,31,0000,371,101,090,11,+,1,0,-159,-553,2966,0784,0055,0753,3194,101324,6278,
01667572,0069,0583,0101,1018,31,0000,369,101,090,11,+,1,0,+321,-157,2975,0786,0005,0753,3193,101329,6286,
01668072,0069,0569,0108,1018,31,0000,369,101,090,11,+,1,0,-534,+1100,2961,0784,0042,0752,3193,101325,6291,
01668572,0073,0594,0094,1018,31,0000,369,101,090,11,+,1,0,-775,+203,2961,0783,0015,0753,3192,101325,6294,
01669072,0073,0585,0087,1018,31,0000,369,103,049,11,+,1,0,+1800,-1327,2966,0783,0072,0753,3190,101326,6297,
01669572,0073,0597,0073,1018,31,0000,369,103,049,11,+,1,0,+494,-177,2966,0781,0051,0753,3189,101328,6302,
01670072,0069,0584,0021,1018,31,0000,369,103,039,11,+,1,0,+269,-1558,2961,0785,0054,0753,3188,101326,6307,
01670572,0069,0563,0010,1019,30,0000,369,104,044,11,+,1,0,-1799,+487,2961,0786,0021,0753,3184,101326,6312,
01671072,0069,0572,0073,1018,30,0000,369,104,045,11,+,1,0,-293,-1042,2961,0787,0006,0753,3180,101323,6321,
01671572,0071,0524,0105,1018,30,0000,369,104,042,11,+,1,0,-755,+212,2957,0775,0162,0753,3178,101325,6329,
01672072,0073,0555,0049,1018,30,0000,369,105,043,11,+,1,0,+182,+341,2961,0786,0018,0753,3178,101322,6336,
01672572,0073,0582,0014,1018,30,0000,369,105,042,11,+,1,0,+335,+473,2952,0786,0029,0753,3178,101322,6341,
01673072,0077,0589,0007,1018,30,0000,369,106,033,11,+,1,0,-651,-177,2961,0785,0025,0753,3176,101321,6347,
01673572,0077,0584,0035,1018,30,0000,369,106,024,11,+,1,0,-181,+1800,2947,0785,0044,0753,3174,101325,6348,
01674072,0073,0592,3592,1018,30,0000,369,106,025,11,+,1,0,-175,-363,2952,0787,0014,0753,3170,101326,6351,
01674572,0073,0596,0014,1018,30,0000,369,108,027,11,+,1,0,-127,-1166,2952,0784,0023,0753,3169,101327,6353,
01675072,0073,0581,0014,1018,30,0000,369,109,033,11,+,1,0,+200,-814,2947,0786,0030,0753,3166,101327,6357,
01675572,0073,0607,0024,1018,30,0057,371,110,074,11,+,1,0,+369,-440,2938,0786,0008,0753,3163,101325,6364,
01676072,0073,0604,0052,1018,30,0918,369,101,089,11,+,1,0,+167,+203,2947,0786,0009,0753,3160,101325,6370,
01676572,0073,0612,0028,1018,30,0941,369,101,090,11,+,1,0,+937,-686,2943,0774,0025,0753,3158,101326,6378,
01677072,0073,0574,0063,1018,30,0938,369,101,091,11,+,1,0,-545,+811,2938,0785,0016,0753,3158,101324,6385,
01677572,0069,0548,0045,1018,30,0938,369,101,090,11,+,1,0,-733,+308,2947,0780,0056,0752,3158,101328,6389,
01678072,0073,0545,0035,1019,30,0779,371,101,089,11,+,1,0,-503,+638,2943,0758,0146,0752,3157,101324,6394,
01678572,0069,0563,0042,1018,30,0779,369,101,090,11,+,1,0,+1305,+090,2938,0786,0012,0753,3153,101328,6401,
01679072,0071,0487,0059,1018,30,0557,369,101,090,11,+,1,0,-1285,+581,2933,0786,0019,0753,3151,101327,6408,
01679572,0071,0474,0080,1018,30,0557,369,101,089,11,+,1,0,-051,+971,2938,0787,0007,0752,3150,101328,6414,
01680072,0069,0453,0059,1018,30,0557,369,101,089,11,+,1,0,-1075,+972,2938,0783,0067,0752,3150,101326,6419,
01680572,0069,0437,0059,1018,30,0471,369,101,089,11,+,1,0,-249,+373,2943,0785,0038,0753,3149,101325,6425,
01681072,0069,0414,0038,1018,30,0471,369,101,089,11,+,1,0,+1103,-524,2933,0785,0041,0753,3148,101326,6433,
01681572,0071,0357,0035,1018,30,0409,369,101,088,11,+,1,0,+927,+299,2933,0783,0031,0752,3147,101325,6437,
01682072,0069,0338,0014,1018,30,0409,369,101,088,11,+,1,0,-1417,+1102,2933,0787,0005,0753,3147,101325,6442,
01682572,0071,0322,0017,1018,30,0409,369,101,089,11,+,1,0,+1607,-1799,2924,0785,0034,0753,3146,101323,6445,
01683072,0069,0290,3564,1018,30,0409,369,101,089,11,+,1,0,-436,+346,2933,0786,0012,0752,3146,101325,6450,
01683572,0069,0254,3561,1018,30,0409,369,101,089,11,+,1,0,+577,-183,2938,0787,0008,0752,3147,101324,6451,
01684072,0073,0225,3508,1018,30,0000,369,101,089,11,+,1,0,-297,-836,2928,0787,0011,0753,3150,101325,6452,
01684572,0069,0220,3543,1018,30,0000,369,101,089,11,+,1,0,-358,+268,2928,0787,0005,0753,3148,101325,6453,
01685072,0069,0206,3543,1018,30,0000,369,101,089,11,+,1,0,+622,-795,2919,0786,0035,0752,3149,101324,6455,
01685572,0073,0193,3494,1018,30,0000,369,101,089,11,+,1,0,-088,-388,2938,0781,0053,0753,3151,101324,6456,
01686072,0071,0184,3417,1018,30,0000,369,101,089,11,+,1,0,-129,+028,2928,0786,0025,0752,3151,101325,6458,
01686572,0073,0177,3325,1018,30,0000,369,101,089,11,+,1,0,+421,+081,2924,0787,0011,0753,3153,101322,6457,
01687072,0069,0140,3269,1018,30,0000,369,101,089,11,+,1,0,+112,+045,2924,0787,0005,0752,3152,101325,6457,
01687572,0069,0136,3248,1018,30,0000,369,101,089,11,+,1,0,-039,+043,2928,0787,0007,0753,3155,101325,6456,
01688072,0073,0109,3244,1018,30,0000,369,101,089,11,+,1,0,-026,+020,2928,0784,0010,0753,3156,101327,6455,
01688572,0069,0118,3237,1018,30,0000,369,101,089,11,+,1,0,+016,-014,2933,0786,0020,0753,3157,101323,6454,
01689072,0069,0125,3234,1018,30,0000,369,101,089,11,+,1,0,-022,+027,2928,0787,0011,0752,3158,101322,6450,
01689572,0069,0142,3230,1018,30,0000,369,101,089,11,+,1,0,-039,+023,2924,0783,0016,0752,3157,101325,6449,
01690072,0069,0130,3230,1018,30,0000,369,101,089,11,+,1,0,-038,+027,2928,0786,0011,0752,3156,101326,6448,
01690572,0069,0149,3230,1018,30,0000,369,101,089,11,+,1,0,+023,+008,2933,0786,0014,0753,3157,101324,6447,
01691072,0069,0156,3227,1018,30,0000,369,101,089,11,+,1,0,-030,+012,2928,0781,0016,0753,3157,101324,6445,
01691572,0069,0141,3230,1018,30,0000,369,101,089,11,+,1,0,-029,+014,2919,0785,0023,0753,3158,101326,6442,
01692072,0069,0143,3227,1018,30,0000,369,101,089,11,+,1,0,-001,+007,2919,0786,0018,0753,3158,101326,6443,
01692572,0069,0156,3227,1018,30,0000,369,101,089,11,+,1,0,-047,+005,2924,0781,0022,0753,3157,101327,6443,
01693072,0069,0165,3227,1018,30,0000,369,101,089,11,+,1,0,-024,+012,2928,0786,0021,0752,3157,101324,6442,
01693572,0069,0161,3227,1018,30,0000,369,101,089,11,+,1,0,-028,+010,2919,0786,0016,0753,3157,101325,6441,
01694072,0069,0157,3227,1018,30,0000,369,101,089,11,+,1,0,-026,+012,2924,0780,0022,0752,3157,101327,6441,
01694572,0069,0161,3227,1018,30,0000,369,101,089,11,+,1,0,-025,+004,2914,0786,0016,0752,3158,101328,6439,
01695072,0069,0146,3227,1018,30,0000,369,101,089,11,+,1,0,-027,-007,2924,0787,0013,0752,3159,101327,6438,
01695572,0069,0184,3227,1018,30,0000,369,101,089,11,+,1,0,-031,-021,2924,0784,0018,0752,3159,101324,6434,
01696072,0069,0184,3227,1018,30,0000,371,101,089,11,+,1,0,-024,-029,2919,0786,0017,0752,3159,101324,6433,
01696572,0069,0189,3227,1018,30,0000,369,101,089,11,+,1,0,-021,-013,2933,0786,0016,0752,3159,101325,6431,
01697072,0069,0187,3227,1018,30,0000,369,101,089,11,+,1,0,-034,-020,2928,0786,0024,0752,3160,101325,6430,
01697572,0069,0197,3227,1018,30,0000,369,101,089,11,+,1,0,-026,-025,2914,0786,0021,0752,3158,101325,6428,
01698072,0069,0201,3227,1018,30,0000,371,101,089,11,+,1,0,-027,-021,2933,0786,0015,0752,3157,101323,6429,
01698572,0069,0178,3227,1018,30,0000,369,101,089,11,+,1,0,-023,-023,2914,0787,0014,0752,3157,101327,6431,
01699072,0069,0182,3227,1018,30,0000,369,101,089,11,+,1,0,-030,-021,2924,0786,0020,0752,3158,101324,6430,
01699572,0069,0159,3227,1018,30,0000,369,101,089,11,+,1,0,-028,-012,2919,0786,0018,0752,3157,101329,6431,
01700072,0069,0168,3227,1018,30,0000,369,101,089,11,+,1,0,-043,-017,2919,0787,0014,0752,3157,101324,6429,
01700572,0069,0177,3227,1018,30,0000,369,101,089,11,+,1,0,-087,-161,2924,0786,0018,0752,3157,101323,6429,
01701072,0069,0167,3223,1018,30,0000,369,101,089,11,+,1,0,-038,+043,2924,0786,0015,0752,3157,101324,6428,
01701572,0069,0179,3227,1018,30,0000,371,101,089,11,+,1,0,-035,-027,2919,0787,0010,0752,3157,101324,6428,
01702072,0069,0166,3223,1018,30,0000,369,101,089,11,+,1,0,-028,-035,2919,0786,0018,0752,3158,101327,6427,
01702572,0069,0158,3223,1018,30,0000,371,101,089,11,+,1,0,-030,-035,2910,0786,0024,0752,3158,101324,6425,
01703072,0069,0156,3227,1018,30,0000,369,101,089,11,+,1,0,-030,-031,2924,0786,0021,0752,3158,101325,6422,
01703572,0069,0173,3223,1018,30,0000,369,101,089,11,+,1,0,-019,-038,2919,0786,0021,0753,3157,101326,6421,
01704072,0069,0176,3223,1018,30,0000,369,101,089,11,+,1,0,-024,-030,2928,0785,0017,0752,3157,101325,6422,
01704572,0092,0164,3223,1018,30,0000,369,101,089,11,+,1,0,-027,-029,2919,0786,0015,0752,3156,101324,6422,
01705072,0071,0169,3223,1018,30,0000,371,101,089,11,+,1,0,-027,-036,2919,0786,0025,0752,3157,101324,6421,
01705572,0069,0175,3223,1018,30,0000,369,101,089,11,+,1,0,-018,-033,2910,0785,0026,0753,3157,101326,6421,
01706072,0069,0171,3223,1018,30,0000,369,101,090,11,+,1,0,-052,-036,2914,0786,0021,0752,3157,101323,6421,
01706572,0069,0179,3223,1018,30,0000,371,101,090,11,+,1,0,-023,-033,2919,0787,0018,0752,3158,101323,6420,
01707072,0069,0161,3223,1018,30,0000,369,101,090,11,+,1,0,-031,-039,2919,0785,0023,0752,3157,101324,6420,
01707572,0069,0150,3223,1018,30,0000,369,101,090,11,+,1,0,-021,-035,2914,0786,0022,0753,3158,101322,6420,
01708072,0067,0149,3223,1018,30,0000,369,101,089,11,+,1,0,-025,-031,2928,0785,0034,0752,3161,101322,6419,
01708572,0069,0172,3223,1018,30,0000,369,101,088,11,+,1,0,-023,-034,2914,0785,0025,0752,3160,101322,6419,
01709072,0069,0162,3223,1018,30,0000,369,101,088,11,+,1,0,-016,-039,2919,0786,0019,0753,3161,101323,6419,
01709572,0069,0156,3223,1018,30,0000,369,101,086,11,+,1,0,-015,-034,2919,0786,0027,0753,3160,101324,6419,
01710072,0069,0175,3223,1018,30,0000,369,101,086,11,+,1,0,-036,-044,2928,0785,0027,0753,3160,101322,6419,
01710572,0069,0163,3223,1018,30,0000,369,101,088,11,+,1,0,-025,-043,2919,0786,0021,0753,3160,101324,6419,
01711072,0069,0163,3223,1018,30,0000,371,101,089,11,+,1,0,-029,-029,2924,0786,0019,0752,3160,101325,6418,
01711572,0069,0165,3223,1018,30,0000,369,101,089,11,+,1,0,-026,-036,2924,0785,0020,0752,3159,101323,6420,
01712072,0069,0167,3223,1018,30,0000,369,101,089,11,+,1,0,-020,-038,2914,0786,0020,0752,3159,101325,6421,
01712572,0069,0144,3223,1018,30,0000,369,101,089,11,+,1,0,-026,-034,2924,0786,0021,0752,3160,101323,6423,
01713072,0069,0154,3223,1018,30,0000,371,101,089,11,+,1,0,-025,-043,2914,0786,0022,0752,3160,101322,6422,
01713572,0069,0147,3223,1018,30,0000,369,101,089,11,+,1,0,-019,-032,2928,0778,0015,0752,3162,101324,6421,
01714072,0069,0158,3223,1018,30,0000,369,101,089,11,+,1,0,-022,-039,2928,0786,0022,0752,3161,101321,6419,
01714572,0069,0155,3223,1018,30,0000,369,101,089,11,+,1,0,-026,-040,2910,0786,0018,0753,3163,101323,6419,
01715072,0069,0169,3223,1018,30,0000,371,101,089,11,+,1,0,-027,-045,2928,0775,0017,0752,3163,101324,6417,
01715572,0071,0155,3223,1018,30,0000,369,101,089,11,+,1,0,-028,-033,2919,0786,0015,0752,3164,101323,6417,
01716072,0069,0158,3223,1018,30,0000,371,101,089,11,+,1,0,-025,-038,2938,0786,0022,0752,3165,101325,6414,
01716572,0069,0149,3223,1018,30,0000,369,101,089,11,+,1,0,-030,-028,2914,0786,0014,0752,3163,101324,6415,
01717072,0069,0157,3223,1018,30,0000,369,101,089,11,+,1,0,-027,-031,2919,0779,0020,0752,3162,101322,6416,
01717572,0069,0162,3223,1018,30,0000,369,101,089,11,+,1,0,-024,-038,2924,0787,0017,0752,3162,101325,6417,
01718072,0069,0150,3223,1018,30,0000,369,101,089,11,+,1,0,-026,-038,2919,0786,0014,0753,3162,101325,6418,
01718572,0069,0151,3223,1018,30,0000,369,101,089,11,+,1,0,-016,-034,2914,0786,0021,0752,3164,101326,6419,
01719072,0069,0154,3223,1018,30,0000,369,101,089,11,+,1,0,-028,-030,2919,0786,0021,0752,3164,101322,6417,
01719572,0069,0146,3223,1018,30,0000,369,101,089,11,+,1,0,-024,-034,2914,0786,0024,0752,3166,101324,6415,
01720072,0069,0127,3223,1018,30,0000,369,101,089,11,+,1,0,-026,-022,2924,0786,0017,0752,3166,101325,6414,
01720572,0069,0131,3223,1018,30,0000,369,101,089,11,+,1,0,-029,-029,2928,0786,0020,0752,3167,101326,6413,
01721072,0069,0125,3223,1018,30,0000,369,101,089,11,+,1,0,-030,-025,2924,0786,0019,0752,3168,101323,6412,
01721572,0069,0108,3223,1018,30,0000,369,101,089,11,+,1,0,-021,-025,2919,0786,0022,0752,3168,101325,6411,
01722072,0069,0121,3223,1018,30,0000,369,101,090,11,+,1,0,-027,-018,2919,0786,0018,0752,3168,101326,6411,
01722572,0069,0129,3223,1018,30,0000,369,101,089,11,+,1,0,-024,-030,2919,0786,0018,0752,3169,101327,6409,
01723072,0067,0129,3223,1018,30,0000,369,101,089,11,+,1,0,-021,-026,2919,0786,0022,0752,3169,101323,6407,
01723572,0069,0132,3223,1018,30,0000,369,101,089,11,+,1,0,-024,-017,2924,0781,0020,0753,3170,101326,6405,
01724072,0069,0135,3220,1018,30,0000,369,101,089,11,+,1,0,-029,-026,2928,0786,0020,0752,3169,101326,6404,
01724572,0069,0132,3220,1018,30,0000,369,101,089,11,+,1,0,-024,-033,2928,0786,0019,0753,3169,101322,6404,
01725072,0069,0129,3220,1018,30,0000,369,101,089,11,+,1,0,-030,-037,2928,0783,0022,0752,3169,101323,6403,
01725572,0069,0111,3220,1018,30,0000,371,101,089,11,+,1,0,-023,-024,2924,0786,0019,0752,3169,101326,6402,
01726072,0069,0137,3220,1018,30,0000,369,101,089,11,+,1,0,-025,-026,2928,0786,0015,0752,3169,101323,6404,
01726572,0069,0142,3216,1018,30,0000,369,101,089,11,+,1,0,-027,-023,2928,0786,0016,0753,3169,101325,6404,
01727072,0069,0147,3220,1018,30,0000,371,101,089,11,+,1,0,-023,-016,2933,0786,0021,0752,3169,101326,6405,
01727572,0069,0142,3216,1018,30,0000,369,101,089,11,+,1,0,-027,-023,2928,0786,0019,0752,3170,101327,6404,
01728072,0069,0148,3216,1018,30,0000,369,101,089,11,+,1,0,-029,-025,2928,0786,0020,0752,3170,101326,6406,
01728572,0069,0156,3216,1018,30,0000,369,101,089,11,+,1,0,-033,-021,2933,0786,0018,0752,3171,101324,6404,
01729072,0069,0149,3216,1018,30,0000,369,101,089,11,+,1,0,-027,-015,2924,0786,0020,0752,3171,101325,6404,
01729572,0069,0152,3216,1018,30,0000,369,101,089,11,+,1,0,-031,-021,2914,0786,0017,0752,3171,101325,6404,
01730072,0069,0137,3216,1018,30,0000,369,101,089,11,+,1,0,-035,-017,2928,0786,0020,0752,3171,101325,6404,
01730572,0069,0131,3216,1018,30,0000,369,101,089,11,+,1,0,-034,-027,2933,0786,0018,0752,3172,101323,6405,
01731072,0069,0119,3216,1018,30,0000,369,101,089,11,+,1,0,-040,-040,2924,0784,0026,0752,3173,101327,6404,
01731572,0069,0104,3216,1018,30,0000,369,101,089,11,+,1,0,-032,-022,2928,0786,0022,0752,3174,101327,6404,
01732072,0071,0075,3213,1018,30,0000,369,101,089,11,+,1,0,+093,+030,2928,0785,0037,0753,3175,101322,6403,
01732572,0073,0086,3188,1018,30,0000,369,101,089,11,+,1,0,+261,-009,2928,0787,0013,0752,3176,101323,6401,
01733072,0067,0069,3171,1018,30,0000,369,101,089,11,+,1,0,-082,+020,2928,0786,0014,0752,3177,101322,6397,
01733572,0069,0044,3153,1018,30,0000,369,101,089,11,+,1,0,-818,+475,2928,0786,0017,0753,3178,101323,6396,
01734072,0069,0060,3132,1018,30,0000,369,101,089,11,+,1,0,-621,+353,2933,0786,0022,0753,3178,101324,6395,
01734572,0073,0053,3125,1018,30,0000,369,101,089,11,+,1,0,+390,-165,2928,0786,0028,0752,3179,101327,6393,
01735072,0073,0067,3118,1018,30,0000,369,101,090,11,+,1,0,+126,+411,2938,0785,0029,0753,3180,101325,6391,
01735572,0073,0044,3107,1018,30,0000,369,101,089,11,+,1,0,-005,-226,2924,0785,0039,0752,3181,101324,6390,
01736072,0071,0060,3107,1018,30,0000,369,101,089,11,+,1,0,+361,-148,2919,0786,0012,0752,3182,101324,6389,
01736572,0073,0065,3097,1018,30,0000,369,101,089,11,+,1,0,-550,-291,2928,0787,0007,0752,3183,101327,6386,
01737072,0075,0033,3093,1018,30,0000,369,101,089,11,+,1,0,-414,-398,2933,0785,0035,0752,3184,101324,6385,
01737572,0069,0029,3079,1018,30,0000,369,101,089,11,+,1,0,-388,-316,2928,0786,0025,0752,3185,101323,6384,
01738072,0073,0000,3072,1018,30,0000,369,101,089,11,+,1,0,-059,-1114,2938,0786,0016,0752,3186,101324,6382,
01738572,0073,0047,3048,1018,30,0000,369,101,090,11,+,1,0,+1143,-465,2928,0786,0014,0752,3187,101325,6381,
01739072,0069,0033,3019,1018,30,0000,369,101,090,11,+,1,0,+092,+955,2933,0786,0015,0752,3188,101328,6380,
01739572,0073,0033,2988,1018,30,0000,369,101,090,11,+,1,0,+126,+1694,2938,0786,0013,0753,3189,101326,6379,
01740072,0071,0000,2977,1018,30,0000,369,101,090,11,+,1,0,-378,+1183,2938,0787,0011,0752,3191,101328,6376,
01740572,0073,0000,2960,1018,30,0000,369,101,090,11,+,1,0,-1032,+020,2943,0787,0011,0752,3191,101328,6373,
01741072,0069,0000,2946,1018,30,0000,369,101,090,11,+,1,0,+903,-016,2938,0786,0022,0752,3192,101328,6371,
01741572,0071,0037,2935,1018,30,0000,369,101,090,11,+,1,0,+286,-070,2928,0784,0042,0752,3193,101327,6370,
01742072,0069,0016,2921,1018,30,0000,369,101,090,11,+,1,0,+102,+135,2938,0785,0038,0752,3194,101324,6369,
01742572,0069,0000,2914,1018,30,0000,369,101,090,11,+,1,0,-827,+135,2938,0783,0050,0752,3195,101326,6368,
01743072,0069,0000,2917,1018,30,0000,369,101,090,11,+,1,0,-280,-737,2938,0784,0021,0752,3196,101327,6367,
01743572,0069,0000,2910,1018,30,0000,369,101,090,11,+,1,0,-183,+276,2928,0785,0032,0752,3197,101324,6365,
01744072,0067,0000,2907,1018,30,0000,369,101,090,11,+,1,0,-757,+028,2943,0786,0019,0752,3198,101324,6364,
01744572,0071,0000,2903,1018,30,0000,369,101,090,11,+,1,0,-181,-099,2933,0774,0020,0753,3199,101325,6363,
01745072,0071,0037,2907,1018,30,0000,369,101,090,11,+,1,0,-302,-061,2943,0786,0024,0752,3199,101325,6362,
01745572,0071,0000,2903,1018,30,0000,369,101,090,11,+,1,0,-309,+201,2933,0786,0017,0752,3201,101327,6360,
01746072,0069,0000,2903,1018,30,0000,369,101,090,11,+,1,0,-270,+691,2947,0781,0023,0752,3202,101326,6359,
01746572,0069,0000,2903,1018,30,0000,369,101,090,11,+,1,0,+052,-188,2943,0786,0019,0753,3203,101327,6357,
01747072,0069,0000,2900,1018,30,0000,369,101,090,11,+,1,0,+352,-531,2952,0786,0013,0752,3204,101329,6355,
01747572,0071,0033,2903,1018,30,0000,369,101,090,11,+,1,0,-255,+1128,2947,0784,0023,0752,3205,101328,6354,
01748072,0069,0000,2896,1018,30,0000,369,101,090,11,+,1,0,+164,+472,2938,0786,0020,0752,3205,101328,6352,
01748572,0069,0016,2896,1018,30,0000,369,101,090,11,+,1,0,+371,-043,2938,0786,0011,0752,3206,101327,6350,
01749072,0069,0000,2896,1018,30,0000,369,101,090,11,+,1,0,-299,-161,2947,0783,0018,0752,3207,101326,6348,
01749572,0069,0000,2900,1018,30,0000,369,101,090,11,+,1,0,+088,+616,2957,0786,0017,0752,3208,101325,6345,
01750072,0069,0016,2900,1018,30,0000,369,101,090,11,+,1,0,+214,-252,2943,0785,0034,0752,3209,101324,6342,
01750572,0069,0000,2896,1018,30,0000,369,101,090,11,+,1,0,+196,-477,2943,0780,0018,0752,3210,101324,6340,
01751072,0069,0000,2896,1018,30,0000,369,101,090,11,+,1,0,+299,+521,2938,0786,0012,0753,3211,101325,6337,
01751572,0069,0000,2900,1018,30,0000,369,101,090,11,+,1,0,-342,+125,2957,0787,0014,0752,3211,101325,6333,
01752072,0069,0000,2893,1018,30,0000,369,101,089,11,+,1,0,+256,+585,2947,0786,0026,0752,3211,101322,6331,
01752572,0069,0000,2893,1018,30,0000,369,101,090,11,+,1,0,+260,+512,2947,0786,0034,0752,3212,101321,6327,
01753072,0069,0000,2900,1018,30,0000,369,101,090,11,+,1,0,-340,-102,2943,0785,0045,0752,3213,101323,6324,
01753572,0069,0000,2893,1018,30,0000,369,101,090,11,+,1,0,-215,-050,2947,0786,0023,0752,3214,101323,6320,
01754072,0069,0000,2889,1018,30,0000,369,101,090,11,+,1,0,-097,+532,2957,0783,0039,0752,3215,101325,6318,
01754572,0069,0016,2886,1018,30,0000,369,101,090,11,+,1,0,-340,-157,2957,0781,0023,0752,3215,101324,6316,
01755072,0069,0000,2886,1018,30,0000,369,101,090,11,+,1,0,+131,+138,2957,0786,0020,0752,3216,101322,6314,
01755572,0069,0000,2886,1018,30,0000,369,101,090,11,+,1,0,+021,-332,2947,0786,0022,0752,3217,101326,6312,
01756072,0071,0016,2882,1018,30,0000,369,101,090,11,+,1,0,-502,+305,2957,0786,0017,0752,3218,101324,6311,
01756572,0069,0000,2882,1018,30,0000,369,101,090,11,+,1,0,-352,+234,2952,0787,0007,0752,3219,101325,6310,
01757072,0069,0000,2882,1018,30,0000,369,101,090,11,+,1,0,+231,-535,2961,0786,0027,0752,3220,101322,6310,
01757572,0069,0000,2882,1018,30,0000,371,101,090,11,+,1,0,+064,-441,2957,0787,0006,0752,3221,101323,6308,
01758072,0069,0000,2882,1018,30,0000,369,101,090,11,+,1,0,+060,-031,2961,0787,0008,0752,3222,101324,6305,
01758572,0069,0000,2886,1018,30,0000,369,101,090,11,+,1,0,-651,-272,2961,0787,0011,0753,3222,101320,6304,
01759072,0069,0000,2879,1018,30,0000,369,101,090,11,+,1,0,-207,-516,2947,0787,0005,0752,3223,101325,6303,
01759572,0069,0029,2872,1018,30,0000,369,101,090,11,+,1,0,-262,+098,2957,0786,0011,0752,3224,101324,6302,
01760072,0069,0000,2875,1018,30,0000,369,101,090,11,+,1,0,+455,+206,2961,0787,0006,0753,3225,101324,6301,
01760572,0073,0000,2872,1018,30,0000,369,101,090,11,+,1,0,-652,-384,2957,0787,0008,0752,3226,101326,6299,
