time [ms],altitude [cm],airspeed [x0.01 m/s],angle_of_attack [x0.1 deg],airdata_pressure [hPa],airdata_temperature [degC],rotation [x0.1 rpm],rotation_voltage [0.01 V],elevator_angle,rudder_angle,trim_sign,servo_received,screen_toggle,pitch [x0.1 deg],roll [x0.1 deg],gyro_temperature [x0.01 degC],servo_voltage [x0.01 V],servo_current [x0.01 A],main_voltage [x0.01 V],temperature [x0.01 degC],pressure [x0.01 hPa],humidity [x0.01 p.c.],
1950072,81,50,116,1010,30,0,395,101,90,11,1,0,-35,27,3150,761,23,764,3389,100591,5792
1950572,79,37,119,1010,30,0,395,101,90,11,1,0,-34,33,3140,761,16,764,3388,100593,5793
1951072,79,44,119,1010,30,0,395,101,90,11,1,0,-22,25,3145,761,18,765,3387,100588,5803
1951572,79,58,119,1010,30,0,395,101,90,11,1,0,-28,30,3150,761,18,764,3386,100593,5804
1952072,79,58,119,1010,30,0,395,101,90,11,1,0,-2,43,3159,761,20,764,3385,100590,5795
1952572,79,37,119,1010,30,0,395,101,90,11,1,0,-25,22,3140,761,15,764,3385,100589,5791
1953072,79,23,119,1010,30,0,395,101,90,11,1,0,-34,24,3140,758,16,764,3384,100589,5786
1953572,79,41,119,1010,30,0,395,101,90,11,1,0,-41,41,3145,761,16,764,3382,100591,5788
1954072,81,41,119,1010,30,0,395,101,90,11,1,0,-32,35,3140,761,17,764,3382,100589,5790
1954572,81,56,119,1010,30,0,397,101,90,11,1,0,-34,29,3135,754,19,764,3382,100590,5790
1955072,81,47,119,1010,30,0,395,101,90,11,1,0,-31,-23,3145,761,22,764,3381,100591,5789
1955572,79,53,119,1010,30,0,395,101,90,11,1,0,-29,30,3140,761,20,764,3380,100591,5783
1956072,79,50,119,1010,30,0,397,101,90,11,1,0,-27,25,3135,759,20,764,3380,100592,5778
1956572,384,0,119,1010,30,0,395,101,90,11,1,0,-32,29,3131,762,10,764,3379,100590,5780
1957072,94,0,119,1010,30,0,395,101,90,11,1,0,-30,18,3135,761,20,764,3378,100592,5785
1957572,86,23,119,1010,30,0,395,101,90,11,1,0,-35,3,3131,761,20,764,3377,100589,5792
1958072,81,53,119,1010,30,0,395,101,90,11,1,0,-35,21,3145,762,20,764,3376,100591,5798
1958572,81,61,119,1010,30,0,395,101,90,11,1,0,-30,18,3135,761,20,764,3374,100590,5812
1959072,81,44,119,1010,30,0,395,101,90,11,1,0,-41,15,3135,761,20,764,3373,100591,5817
1959572,81,41,119,1010,30,0,395,101,90,11,1,0,-30,18,3131,761,16,764,3373,100591,5821
1960072,81,33,119,1010,30,0,395,101,90,11,1,0,-33,19,3140,761,18,764,3373,100588,5824
1960572,79,44,119,1010,30,0,395,101,90,11,1,0,-26,17,3135,761,20,764,3372,100588,5827
1961072,79,50,119,1010,30,0,397,101,90,11,1,0,-27,7,3135,755,15,764,3371,100588,5833
1961572,79,0,119,1010,30,0,395,101,90,11,1,0,-40,13,3135,761,24,764,3371,100588,5836
1962072,79,33,119,1010,30,0,395,101,90,11,1,0,-21,18,3131,761,24,764,3370,100588,5837
1962572,81,44,119,1010,30,0,395,101,90,11,1,0,-32,20,3135,752,31,765,3370,100588,5840
1963072,79,58,119,1010,30,0,395,101,90,11,1,0,-30,14,3135,761,18,764,3370,100590,5847
1963572,79,56,119,1010,30,0,395,101,90,11,1,0,-32,25,3135,762,17,764,3368,100590,5855
1964072,81,44,119,1010,30,0,395,101,90,11,1,0,-37,16,3126,761,18,764,3368,100591,5862
1964572,79,44,119,1010,30,0,395,101,90,11,1,0,-20,0,3126,761,18,764,3368,100589,5865
1965072,79,53,119,1010,30,0,395,101,90,11,1,0,-119,20,3131,761,20,764,3368,100592,5868
1965572,100,61,119,1010,30,0,395,101,90,11,1,0,-289,-257,3121,761,24,764,3368,100592,5873
1966072,117,61,119,1010,30,0,395,101,90,11,1,0,-51,56,3117,761,17,764,3368,100590,5876
1966572,92,53,119,1010,30,0,395,101,90,11,1,0,-37,52,3121,761,20,764,3367,100589,5880
1967072,92,58,119,1010,30,0,395,101,90,11,1,0,-243,88,3140,761,17,764,3367,100591,5882
1967572,105,56,119,1010,30,0,395,101,90,11,1,0,-29,47,3121,762,16,764,3366,100588,5881
1968072,100,41,119,1010,30,0,395,101,90,11,1,0,-53,144,3131,762,14,764,3365,100589,5890
1968572,178,61,119,1010,30,0,395,101,90,11,1,0,-36,17,3126,761,23,764,3365,100588,5905
1969072,109,86,119,1010,30,0,395,101,90,11,1,0,-42,29,3121,760,32,764,3364,100589,5915
1969572,75,73,119,1010,30,0,395,101,90,11,1,0,109,-63,3121,761,17,764,3363,100588,5919
1970072,73,89,119,1010,30,0,395,101,90,11,1,0,-37,32,3131,762,17,764,3363,100590,5923
1970572,73,95,119,1010,30,0,395,101,90,11,1,0,-39,36,3126,762,15,764,3364,100590,5920
1971072,75,100,119,1010,30,0,395,101,90,11,1,0,-29,32,3126,762,16,764,3363,100590,5919
1971572,73,101,119,1010,30,0,395,101,90,11,1,0,-36,36,3126,761,20,764,3362,100589,5922
1972072,75,100,119,1010,30,0,395,101,90,11,1,0,-36,34,3121,761,19,764,3363,100590,5929
1972572,73,107,119,1010,30,0,395,101,90,11,1,0,-28,34,3126,762,15,764,3363,100592,5937
1973072,75,111,119,1010,30,0,395,101,90,11,1,0,-27,34,3131,761,17,764,3362,100589,5934
1973572,73,113,119,1010,30,0,395,101,90,11,1,0,-28,34,3117,761,22,764,3361,100589,5931
1974072,73,104,119,1010,30,0,395,101,90,11,1,0,-36,28,3131,761,18,764,3360,100591,5924
1974572,73,108,119,1010,30,0,395,101,90,11,1,0,-31,38,3126,761,19,764,3360,100592,5922
1975072,75,100,119,1010,30,0,395,101,90,11,1,0,-34,39,3112,761,21,764,3359,100592,5921
1975572,73,94,119,1010,30,0,395,101,90,11,1,0,-24,40,3121,761,19,764,3359,100592,5920
1976072,75,103,119,1010,30,0,395,101,90,11,1,0,-39,35,3121,760,21,764,3357,100593,5919
1976572,73,91,119,1010,30,0,397,101,90,11,1,0,-32,29,3126,762,18,764,3357,100590,5915
1977072,73,101,119,1010,30,0,395,101,90,11,1,0,-46,53,3121,761,21,764,3357,100591,5914
1977572,73,86,119,1010,30,0,395,101,90,11,1,0,43,-91,3117,761,14,764,3355,100593,5918
1978072,75,82,119,1010,30,0,395,101,90,11,1,0,0,-18,3121,748,40,764,3351,100592,5926
1978572,73,97,119,1010,30,0,397,101,90,11,1,0,121,-45,3112,760,36,764,3351,100592,5934
1979072,73,114,119,1010,30,0,395,101,90,11,1,0,32,66,3112,760,55,764,3352,100593,5937
1979572,75,95,119,1010,30,0,395,101,90,11,1,0,-32,-79,3117,756,37,764,3353,100592,5939
1980072,73,50,119,1010,30,0,397,101,90,11,1,0,-28,-79,3121,760,33,764,3353,100593,5938
1980572,73,82,119,1010,30,0,395,101,90,11,1,0,-108,603,3117,760,30,764,3352,100592,5937
1981072,73,61,123,1010,30,0,395,101,90,11,1,0,-138,246,3121,760,37,764,3352,100591,5937
1981572,73,89,119,1010,30,0,395,101,90,11,1,0,-13,-109,3121,760,52,764,3352,100593,5939
1982072,73,129,119,1010,30,0,395,101,90,11,1,0,25,-272,3121,755,39,764,3352,100592,5952
1982572,73,157,123,1010,30,0,395,101,90,11,1,0,-6,-311,3126,759,56,764,3351,100594,5962
1983072,69,183,147,1010,30,0,395,101,90,11,1,0,234,-88,3121,761,9,764,3349,100594,5974
1983572,73,215,193,1010,30,0,395,101,90,11,1,0,-158,633,3112,758,76,764,3347,100591,5984
1984072,73,225,225,1010,30,0,395,101,90,11,1,0,59,343,3117,759,44,764,3345,100595,5973
1984572,75,251,253,1010,30,0,395,101,90,11,1,0,-318,1416,3117,760,48,764,3339,100593,5961
1985072,73,251,277,1010,30,0,395,101,90,11,1,0,-245,-738,3112,759,54,764,3335,100591,5957
1985572,73,294,319,1010,30,0,395,101,90,11,1,0,-502,678,3103,760,46,764,3332,100593,5954
1986072,75,282,348,1010,30,0,395,101,90,11,1,0,35,-446,3103,756,106,764,3329,100592,5959
1986572,75,303,383,1010,30,0,395,101,90,11,1,0,-794,-534,3112,761,6,764,3326,100593,5972
1987072,75,290,421,1010,30,0,395,101,90,11,1,0,-962,-865,3103,760,32,764,3324,100593,5984
1987572,75,283,573,1010,30,0,395,101,90,11,1,0,-569,7,3103,743,112,764,3322,100594,5992
1988072,75,314,949,1010,30,0,397,101,90,11,1,0,-12,1587,3107,759,30,764,3321,100596,5995
1988572,77,334,892,1010,30,0,395,101,90,11,1,0,832,405,3103,758,82,764,3317,100595,6002
1989072,77,349,931,1010,30,0,395,101,90,11,1,0,894,360,3093,740,180,764,3316,100592,6009
1989572,88,357,938,1010,30,0,395,101,90,11,1,0,1084,-795,3093,752,122,764,3313,100591,6016
1990072,81,347,945,1010,30,0,395,101,90,11,1,0,1800,-1222,3088,754,141,764,3310,100592,6025
1990572,75,375,959,1010,30,0,395,101,90,11,1,0,121,652,3093,758,41,764,3307,100591,6028
1991072,75,381,938,1010,30,0,395,101,90,11,1,0,-1411,919,3088,761,24,764,3305,100594,6031
1991572,71,386,963,1010,30,0,395,101,90,11,1,0,758,-288,3084,740,75,764,3303,100592,6030
1992072,73,402,924,1010,30,0,395,101,90,11,1,0,1800,-379,3088,758,61,764,3301,100590,6026
1992572,73,383,935,1010,30,0,395,101,90,11,1,0,-1274,1510,3084,748,143,764,3298,100590,6027
1993072,73,392,935,1010,30,0,395,101,90,11,1,0,1228,869,3079,761,7,764,3295,100591,6026
1993572,73,396,956,1010,30,0,395,101,90,11,1,0,430,-78,3079,746,35,764,3292,100591,6027
1994072,71,404,928,1010,30,0,395,101,90,11,1,0,-1010,-756,3084,761,12,764,3292,100594,6029
1994572,73,393,924,1010,30,0,395,101,90,11,1,0,492,-975,3079,758,70,764,3288,100592,6040
1995072,69,398,963,1010,30,0,395,101,90,11,1,0,454,1034,3070,760,41,764,3286,100597,6044
1995572,69,402,956,1010,30,0,395,101,90,11,1,0,-76,-28,3074,759,36,764,3284,100596,6057
1996072,69,396,966,1010,30,0,395,101,90,11,1,0,-460,-1799,3074,761,11,764,3282,100595,6067
1996572,69,410,931,1010,30,0,395,101,90,11,1,0,1326,642,3070,760,22,764,3277,100593,6081
1997072,69,401,966,1010,30,0,395,101,90,11,1,0,103,-584,3060,761,8,764,3275,100593,6087
1997572,69,403,956,1010,30,0,395,101,90,11,1,0,-1770,67,3055,760,26,764,3272,100592,6098
1998072,69,403,952,1010,30,0,395,101,90,11,1,0,682,645,3055,758,61,764,3271,100593,6099
1998572,69,401,935,1010,30,0,395,101,90,11,1,0,-255,-434,3051,756,56,764,3267,100593,6102
1999072,73,388,973,1010,30,0,395,101,90,11,1,0,1800,546,3055,761,10,764,3266,100593,6101
1999572,69,392,1001,1010,30,0,395,101,90,11,1,0,1800,-678,3051,755,130,764,3264,100595,6103
2000072,69,385,970,1010,30,0,395,101,90,11,1,0,-1799,-997,3046,758,64,764,3262,100595,6110
2000572,71,392,977,1010,30,0,395,101,90,11,1,0,-510,333,3046,740,96,764,3259,100593,6118
2001072,73,366,917,1010,30,0,395,101,90,11,1,0,-28,-1011,3027,748,70,762,3256,100591,6125
2001572,73,361,991,1010,30,0,395,103,2,11,1,0,-92,692,3032,754,113,764,3256,100593,6142
2002072,73,370,949,1010,30,0,395,101,88,11,1,0,-355,-351,3037,749,56,764,3255,100593,6154
2002572,75,361,956,1010,30,0,395,101,86,11,1,0,1800,-754,3037,742,68,764,3253,100593,6171
2003072,73,340,991,1010,30,0,395,105,81,11,1,0,-1612,1356,3023,761,17,764,3251,100590,6178
2003572,69,311,952,1010,30,0,395,101,89,11,1,0,907,-473,3027,755,69,764,3251,100595,6194
2004072,69,317,998,1010,30,0,395,101,89,11,1,0,-460,1305,3032,730,21,764,3253,100595,6201
2004572,71,307,977,1010,30,0,395,102,85,11,1,0,72,331,3027,746,125,764,3253,100592,6199
2005072,71,287,931,1010,30,0,395,101,89,11,1,0,-329,-175,3027,758,35,764,3253,100593,6192
2005572,73,265,935,1010,30,0,395,101,89,11,1,0,310,-591,3018,754,74,764,3251,100593,6190
2006072,69,248,966,1010,30,0,395,101,89,11,1,0,44,-884,3018,760,18,764,3250,100592,6190
2006572,71,255,977,1010,30,0,395,101,89,11,1,0,-876,174,3018,760,37,764,3249,100591,6189
2007072,73,226,956,1010,30,0,395,101,89,11,1,0,-276,751,3013,760,24,764,3247,100590,6187
2007572,73,222,928,1010,30,0,395,101,89,11,1,0,-34,942,3008,759,33,764,3246,100590,6190
2008072,73,205,878,1010,30,0,395,101,89,11,1,0,322,-79,2999,761,13,764,3246,100588,6192
2008572,73,201,882,1010,30,0,395,101,90,11,1,0,-235,-751,3018,756,8,764,3246,100588,6195
2009072,73,181,854,1010,30,0,395,101,90,11,1,0,-19,292,3004,760,29,764,3249,100589,6196
2009572,73,176,745,1010,30,0,395,101,90,11,1,0,98,170,3008,758,25,764,3251,100588,6197
2010072,73,157,632,1010,30,0,395,101,90,11,1,0,-165,-12,2999,755,85,764,3252,100591,6196
2010572,73,131,558,1010,30,0,395,101,90,11,1,0,-407,233,3004,758,50,764,3253,100591,6197
2011072,73,119,537,1010,30,0,395,101,90,11,1,0,238,-21,3013,755,17,764,3254,100589,6198
2011572,73,101,516,1010,30,0,395,101,90,11,1,0,-24,67,3013,760,32,764,3254,100590,6195
2012072,71,104,502,1010,30,0,395,101,90,11,1,0,-30,170,3013,761,7,762,3255,100594,6195
2012572,73,113,492,1010,30,0,395,101,90,11,1,0,-331,144,3008,761,12,764,3256,100593,6197
2013072,73,100,481,1010,30,0,395,101,90,11,1,0,68,-143,3008,761,15,764,3257,100593,6200
2013572,73,92,481,1010,30,0,395,101,90,11,1,0,-89,45,3008,761,20,764,3257,100594,6200
2014072,73,77,481,1010,30,0,395,101,90,11,1,0,10,70,3004,760,16,764,3258,100593,6199
2014572,77,79,478,1010,30,0,395,101,90,11,1,0,-29,44,3013,760,25,764,3258,100593,6198
2015072,73,100,478,1010,30,0,395,101,90,11,1,0,-32,78,3004,761,18,764,3258,100593,6197
2015572,75,89,478,1010,30,0,395,101,90,11,1,0,-42,46,3008,761,13,764,3258,100590,6196
2016072,79,89,478,1010,30,0,395,101,90,11,1,0,-23,54,3008,761,18,762,3258,100593,6196
2016572,77,81,478,1010,30,0,395,101,90,11,1,0,-34,55,3008,761,20,764,3259,100592,6201
2017072,77,69,481,1010,30,0,395,101,90,11,1,0,-34,54,3008,761,13,764,3259,100593,6203
2017572,81,63,478,1010,30,0,395,101,90,11,1,0,-27,59,3008,760,18,764,3259,100593,6204
2018072,77,63,478,1010,30,0,395,101,90,11,1,0,-11,56,3004,761,17,764,3260,100594,6205
2018572,77,95,478,1010,30,0,395,101,90,11,1,0,-27,62,3004,761,19,764,3260,100593,6205
2019072,75,73,478,1010,30,0,395,101,90,11,1,0,-40,43,2999,752,18,764,3261,100592,6207
2019572,79,84,478,1010,30,0,395,101,90,11,1,0,-34,42,2999,761,13,764,3261,100592,6211
2020072,77,92,478,1010,30,0,395,101,90,11,1,0,-2,55,3004,761,15,764,3262,100592,6215
2020572,73,88,478,1010,30,0,395,101,90,11,1,0,-21,53,3004,761,13,764,3263,100592,6216
2021072,77,97,478,1010,30,0,395,101,90,11,1,0,-22,48,3004,761,16,764,3263,100592,6220
2021572,73,103,478,1010,30,0,395,101,90,11,1,0,-32,37,3004,761,16,762,3262,100592,6216
2022072,77,97,478,1010,30,0,395,101,90,11,1,0,-37,45,3008,761,16,764,3263,100592,6214
2022572,73,100,478,1010,30,0,395,101,90,11,1,0,-36,55,2999,761,15,764,3263,100594,6211
2023072,77,98,478,1010,30,0,395,101,90,11,1,0,-30,47,3004,761,15,764,3264,100593,6211
2023572,73,94,478,1010,30,0,395,101,90,11,1,0,-29,47,3004,761,18,764,3264,100594,6211
2024072,77,94,478,1010,30,0,395,101,90,11,1,0,-35,39,2999,761,10,764,3265,100594,6215
2024572,77,98,478,1010,30,0,395,101,90,11,1,0,-22,44,3004,761,17,764,3265,100590,6218
2025072,77,94,478,1010,30,0,395,101,90,11,1,0,-40,44,2999,761,12,764,3265,100593,6213
2025572,77,94,478,1010,30,0,395,101,90,11,1,0,-24,49,3004,761,19,764,3264,100592,6203
2026072,77,97,478,1010,30,0,395,101,90,11,1,0,-26,46,3013,760,14,764,3264,100590,6195
2026572,77,87,478,1010,30,0,395,101,90,11,1,0,-29,37,3004,761,22,764,3264,100591,6188
2027072,73,88,478,1010,30,0,395,101,90,11,1,0,2,23,3018,761,15,764,3264,100592,6184
2027572,73,84,478,1010,30,0,395,101,90,11,1,0,-36,30,3013,760,20,764,3264,100589,6181
2028072,73,89,474,1010,30,0,395,101,90,11,1,0,-37,19,2999,761,17,764,3264,100592,6180
2028572,73,91,478,1010,30,0,395,101,90,11,1,0,-36,17,3013,761,22,764,3265,100591,6181
2029072,73,86,478,1010,30,0,395,101,90,11,1,0,-38,32,3013,761,16,762,3265,100591,6181
2029572,73,86,474,1010,30,0,395,101,90,11,1,0,-21,25,3008,751,23,764,3265,100594,6181
2030072,73,88,478,1010,30,0,395,101,90,11,1,0,-20,31,3004,761,28,764,3265,100592,6180
2030572,73,91,474,1010,30,0,395,101,90,11,1,0,-17,37,2999,761,18,764,3265,100593,6179
2031072,73,89,478,1010,30,0,395,101,90,11,1,0,-36,29,3008,756,19,764,3265,100590,6182
2031572,73,63,478,1010,30,0,395,101,90,11,1,0,-28,33,3004,761,21,764,3265,100593,6186
2032072,73,73,478,1010,30,0,395,101,90,11,1,0,-33,38,3013,761,18,764,3265,100593,6188
2032572,73,75,478,1010,30,0,395,101,90,11,1,0,-27,36,3013,755,24,764,3264,100593,6190
2033072,73,79,478,1010,30,0,395,101,90,11,1,0,-32,27,3018,761,20,764,3265,100593,6191
2033572,73,86,474,1010,30,0,395,101,90,11,1,0,-34,26,3008,761,15,764,3265,100593,6192
2034072,73,82,478,1010,30,0,395,101,90,11,1,0,-30,29,3018,759,20,764,3264,100594,6194
2034572,73,77,478,1010,30,0,395,101,90,11,1,0,-34,29,3008,761,19,762,3265,100595,6199
2035072,73,61,478,1010,30,0,395,101,90,11,1,0,-39,27,3013,760,22,764,3265,100595,6206
2035572,73,58,478,1010,30,0,395,101,90,11,1,0,-36,18,3004,761,16,764,3265,100593,6213
2036072,73,67,474,1010,30,0,395,101,90,11,1,0,-33,37,3008,761,15,764,3265,100591,6222
2036572,73,73,478,1010,30,0,395,101,90,11,1,0,-27,23,3013,761,16,764,3265,100593,6234
2037072,75,73,474,1010,30,0,395,101,90,11,1,0,-26,25,3018,761,12,764,3266,100594,6241
2037572,73,82,478,1010,30,0,395,101,90,11,1,0,-28,22,3008,760,21,764,3265,100592,6239
2038072,73,88,474,1010,30,0,395,101,90,11,1,0,-26,20,3018,761,13,764,3265,100593,6232
2038572,73,69,474,1010,30,0,395,101,90,11,1,0,-30,16,3018,761,16,764,3265,100594,6222
2039072,73,61,474,1010,30,0,395,101,90,11,1,0,0,27,3008,760,23,764,3265,100594,6217
2039572,73,63,474,1010,30,0,395,101,90,11,1,0,-19,17,3008,748,29,764,3264,100593,6212
2040072,73,73,478,1010,30,0,395,101,90,11,1,0,-22,25,3013,761,22,764,3264,100593,6208
2040572,73,69,474,1010,30,0,395,101,90,11,1,0,-30,10,3004,760,20,764,3264,100595,6206
2041072,73,71,474,1010,30,0,395,101,90,11,1,0,-25,12,3008,752,20,764,3264,100592,6200
2041572,73,71,474,1010,30,0,395,101,90,11,1,0,-32,16,3008,761,25,764,3264,100591,6194
2042072,73,69,474,1010,30,0,395,101,90,11,1,0,-31,16,3018,761,19,764,3263,100591,6188
2042572,73,58,474,1010,30,0,395,101,90,11,1,0,-30,0,3008,756,19,764,3263,100591,6186
2043072,69,56,478,1010,30,0,395,101,90,11,1,0,-20,3,3018,761,17,764,3263,100595,6183
2043572,69,58,474,1010,30,0,395,101,90,11,1,0,-37,9,3013,761,18,762,3262,100594,6183
2044072,69,58,478,1010,30,0,395,101,90,11,1,0,-29,3,3018,758,19,762,3262,100593,6183
2044572,69,65,478,1010,30,0,395,101,90,11,1,0,-25,7,3023,754,19,764,3261,100591,6181
2045072,69,75,478,1010,30,0,395,101,90,11,1,0,-32,17,3018,761,17,764,3261,100592,6186
2045572,69,89,474,1010,30,0,395,101,90,11,1,0,-32,8,3013,760,21,764,3261,100592,6189
2046072,69,77,478,1010,30,0,395,101,90,11,1,0,-34,10,3013,755,19,762,3260,100591,6186
2046572,69,94,478,1010,30,0,395,101,90,11,1,0,-26,4,3013,761,20,764,3259,100591,6179
2047072,69,97,478,1010,30,0,395,101,90,11,1,0,-31,6,3018,761,18,762,3259,100592,6175
2047572,71,94,478,1010,30,0,395,101,90,11,1,0,-39,6,3013,761,17,764,3259,100593,6173
2048072,71,104,478,1010,30,0,395,101,90,11,1,0,-38,4,3008,761,18,762,3258,100592,6170
2048572,69,91,474,1010,30,0,395,101,90,11,1,0,-39,-2,3013,761,15,764,3257,100590,6169
2049072,69,91,478,1010,30,0,395,101,90,11,1,0,-35,0,3013,761,18,764,3257,100592,6168
2049572,69,103,478,1010,30,0,395,101,90,11,1,0,-32,1,3008,761,22,764,3257,100593,6166
2050072,69,91,474,1010,30,0,395,101,90,11,1,0,-31,-1,3018,761,19,764,3256,100592,6167
2050572,69,100,478,1010,30,0,395,101,90,11,1,0,-18,0,3008,755,13,764,3255,100594,6166
2051072,69,101,478,1010,30,0,395,101,90,11,1,0,-25,0,3008,761,20,764,3255,100593,6167
2051572,69,108,474,1010,30,0,395,101,90,11,1,0,-39,2,3018,761,18,762,3254,100594,6168
2052072,69,108,474,1010,30,0,395,101,90,11,1,0,-32,2,3013,761,21,764,3254,100596,6168
2052572,69,103,474,1010,30,0,395,101,90,11,1,0,-35,2,3013,761,23,764,3254,100593,6169
2053072,69,98,478,1010,30,0,395,101,90,11,1,0,-37,1,3013,761,22,764,3253,100594,6172
2053572,69,86,474,1010,30,0,395,101,90,11,1,0,-25,9,3008,761,20,762,3253,100594,6175
2054072,69,84,474,1010,30,0,395,101,90,11,1,0,-38,-2,3008,761,19,764,3252,100591,6176
2054572,69,67,474,1010,30,0,395,101,90,11,1,0,-26,7,3013,761,12,762,3252,100593,6178
2055072,69,75,478,1010,30,0,395,101,90,11,1,0,-32,6,3013,761,21,762,3252,100592,6179
2055572,69,61,474,1010,30,0,395,101,90,11,1,0,-27,-1,3018,761,19,762,3251,100591,6180
2056072,69,0,478,1010,30,0,395,101,90,11,1,0,-8,11,3008,761,18,764,3251,100595,6180
2056572,69,0,478,1010,30,0,395,101,90,11,1,0,-25,7,3008,761,19,764,3251,100593,6182
2057072,69,33,474,1010,30,0,395,101,90,11,1,0,-34,1,3013,760,30,762,3250,100591,6183
2057572,71,71,478,1010,30,0,395,101,90,11,1,0,-23,5,3013,761,14,762,3250,100591,6185
2058072,71,67,478,1010,30,0,395,101,90,11,1,0,-29,0,3023,761,20,762,3250,100593,6187
2058572,69,53,474,1010,30,0,395,101,90,11,1,0,-28,-3,3008,761,19,762,3249,100591,6189
2059072,69,56,478,1010,30,0,395,101,90,11,1,0,-32,4,3018,760,15,764,3249,100594,6190
2059572,69,0,478,1010,30,0,395,101,90,11,1,0,-27,3,3018,761,18,762,3248,100593,6191
2060072,69,47,478,1010,30,0,395,101,90,11,1,0,-30,5,3018,761,15,764,3248,100589,6194
2060572,69,16,474,1010,30,0,395,101,90,11,1,0,-27,6,3013,761,15,762,3248,100590,6197
2061072,69,61,478,1010,30,0,395,101,90,11,1,0,-29,1,3013,761,15,764,3248,100593,6200
2061572,69,75,478,1010,30,0,395,101,90,11,1,0,-22,7,3023,761,23,762,3247,100590,6203
2062072,69,65,474,1010,30,0,395,101,90,11,1,0,-31,5,3023,761,16,762,3246,100589,6205
2062572,69,67,474,1010,30,0,395,101,90,11,1,0,-28,0,3013,756,16,764,3246,100592,6207
2063072,69,97,474,1010,30,0,395,101,90,11,1,0,-27,5,3004,761,14,762,3246,100592,6210
2063572,69,84,474,1010,30,0,395,101,90,11,1,0,-29,0,3018,760,25,764,3245,100590,6215
2064072,69,84,478,1010,30,0,395,101,90,11,1,0,-24,8,3018,759,13,764,3244,100588,6221
2064572,69,84,478,1010,30,0,395,101,90,11,1,0,-26,1,3018,761,13,764,3245,100588,6231
2065072,69,86,478,1010,30,0,395,101,90,11,1,0,-41,7,3004,761,17,762,3245,100592,6245
2065572,69,86,478,1010,30,0,395,101,90,11,1,0,-45,3,3008,756,14,764,3245,100592,6258
2066072,69,73,478,1010,30,0,395,101,90,11,1,0,-19,-2,3008,761,22,764,3244,100591,6270
2066572,69,82,478,1010,30,0,395,101,90,11,1,0,-37,-1,3008,761,15,764,3244,100591,6266
2067072,69,87,478,1010,30,0,395,101,90,11,1,0,-21,6,3018,760,17,762,3244,100591,6264
2067572,73,75,474,1010,30,0,395,101,90,11,1,0,-35,5,3013,761,17,764,3244,100594,6269
2068072,73,77,474,1010,30,0,395,101,90,11,1,0,-15,10,3023,761,17,764,3243,100592,6273
2068572,75,77,478,1010,30,0,395,101,90,11,1,0,-28,0,3018,761,15,762,3244,100594,6277
2069072,73,75,478,1010,30,0,395,101,90,11,1,0,-32,6,3018,761,20,762,3244,100589,6278
2069572,73,81,478,1010,30,0,395,101,90,11,1,0,-42,8,3018,761,22,764,3244,100591,6280
2070072,73,82,474,1010,30,0,395,101,90,11,1,0,-32,26,3018,760,18,762,3243,100591,6284
2070572,73,79,478,1010,30,0,395,101,90,11,1,0,-34,22,3018,761,21,762,3243,100590,6285
2071072,73,82,474,1010,30,0,395,101,90,11,1,0,-23,21,3008,761,12,762,3243,100593,6290
2071572,73,81,478,1010,30,0,395,101,90,11,1,0,-27,12,3018,761,18,764,3243,100592,6286
2072072,73,71,478,1010,30,0,395,101,90,11,1,0,-30,9,3018,759,17,764,3243,100594,6275
2072572,75,79,478,1010,30,0,395,101,90,11,1,0,-30,20,3018,761,13,762,3243,100592,6267
2073072,73,73,478,1010,30,0,395,101,90,11,1,0,-22,13,3013,761,20,762,3243,100594,6263
2073572,73,71,474,1010,30,0,395,101,90,11,1,0,-35,17,3008,756,6,762,3243,100593,6258
2074072,73,87,474,1010,30,0,395,101,90,11,1,0,-31,29,3023,761,13,764,3242,100591,6250
2074572,73,86,474,1010,30,0,395,101,90,11,1,0,-36,24,3018,761,15,762,3242,100591,6249
2075072,73,92,478,1010,30,0,395,101,90,11,1,0,-27,22,3018,760,18,762,3241,100590,6250
2075572,73,87,474,1010,30,0,395,101,90,11,1,0,-30,22,3013,761,19,762,3241,100593,6251
2076072,73,92,474,1010,30,0,395,101,90,11,1,0,-18,176,3008,761,20,764,3241,100592,6259
2076572,73,94,478,1010,30,0,395,101,90,11,1,0,-32,28,3023,761,16,764,3241,100595,6267
2077072,73,97,474,1010,30,0,395,101,90,11,1,0,-26,28,3013,761,19,762,3240,100593,6274
2077572,73,86,478,1010,30,0,395,101,90,11,1,0,-22,21,3013,761,18,762,3240,100592,6276
2078072,73,95,474,1010,30,0,395,101,90,11,1,0,-28,30,3013,761,21,764,3240,100590,6275
2078572,73,95,474,1010,30,0,395,101,90,11,1,0,-35,24,3013,761,19,764,3240,100592,6268
2079072,75,98,474,1010,30,0,395,101,90,11,1,0,-38,27,3018,761,20,762,3239,100593,6261
2079572,73,98,478,1010,30,0,395,101,90,11,1,0,-24,30,3018,761,13,762,3238,100593,6258
2080072,77,98,474,1010,30,0,395,101,90,11,1,0,-31,19,3013,761,18,762,3239,100593,6255
2080572,77,97,474,1010,30,0,395,101,90,11,1,0,-25,23,3018,761,16,762,3238,100593,6253
2081072,73,97,478,1010,30,0,395,101,90,11,1,0,-21,20,3018,761,18,762,3237,100591,6249
2081572,73,91,474,1010,30,0,395,101,90,11,1,0,-26,18,3013,760,24,764,3238,100592,6247
2082072,73,81,478,1010,30,0,395,101,90,11,1,0,-23,4,3013,761,18,762,3237,100593,6243
2082572,73,91,474,1010,30,0,395,101,90,11,1,0,-30,11,3013,761,18,762,3237,100591,6242
2083072,73,89,474,1010,30,0,395,101,90,11,1,0,-37,9,3008,761,18,762,3236,100593,6241
2083572,73,92,474,1010,30,0,395,101,90,11,1,0,-10,0,3023,760,17,762,3236,100594,6240
2084072,73,92,474,1010,30,0,395,101,90,11,1,0,-41,-2,3023,761,13,762,3236,100594,6240
2084572,73,82,478,1010,30,0,395,101,90,11,1,0,-45,1,3013,761,19,762,3236,100592,6238
2085072,69,79,478,1010,30,0,395,101,90,11,1,0,-31,4,3018,753,18,762,3235,100589,6239
2085572,69,69,478,1010,30,0,395,101,90,11,1,0,-34,-1,3008,761,21,762,3234,100595,6242
2086072,69,69,478,1010,30,0,395,101,90,11,1,0,-48,-2,3008,761,15,762,3234,100593,6244
2086572,69,86,474,1010,30,0,395,101,90,11,1,0,-27,-8,3018,756,14,762,3233,100594,6245
2087072,69,89,474,1010,30,0,395,101,90,11,1,0,-24,-8,3013,761,16,762,3232,100590,6247
2087572,69,91,478,1010,30,0,395,101,90,11,1,0,-27,-14,3018,761,9,762,3232,100594,6248
2088072,69,84,474,1010,30,0,395,101,90,11,1,0,-27,-23,3008,761,21,762,3232,100591,6250
2088572,69,73,478,1010,30,0,395,101,90,11,1,0,-36,-21,3008,761,13,762,3231,100592,6249
2089072,69,79,478,1010,30,0,395,101,90,11,1,0,-27,-21,3018,761,15,762,3230,100592,6250
2089572,71,77,474,1010,30,0,395,101,90,11,1,0,-36,-9,3008,761,18,762,3230,100591,6254
2090072,69,53,474,1010,30,0,395,101,90,11,1,0,-34,-1,3013,761,19,764,3230,100593,6268
2090572,69,86,474,1010,30,0,395,101,90,11,1,0,-30,4,3013,761,18,762,3230,100590,6274
2091072,69,89,474,1010,30,0,395,101,90,11,1,0,-36,5,3008,761,17,762,3230,100594,6276
2091572,69,91,474,1010,30,0,395,101,90,11,1,0,-37,2,3013,761,14,762,3230,100595,6280
2092072,69,126,474,1010,30,0,395,101,90,11,1,0,-30,-4,3008,761,17,762,3229,100593,6278
2092572,69,98,474,1010,30,0,395,101,90,11,1,0,-44,-12,3013,760,17,762,3230,100591,6281
2093072,69,95,474,1010,30,0,393,101,90,11,1,0,-37,-8,3008,761,20,762,3230,100591,6285
2093572,69,92,474,1010,30,0,395,101,90,11,1,0,-18,-10,3013,761,16,762,3229,100593,6292
2094072,69,100,474,1010,30,0,395,101,90,11,1,0,-32,-11,3018,761,19,762,3229,100595,6297
2094572,69,101,474,1010,30,0,395,101,90,11,1,0,-28,-11,3023,761,19,762,3229,100595,6296
2095072,69,107,474,1010,30,0,395,101,90,11,1,0,-35,-11,3008,760,15,764,3228,100594,6293
2095572,69,103,474,1010,30,0,395,101,90,11,1,0,-28,-20,3018,761,20,762,3228,100594,6286
2096072,69,87,474,1010,30,0,395,101,90,11,1,0,-20,-23,3008,761,19,762,3228,100592,6280
2096572,69,94,474,1010,30,0,395,101,90,11,1,0,-35,-20,3013,761,20,762,3228,100591,6275
2097072,69,91,474,1010,30,0,395,101,90,11,1,0,-29,-14,3018,754,21,762,3228,100594,6270
2097572,69,84,474,1010,30,0,395,101,90,11,1,0,-35,-7,3013,761,23,762,3227,100592,6268
2098072,69,92,474,1010,30,0,395,101,90,11,1,0,-30,-2,3008,761,18,762,3227,100592,6264
2098572,69,63,474,1010,30,0,395,101,90,11,1,0,-31,-9,3013,755,20,764,3227,100593,6267
2099072,69,67,474,1010,30,0,395,101,90,11,1,0,-30,-3,3013,761,14,762,3227,100591,6271
2099572,71,79,474,1010,30,0,395,101,90,11,1,0,-32,-3,3018,761,18,762,3227,100595,6279
2100072,69,77,474,1010,30,0,395,101,90,11,1,0,-31,-4,3013,756,16,762,3226,100591,6285
2100572,69,77,474,1010,30,0,395,101,90,11,1,0,-27,0,3013,761,19,762,3226,100594,6295
2101072,73,79,474,1010,30,0,395,101,90,11,1,0,-31,-1,3018,760,20,762,3225,100595,6295
2101572,69,97,474,1010,30,0,395,101,90,11,1,0,-27,0,3008,760,19,762,3225,100592,6294
2102072,69,94,474,1010,30,0,395,101,90,11,1,0,-30,-9,3008,761,19,762,3224,100594,6289
2102572,69,79,474,1010,30,0,395,101,90,11,1,0,-28,-5,3018,761,17,762,3224,100593,6286
2103072,69,94,474,1010,30,0,395,101,90,11,1,0,-33,-4,3013,759,22,762,3223,100596,6283
2103572,69,92,474,1010,30,0,395,101,90,11,1,0,-30,-5,3008,761,22,762,3223,100593,6283
2104072,69,63,474,1010,30,0,395,101,90,11,1,0,-17,-7,3013,761,20,762,3222,100593,6287
2104572,69,58,474,1010,30,0,395,101,90,11,1,0,-22,-1,3008,760,17,762,3222,100592,6292
2105072,69,44,474,1010,30,0,395,101,90,11,1,0,-33,-3,3008,761,19,762,3222,100594,6297
2105572,69,41,474,1010,30,0,395,101,90,11,1,0,-45,-6,3004,761,12,762,3222,100596,6305
2106072,69,58,474,1010,30,0,395,101,90,11,1,0,-37,-2,3013,761,17,762,3222,100594,6308
2106572,73,75,474,1010,30,0,395,101,90,11,1,0,-32,2,3013,760,19,762,3221,100595,6305
2107072,73,56,474,1010,30,0,395,101,90,11,1,0,-26,-18,2999,761,18,762,3221,100594,6304
2107572,69,81,474,1010,30,0,395,101,90,11,1,0,-48,0,3008,760,28,762,3221,100598,6303
2108072,73,63,474,1010,30,0,395,101,90,11,1,0,-35,0,2994,754,16,762,3220,100594,6303
2108572,73,79,474,1010,30,0,395,101,90,11,1,0,-37,10,2999,761,21,762,3219,100597,6304
2109072,73,89,474,1010,30,0,395,101,90,11,1,0,-26,-1,2999,761,11,762,3219,100592,6306
2109572,73,82,474,1010,30,0,395,101,90,11,1,0,-36,2,3008,761,19,762,3219,100596,6307
2110072,105,91,474,1010,30,0,395,101,90,11,1,0,-26,1,3008,761,15,762,3218,100593,6308
2110572,75,87,474,1010,30,0,395,101,90,11,1,0,-28,9,3013,760,14,762,3217,100593,6307
2111072,73,87,474,1010,30,0,395,101,90,11,1,0,-31,0,3008,761,18,762,3216,100592,6307
2111572,73,92,474,1010,30,0,395,101,90,11,1,0,-23,0,3013,761,21,762,3215,100594,6305
2112072,73,107,474,1010,30,0,395,101,90,11,1,0,-44,0,2999,761,20,762,3216,100594,6306
2112572,73,75,474,1010,30,0,395,101,90,11,1,0,-38,9,2994,761,23,762,3215,100596,6306
2113072,73,77,474,1010,30,0,395,101,90,11,1,0,-33,16,3008,760,21,762,3215,100597,6306
2113572,73,58,474,1010,30,0,395,101,90,11,1,0,-42,20,3013,761,13,762,3213,100595,6308
2114072,73,58,474,1010,30,0,395,101,90,11,1,0,-32,16,3013,761,20,762,3213,100597,6315
2114572,73,69,474,1010,30,0,395,101,90,11,1,0,-33,22,2999,761,16,762,3213,100596,6320
2115072,73,0,474,1010,30,0,395,101,90,11,1,0,-29,6,3004,761,20,762,3212,100597,6321
2115572,73,0,474,1010,30,0,395,101,90,11,1,0,-43,31,2999,761,16,762,3211,100598,6324
2116072,75,0,474,1010,30,0,395,101,90,11,1,0,-38,16,3008,761,18,762,3210,100598,6329
2116572,73,0,474,1010,30,0,395,101,90,11,1,0,-29,25,2999,760,15,762,3210,100600,6334
2117072,73,41,474,1010,30,0,395,101,90,11,1,0,-38,21,2994,761,18,762,3209,100598,6339
2117572,77,58,474,1010,30,0,395,101,90,11,1,0,-36,31,3004,761,20,762,3208,100599,6343
2118072,77,58,474,1010,30,0,395,101,90,11,1,0,-32,29,3004,760,21,762,3206,100599,6346
2118572,77,53,474,1010,30,0,395,101,90,11,1,0,-38,29,2994,761,20,762,3205,100601,6343
2119072,77,69,474,1010,30,0,395,101,90,11,1,0,3,34,2999,760,21,762,3205,100597,6337
2119572,73,61,474,1010,30,0,395,101,90,11,1,0,-38,25,2985,761,16,762,3204,100596,6332
2120072,73,58,474,1010,30,0,395,101,90,11,1,0,-21,38,2990,748,26,762,3203,100598,6331
2120572,73,79,474,1010,30,0,395,101,90,11,1,0,-27,37,2985,761,17,762,3202,100597,6336
2121072,75,23,474,1010,30,0,395,101,90,11,1,0,-35,22,2990,761,18,762,3202,100601,6340
2121572,75,63,474,1010,30,0,395,101,90,11,1,0,-31,27,2985,751,19,762,3201,100597,6342
2122072,73,65,474,1010,30,0,395,101,90,11,1,0,-35,27,2980,761,17,762,3200,100598,6346
2122572,73,109,474,1010,30,0,395,101,90,11,1,0,-30,27,2994,761,18,762,3199,100597,6349
2123072,73,86,474,1010,30,0,395,101,90,11,1,0,-30,28,2985,755,20,762,3198,100600,6352
2123572,73,79,474,1010,30,0,395,101,90,11,1,0,-34,30,2980,761,20,762,3197,100598,6359
2124072,73,107,474,1010,30,0,395,101,90,11,1,0,-29,24,2990,761,19,762,3197,100599,6363
2124572,73,95,474,1010,30,0,395,101,90,11,1,0,-32,32,2980,761,12,762,3196,100600,6362
2125072,73,75,474,1010,30,0,395,101,90,11,1,0,-36,32,2975,761,20,762,3195,100598,6364
2125572,73,65,474,1010,30,0,395,101,90,11,1,0,-36,34,2980,760,21,762,3193,100599,6368
2126072,73,84,474,1010,30,0,395,101,90,11,1,0,-32,34,2971,760,19,762,3192,100598,6372
2126572,73,111,474,1010,30,0,395,101,90,11,1,0,-34,32,2980,761,13,762,3192,100599,6377
2127072,73,87,474,1010,30,0,395,101,90,11,1,0,-27,32,2985,761,21,762,3192,100600,6381
2127572,73,41,474,1010,30,0,395,101,90,11,1,0,-27,37,2975,759,18,762,3191,100600,6384
2128072,73,63,474,1010,30,0,395,101,90,11,1,0,-32,19,2975,761,20,762,3191,100600,6386
2128572,73,79,474,1010,30,0,395,101,90,11,1,0,-40,29,2975,761,16,762,3190,100600,6389
2129072,73,47,474,1010,30,0,395,101,90,11,1,0,-33,39,2971,755,21,762,3190,100598,6392
2129572,73,50,474,1010,30,0,395,101,90,11,1,0,-36,46,2980,761,15,762,3190,100598,6395
2130072,73,82,474,1010,30,0,395,101,90,11,1,0,-30,40,2975,761,16,762,3189,100599,6399
2130572,73,65,474,1010,30,0,395,101,90,11,1,0,-34,36,2975,761,20,762,3188,100598,6403
2131072,73,79,474,1010,30,0,395,101,90,11,1,0,-32,42,2971,761,18,762,3187,100601,6406
2131572,75,77,474,1010,30,0,395,101,90,11,1,0,-37,38,2980,761,20,762,3186,100600,6408
2132072,73,71,474,1010,30,0,395,101,90,11,1,0,-34,36,2971,761,18,762,3186,100597,6412
2132572,73,87,474,1010,30,0,395,101,90,11,1,0,-29,45,2971,760,21,762,3185,100599,6417
2133072,73,71,474,1010,30,0,395,101,90,11,1,0,-29,36,2966,761,19,762,3184,100598,6423
2133572,73,86,474,1010,30,0,395,101,90,11,1,0,-21,38,2966,761,16,762,3183,100598,6428
2134072,73,67,474,1010,30,0,395,101,90,11,1,0,-32,50,2966,761,20,762,3182,100597,6434
2134572,73,87,474,1010,30,0,395,101,90,11,1,0,-37,48,2966,761,19,762,3181,100598,6440
2135072,73,53,474,1010,30,0,395,101,90,11,1,0,-30,37,2971,761,15,762,3180,100596,6443
2135572,73,37,474,1010,30,0,395,101,90,11,1,0,-36,41,2966,760,27,762,3179,100596,6446
2136072,73,56,474,1010,30,0,395,101,90,11,1,0,-28,45,2980,760,20,762,3179,100598,6450
2136572,73,37,474,1010,30,0,395,101,90,11,1,0,-28,49,2966,760,25,762,3178,100596,6456
2137072,73,41,474,1010,30,0,395,101,90,11,1,0,-34,41,2971,761,20,762,3178,100596,6460
2137572,73,23,474,1010,30,0,395,101,90,11,1,0,-24,49,2971,760,17,762,3177,100598,6471
2138072,73,61,474,1010,30,0,395,101,90,11,1,0,-28,47,2971,759,24,762,3177,100597,6479
2138572,73,0,474,1010,30,0,395,101,90,11,1,0,-32,28,2961,761,17,762,3176,100597,6486
2139072,73,0,474,1010,30,0,395,101,90,11,1,0,-41,33,2966,760,21,762,3176,100594,6480
2139572,73,0,474,1010,30,0,395,101,90,11,1,0,-30,48,2961,756,29,762,3175,100596,6479
2140072,73,77,474,1010,30,0,395,101,90,11,1,0,-27,33,2961,761,15,762,3174,100597,6477
2140572,73,0,474,1010,30,0,395,101,90,11,1,0,-38,35,2957,760,20,762,3173,100596,6479
2141072,73,0,474,1010,30,0,395,101,90,11,1,0,-26,35,2966,759,23,762,3173,100599,6481
2141572,73,0,474,1010,30,0,395,101,90,11,1,0,-25,34,2961,761,15,762,3172,100598,6483
2142072,73,56,474,1010,30,0,395,101,90,11,1,0,-31,37,2971,761,20,762,3171,100596,6484
2142572,75,0,474,1010,30,0,395,101,90,11,1,0,-25,41,2966,760,22,762,3171,100598,6486
2143072,73,44,474,1010,30,0,395,101,90,11,1,0,-74,33,2952,761,17,762,3170,100597,6486
2143572,73,29,474,1010,30,0,395,101,90,11,1,0,-45,41,2966,761,20,762,3169,100598,6486
2144072,73,50,474,1010,30,0,395,101,90,11,1,0,-16,80,2957,760,14,762,3168,100598,6489
2144572,73,33,474,1010,30,0,395,101,90,11,1,0,-30,26,2957,760,25,762,3167,100598,6489
2145072,73,65,471,1010,30,0,395,101,90,11,1,0,8,31,2961,761,17,762,3167,100596,6488
2145572,77,92,471,1010,30,0,395,101,90,11,1,0,-64,66,2961,760,20,762,3167,100596,6486
2146072,77,84,474,1010,30,0,395,101,90,11,1,0,-6,-11,2957,760,17,762,3167,100595,6483
2146572,77,116,471,1010,30,0,395,101,90,11,1,0,-78,29,2961,761,11,762,3166,100596,6482
2147072,77,104,471,1010,30,0,395,101,90,11,1,0,-44,14,2961,760,23,762,3166,100598,6481
2147572,77,107,471,1010,30,0,395,101,90,11,1,0,-62,31,2952,753,17,762,3165,100596,6483
2148072,77,92,471,1010,30,0,395,101,90,11,1,0,-17,40,2961,761,14,762,3164,100598,6487
2148572,77,131,471,1010,30,0,395,101,90,11,1,0,-160,-39,2947,760,18,762,3162,100596,6493
2149072,77,126,471,1010,30,0,395,101,90,11,1,0,-67,41,2943,756,10,762,3160,100594,6496
2149572,77,136,471,1010,29,0,395,101,90,11,1,0,-112,12,2957,761,15,762,3159,100595,6498
2150072,77,135,471,1010,30,0,395,101,90,11,1,0,-73,25,2957,761,12,762,3159,100598,6500
2150572,77,141,471,1010,30,0,395,101,90,11,1,0,-8,49,2961,756,15,762,3158,100595,6501
2151072,77,124,471,1010,30,0,395,101,90,11,1,0,-79,47,2961,761,14,762,3158,100594,6502
2151572,77,133,471,1010,30,0,395,101,90,11,1,0,-91,0,2952,761,19,762,3157,100598,6504
2152072,77,118,471,1010,30,0,395,101,90,11,1,0,-70,46,2952,761,9,762,3157,100595,6504
2152572,79,122,471,1010,29,0,395,101,90,11,1,0,-62,18,2961,760,23,762,3157,100598,6506
2153072,77,125,471,1010,30,0,395,101,90,11,1,0,-68,61,2952,760,21,762,3157,100594,6510
2153572,77,126,471,1010,30,0,395,101,90,11,1,0,-73,52,2961,760,26,762,3157,100596,6510
2154072,77,126,471,1010,30,0,395,101,90,11,1,0,-63,10,2952,761,20,762,3158,100593,6510
2154572,77,131,471,1010,30,0,393,101,90,11,1,0,-61,38,2952,761,21,762,3156,100597,6514
2155072,77,125,471,1010,30,0,395,101,90,11,1,0,-72,16,2947,760,20,762,3156,100596,6518
2155572,77,122,471,1010,30,0,395,101,90,11,1,0,-45,10,2961,761,18,762,3155,100600,6524
2156072,77,122,471,1010,29,0,395,101,90,11,1,0,-111,-8,2952,761,20,762,3155,100596,6527
2156572,77,120,471,1010,30,0,395,101,90,11,1,0,-70,-2,2952,760,20,762,3154,100595,6532
2157072,73,91,471,1010,29,0,395,101,90,11,1,0,-58,27,2957,760,23,762,3155,100596,6537
2157572,73,95,471,1010,29,0,395,101,90,11,1,0,-49,17,2961,760,10,762,3154,100597,6538
2158072,69,130,471,1010,30,0,395,101,90,11,1,0,-36,-51,2966,761,13,762,3154,100596,6542
2158572,69,125,471,1010,29,0,395,101,90,11,1,0,-57,-16,2957,761,14,762,3153,100594,6547
2159072,69,119,471,1010,30,0,395,101,90,11,1,0,-37,-8,2952,761,16,762,3154,100597,6554
2159572,73,132,471,1010,30,0,395,101,90,11,1,0,-10,1,2952,760,14,762,3152,100598,6563
2160072,69,153,471,1010,29,0,395,101,90,11,1,0,-7,87,2961,760,25,762,3152,100595,6569
2160572,69,155,471,1010,29,0,395,101,90,11,1,0,-78,-50,2952,760,25,762,3153,100596,6569
2161072,73,177,471,1010,29,0,395,101,90,11,1,0,-51,-238,2961,747,30,762,3154,100598,6570
2161572,73,187,471,1010,30,0,393,101,90,11,1,0,-294,166,2952,762,8,762,3154,100597,6569
2162072,73,186,471,1010,30,0,395,101,90,11,1,0,44,61,2961,760,23,762,3155,100597,6570
2162572,75,192,467,1010,30,0,395,101,90,11,1,0,-226,234,2966,745,30,762,3155,100596,6567
2163072,69,211,471,1010,30,0,395,101,90,11,1,0,298,47,2961,760,22,762,3154,100598,6563
2163572,73,197,471,1010,30,0,395,101,90,11,1,0,-243,-145,2952,760,23,762,3153,100595,6563
2164072,73,204,471,1010,30,0,395,101,90,11,1,0,118,-204,2952,761,5,762,3154,100594,6561
2164572,71,212,478,1010,30,0,395,101,90,11,1,0,-221,0,2957,760,18,762,3154,100601,6564
2165072,71,217,481,1010,30,0,395,101,90,11,1,0,-243,52,2957,755,18,762,3153,100598,6568
2165572,73,214,478,1010,30,0,395,101,90,11,1,0,-487,265,2952,760,13,762,3154,100597,6570
2166072,73,212,481,1010,30,0,395,101,90,11,1,0,-40,42,2947,761,21,762,3153,100596,6563
2166572,73,206,481,1010,30,0,395,101,90,11,1,0,34,-161,2952,761,15,762,3152,100597,6552
2167072,73,210,478,1010,30,0,395,101,90,11,1,0,-7,103,2947,760,19,762,3152,100597,6546
2167572,73,212,474,1010,30,0,395,101,90,11,1,0,42,289,2957,760,20,762,3152,100595,6545
2168072,73,213,478,1010,30,0,395,101,90,11,1,0,126,36,2957,761,14,762,3153,100598,6544
2168572,73,210,478,1010,30,0,395,101,90,11,1,0,-587,-32,2957,760,16,762,3153,100597,6545
2169072,73,205,481,1010,30,0,395,101,90,11,1,0,-304,247,2961,760,25,762,3153,100596,6551
2169572,73,227,478,1010,30,0,393,101,90,11,1,0,-506,-53,2952,760,24,762,3152,100595,6556
2170072,73,230,481,1010,30,0,395,101,90,11,1,0,478,141,2957,761,16,762,3154,100597,6557
2170572,77,230,481,1010,30,0,395,101,90,11,1,0,-427,216,2957,761,21,762,3154,100597,6555
2171072,73,235,485,1010,29,0,395,101,90,11,1,0,-574,83,2943,760,24,762,3153,100595,6552
2171572,69,221,481,1010,30,0,395,101,90,11,1,0,652,-163,2957,761,16,762,3153,100593,6548
2172072,73,216,481,1010,30,0,395,101,90,11,1,0,-439,310,2957,761,15,762,3154,100595,6544
2172572,69,216,478,1010,30,0,395,101,90,11,1,0,159,-66,2947,761,16,762,3155,100597,6543
2173072,69,210,478,1010,30,0,395,101,90,11,1,0,-78,252,2957,761,5,762,3155,100596,6543
2173572,75,215,478,1010,30,0,395,101,90,11,1,0,450,267,2952,760,30,762,3155,100596,6545
2174072,73,232,481,1010,30,0,395,101,90,11,1,0,133,-242,2952,761,11,762,3156,100596,6550
2174572,73,223,481,1010,30,0,395,101,90,11,1,0,-613,346,2947,760,17,761,3155,100599,6552
2175072,73,221,478,1010,30,0,395,101,90,11,1,0,91,-20,2957,760,19,762,3154,100598,6547
2175572,73,211,478,1010,30,0,395,101,90,11,1,0,-136,-197,2947,761,18,762,3156,100598,6545
2176072,73,198,474,1010,30,0,395,101,90,11,1,0,266,-71,2952,760,25,762,3156,100599,6542
2176572,73,207,478,1010,30,0,393,101,90,11,1,0,-651,46,2952,761,10,762,3157,100597,6541
2177072,69,188,474,1010,29,0,395,101,90,11,1,0,-38,-176,2957,760,23,762,3158,100596,6538
2177572,69,145,471,1010,30,0,395,101,90,11,1,0,19,47,2947,760,21,762,3158,100597,6537
2178072,73,127,471,1010,30,0,395,101,90,11,1,0,-22,20,2938,761,19,762,3159,100596,6535
2178572,73,126,471,1010,29,0,395,101,90,11,1,0,-28,30,2943,760,20,762,3160,100596,6532
2179072,73,107,471,1010,30,0,395,101,90,11,1,0,-32,29,2952,760,21,762,3161,100600,6531
2179572,73,125,471,1010,29,0,395,101,90,11,1,0,-38,31,2952,760,21,762,3160,100598,6531
2180072,73,113,471,1010,30,0,395,101,90,11,1,0,-30,21,2943,761,12,762,3161,100598,6531
2180572,73,84,471,1010,30,0,395,101,90,11,1,0,-39,19,2943,754,23,762,3163,100598,6529
2181072,73,102,471,1010,29,0,395,101,90,11,1,0,-42,30,2957,760,20,762,3164,100600,6527
2181572,73,122,471,1010,30,0,395,101,90,11,1,0,-39,-19,2943,760,14,762,3166,100600,6526
2182072,73,131,471,1010,30,0,395,101,90,11,1,0,-37,-39,2952,760,9,762,3166,100599,6524
2182572,73,104,471,1010,30,0,395,101,90,11,1,0,-43,18,2957,761,22,762,3167,100599,6520
2183072,77,111,471,1010,30,0,395,101,90,11,1,0,-36,45,2952,761,20,762,3166,100599,6518
2183572,77,122,471,1010,29,0,395,101,90,11,1,0,-29,9,2943,756,21,762,3166,100599,6516
2184072,79,120,471,1010,30,0,395,101,90,11,1,0,-71,42,2943,760,19,761,3167,100598,6515
2184572,77,127,471,1010,30,0,395,101,90,11,1,0,-59,0,2952,760,26,762,3168,100596,6517
2185072,77,130,471,1010,30,0,395,101,90,11,1,0,-85,39,2943,760,25,762,3168,100596,6518
2185572,77,132,471,1010,30,0,395,101,90,11,1,0,-71,18,2961,756,23,762,3168,100596,6518
2186072,77,118,471,1010,30,0,395,101,90,11,1,0,-61,32,2952,760,15,761,3169,100597,6521
2186572,77,117,471,1010,30,0,395,101,90,11,1,0,-56,5,2947,759,29,762,3169,100600,6517
2187072,75,127,471,1010,30,0,395,101,90,11,1,0,-78,9,2943,760,28,762,3169,100596,6513
2187572,77,109,471,1010,30,0,395,101,90,11,1,0,-59,-1,2957,761,10,762,3170,100598,6506
2188072,73,117,471,1010,30,0,395,101,90,11,1,0,-83,22,2943,761,5,762,3170,100597,6501
2188572,73,113,471,1010,30,0,395,101,90,11,1,0,-76,14,2943,760,20,762,3170,100597,6499
2189072,73,0,471,1010,29,0,395,101,90,11,1,0,-64,29,2952,761,16,762,3170,100598,6495
2189572,73,0,471,1010,29,0,395,101,90,11,1,0,-69,20,2952,761,20,762,3170,100596,6493
2190072,73,102,471,1010,30,0,395,101,90,11,1,0,-25,43,2952,759,14,762,3169,100596,6491
2190572,73,104,471,1010,30,0,395,101,90,11,1,0,-38,35,2947,761,13,762,3169,100597,6493
2191072,73,131,471,1010,30,0,395,101,90,11,1,0,-19,25,2952,760,19,762,3170,100598,6494
2191572,73,123,471,1010,29,0,395,101,90,11,1,0,-25,19,2952,751,22,761,3169,100598,6492
2192072,73,107,471,1010,30,0,395,101,90,11,1,0,-43,26,2947,760,21,762,3169,100597,6487
2192572,73,123,471,1010,29,0,395,101,90,11,1,0,-44,16,2952,761,16,762,3169,100597,6485
2193072,73,105,471,1010,30,0,395,101,90,11,1,0,-32,24,2947,761,15,762,3169,100598,6482
2193572,73,114,471,1010,30,0,395,101,90,11,1,0,-35,15,2957,761,11,761,3170,100599,6481
2194072,73,111,471,1010,29,0,395,101,90,11,1,0,-47,23,2943,761,13,762,3170,100601,6479
2194572,75,102,471,1010,29,0,395,101,90,11,1,0,-57,23,2943,761,16,762,3169,100599,6475
2195072,73,105,471,1010,29,0,395,101,90,11,1,0,-39,20,2943,761,19,762,3169,100599,6474
2195572,73,86,471,1010,29,0,395,101,90,11,1,0,-42,26,2938,761,17,762,3168,100601,6478
2196072,73,118,471,1010,29,0,395,101,90,11,1,0,-52,18,2947,760,21,762,3168,100600,6483
2196572,73,116,471,1010,29,0,395,101,90,11,1,0,-57,24,2938,760,20,762,3168,100600,6488
2197072,73,120,471,1010,29,0,395,101,90,11,1,0,-41,29,2943,761,15,762,3167,100598,6493
2197572,73,114,471,1010,30,0,395,101,90,11,1,0,-40,25,2928,761,11,762,3167,100599,6498
2198072,73,148,471,1010,29,0,395,101,90,11,1,0,-45,23,2938,760,18,762,3167,100598,6504
2198572,73,125,471,1010,29,0,395,101,90,11,1,0,-35,33,2933,760,22,762,3167,100600,6508
2199072,73,118,471,1010,29,0,395,101,90,11,1,0,-67,31,2947,761,19,762,3166,100597,6509
2199572,73,113,471,1010,29,0,395,101,90,11,1,0,-48,27,2943,760,28,762,3166,100598,6512
2200072,73,125,471,1010,29,0,395,101,90,11,1,0,-47,30,2947,760,15,762,3165,100598,6512
2200572,73,128,471,1010,29,0,395,101,90,11,1,0,-38,38,2943,761,18,762,3165,100597,6510
2201072,73,117,471,1010,29,0,395,101,90,11,1,0,-43,22,2947,761,8,761,3164,100596,6511
2201572,73,81,471,1010,29,0,395,101,90,11,1,0,-40,15,2943,760,16,761,3164,100598,6517
2202072,73,120,471,1010,29,0,395,101,90,11,1,0,-35,23,2943,761,16,762,3163,100597,6520
2202572,73,104,471,1010,29,0,395,101,90,11,1,0,-44,25,2933,760,20,762,3163,100596,6515
2203072,69,122,471,1010,29,0,395,101,90,11,1,0,-39,25,2943,760,21,761,3163,100598,6512
2203572,73,125,471,1010,30,0,395,101,90,11,1,0,-36,24,2947,761,13,762,3162,100599,6508
2204072,73,124,471,1010,29,0,395,101,90,11,1,0,-38,27,2938,761,17,762,3161,100596,6508
2204572,75,117,471,1010,30,0,395,101,90,11,1,0,-39,26,2938,760,15,762,3160,100597,6509
2205072,73,120,471,1010,29,0,395,101,90,11,1,0,-33,32,2943,760,19,762,3159,100597,6514
2205572,71,79,471,1010,29,0,395,101,90,11,1,0,-36,34,2943,760,19,762,3159,100597,6517
2206072,69,0,471,1010,29,0,395,101,90,11,1,0,-38,30,2938,760,17,762,3157,100600,6523
2206572,69,0,471,1010,29,0,395,101,90,11,1,0,-43,33,2933,758,18,762,3157,100596,6526
2207072,69,23,471,1010,29,0,395,101,90,11,1,0,-44,34,2933,761,20,762,3157,100596,6530
2207572,69,97,471,1010,29,0,395,101,90,11,1,0,-35,44,2933,761,11,762,3157,100597,6535
2208072,73,102,471,1010,29,0,395,101,90,11,1,0,-40,36,2933,754,20,762,3156,100598,6540
2208572,73,87,471,1010,29,0,395,101,90,11,1,0,-52,117,2938,761,16,761,3156,100598,6545
2209072,73,114,471,1010,29,0,395,101,90,11,1,0,-105,21,2933,760,23,762,3155,100600,6547
2209572,73,101,471,1010,29,0,395,101,90,11,1,0,-30,58,2933,752,21,762,3155,100599,6550
2210072,73,122,471,1010,29,0,395,101,90,11,1,0,-53,17,2943,761,24,762,3154,100598,6554
2210572,73,135,471,1010,29,0,393,101,90,11,1,0,-47,1,2928,761,18,761,3153,100599,6559
2211072,73,143,471,1010,29,0,393,101,90,11,1,0,-113,7,2928,760,7,762,3152,100599,6566
2211572,75,132,471,1010,29,0,395,101,90,11,1,0,-63,-3,2933,761,16,762,3153,100597,6570
2212072,77,138,471,1010,29,0,395,101,90,11,1,0,-56,31,2938,761,13,762,3154,100600,6575
2212572,77,136,471,1010,29,0,395,101,90,11,1,0,-50,5,2938,760,20,762,3154,100601,6576
2213072,77,126,471,1010,29,0,395,101,90,11,1,0,-89,9,2933,761,17,762,3153,100596,6576
2213572,73,126,471,1010,29,0,395,101,90,11,1,0,-65,37,2938,761,18,762,3153,100600,6578
2214072,73,154,471,1010,29,0,395,101,90,11,1,0,-42,-13,2933,761,15,762,3152,100598,6580
2214572,73,137,471,1010,29,0,395,101,90,11,1,0,-31,56,2928,761,17,762,3153,100599,6584
2215072,69,132,471,1010,29,0,395,101,90,11,1,0,-56,35,2943,760,19,762,3153,100595,6585
2215572,69,141,471,1010,29,0,395,101,90,11,1,0,-36,22,2933,761,12,762,3154,100598,6585
2216072,71,139,471,1010,29,0,395,101,90,11,1,0,-34,25,2938,760,21,762,3155,100597,6585
2216572,71,147,471,1010,29,0,395,101,90,11,1,0,-26,16,2952,761,15,762,3155,100598,6584
2217072,69,137,471,1010,29,0,395,101,90,11,1,0,-29,19,2943,761,5,762,3155,100597,6583
2217572,69,148,471,1010,29,0,395,101,90,11,1,0,-19,25,2938,761,8,762,3155,100598,6583
2218072,69,147,471,1010,29,0,395,101,90,11,1,0,-18,13,2943,760,17,762,3155,100599,6581
2218572,73,141,471,1010,29,0,395,101,90,11,1,0,80,34,2943,761,15,762,3153,100594,6582
2219072,73,163,471,1010,29,0,395,101,90,11,1,0,35,186,2943,761,15,762,3153,100597,6587
2219572,73,161,471,1010,29,0,395,101,90,11,1,0,4,-51,2943,760,15,762,3153,100598,6591
2220072,73,180,467,1010,29,0,395,101,90,11,1,0,-86,172,2943,761,6,761,3152,100598,6592
2220572,73,167,467,1010,29,0,395,101,90,11,1,0,165,-119,2928,760,16,762,3151,100598,6592
2221072,73,197,467,1010,29,0,395,101,90,11,1,0,147,-132,2933,760,14,762,3152,100597,6594
2221572,73,202,464,1010,29,0,395,101,90,11,1,0,257,-10,2933,760,21,762,3151,100598,6595
2222072,73,204,464,1010,29,0,395,101,90,11,1,0,-144,-185,2933,761,6,762,3151,100598,6589
2222572,73,186,464,1010,29,0,395,101,90,11,1,0,23,11,2943,761,5,762,3152,100597,6584
2223072,73,192,464,1010,29,0,395,101,90,11,1,0,-417,213,2943,759,15,762,3152,100598,6581
2223572,73,196,464,1010,29,0,395,101,90,11,1,0,-68,-90,2928,756,29,762,3152,100599,6574
2224072,73,175,460,1010,29,0,395,101,90,11,1,0,-8,-40,2943,761,5,762,3152,100601,6571
2224572,73,167,460,1010,29,0,395,101,90,11,1,0,-68,29,2933,761,15,762,3152,100600,6572
2225072,73,150,457,1010,29,0,395,101,90,11,1,0,-48,17,2928,761,11,762,3152,100599,6573
2225572,69,116,457,1010,29,0,395,101,90,11,1,0,-43,23,2938,761,12,761,3153,100601,6572
2226072,69,122,460,1010,29,0,395,101,90,11,1,0,-39,30,2943,753,23,761,3155,100599,6570
2226572,73,127,457,1010,29,0,395,101,90,11,1,0,-35,37,2943,760,19,762,3155,100601,6569
2227072,75,126,460,1010,29,0,395,101,90,11,1,0,-46,36,2938,760,17,761,3155,100599,6565
2227572,71,127,460,1010,29,0,395,101,90,11,1,0,-72,13,2924,758,14,761,3153,100599,6558
2228072,69,118,457,1010,29,0,395,101,90,11,1,0,-40,27,2933,760,12,762,3153,100600,6557
2228572,73,134,457,1010,29,0,395,101,90,11,1,0,-52,34,2933,760,23,762,3155,100598,6555
2229072,73,137,460,1010,30,0,395,101,90,11,1,0,-96,34,2928,758,21,762,3156,100600,6552
2229572,73,111,457,1010,29,0,395,101,90,11,1,0,-116,16,2938,761,19,761,3157,100601,6552
2230072,73,105,460,1010,29,0,395,101,90,11,1,0,-55,7,2943,761,14,762,3156,100598,6556
2230572,77,127,460,1010,29,0,395,101,90,11,1,0,-82,32,2938,756,18,761,3157,100599,6558
2231072,77,124,457,1010,29,0,395,101,90,11,1,0,-90,-23,2933,761,21,762,3157,100600,6560
2231572,77,134,457,1010,29,0,395,101,90,11,1,0,-68,57,2943,760,23,762,3159,100600,6560
2232072,77,114,457,1010,29,0,395,101,90,11,1,0,-95,93,2938,760,28,761,3160,100603,6559
2232572,77,91,457,1010,29,0,395,101,90,11,1,0,-75,46,2933,760,20,762,3161,100599,6559
2233072,77,56,460,1010,29,0,395,101,90,11,1,0,-72,23,2938,761,19,761,3162,100598,6559
2233572,77,92,457,1010,29,0,395,101,90,11,1,0,-25,20,2947,760,27,762,3162,100599,6558
2234072,77,69,457,1010,29,0,395,101,90,11,1,0,-86,-25,2938,760,17,762,3162,100600,6559
2234572,77,37,457,1010,29,0,395,101,90,11,1,0,-57,-8,2943,760,25,762,3163,100601,6563
2235072,77,0,457,1010,29,0,395,101,90,11,1,0,-85,22,2947,761,15,761,3163,100599,6568
2235572,77,61,457,1010,29,0,395,101,90,11,1,0,-69,21,2938,761,17,761,3163,100598,6574
2236072,73,81,457,1010,29,0,395,101,90,11,1,0,-43,26,2938,761,11,761,3163,100600,6579
2236572,73,79,457,1010,29,0,395,101,90,11,1,0,-36,44,2938,760,18,762,3163,100600,6585
2237072,73,118,457,1010,30,0,395,101,90,11,1,0,-60,40,2943,760,18,761,3163,100599,6595
2237572,75,108,457,1010,30,0,395,101,90,11,1,0,-38,41,2928,760,20,761,3163,100602,6602
2238072,75,105,457,1010,30,0,395,101,90,11,1,0,-40,38,2943,760,21,761,3163,100603,6595
2238572,73,111,457,1010,29,0,395,101,90,11,1,0,-52,45,2943,760,17,761,3163,100599,6598
2239072,73,127,457,1010,29,0,395,101,90,11,1,0,-93,44,2933,760,17,761,3163,100599,6600
2239572,73,126,457,1010,29,0,395,101,90,11,1,0,-36,49,2928,761,16,761,3163,100599,6604
2240072,73,108,457,1010,29,0,395,101,90,11,1,0,-43,63,2933,760,21,761,3163,100596,6606
2240572,73,111,457,1010,30,0,395,101,90,11,1,0,-31,46,2933,760,20,762,3163,100600,6611
2241072,73,113,457,1010,29,0,395,101,90,11,1,0,-89,47,2933,759,23,761,3163,100599,6614
2241572,73,89,457,1010,29,0,395,101,90,11,1,0,-22,52,2938,760,14,761,3163,100602,6617
2242072,73,119,457,1010,29,0,395,101,90,11,1,0,-43,28,2938,760,17,761,3163,100601,6619
2242572,73,108,457,1010,29,0,395,101,90,11,1,0,-100,30,2938,758,26,761,3163,100601,6618
2243072,71,89,457,1010,29,0,393,101,90,11,1,0,-130,46,2928,760,23,762,3162,100600,6607
2243572,73,91,457,1010,29,0,395,101,90,11,1,0,88,99,2947,760,28,762,3162,100597,6597
2244072,73,87,457,1010,29,0,395,101,90,11,1,0,-124,-68,2933,748,19,762,3162,100599,6587
2244572,73,86,453,1010,29,0,395,101,90,11,1,0,-194,82,2938,760,20,761,3162,100602,6585
2245072,73,91,446,1010,29,0,395,101,90,11,1,0,224,77,2928,760,21,762,3162,100602,6588
2245572,73,53,442,1010,29,0,395,101,90,11,1,0,-340,1,2933,759,22,762,3162,100598,6592
2246072,73,0,435,1010,29,0,395,101,90,11,1,0,389,-78,2938,760,17,762,3162,100600,6594
2246572,73,0,425,1010,29,0,395,101,90,11,1,0,56,72,2938,760,20,761,3163,100598,6597
2247072,69,0,418,1010,29,0,395,101,90,11,1,0,-75,156,2924,761,5,762,3163,100599,6600
2247572,73,0,414,1010,29,0,395,101,90,11,1,0,34,-135,2928,761,15,761,3163,100599,6602
2248072,73,16,411,1010,30,0,393,101,90,11,1,0,362,7,2938,760,17,761,3163,100601,6603
2248572,73,53,404,1010,29,0,395,101,90,11,1,0,-225,-166,2938,755,21,762,3163,100600,6604
2249072,73,33,400,1010,29,0,395,101,90,11,1,0,-194,-150,2938,761,8,762,3163,100603,6602
2249572,73,41,400,1010,29,0,395,101,90,11,1,0,-181,-166,2943,760,25,762,3163,100603,6595
2250072,73,67,397,1010,30,0,395,101,90,11,1,0,-33,-10,2938,760,21,762,3163,100600,6590
2250572,73,0,393,1010,29,0,395,101,90,11,1,0,44,83,2924,759,7,762,3163,100603,6589
2251072,73,0,390,1010,29,0,395,101,90,11,1,0,-22,390,2928,760,22,761,3163,100602,6589
2251572,69,0,386,1010,29,0,395,101,90,11,1,0,-135,-161,2928,760,27,761,3164,100602,6590
2252072,73,0,386,1010,29,0,395,101,90,11,1,0,506,177,2938,754,26,762,3164,100600,6592
2252572,71,0,383,1010,29,0,393,101,90,11,1,0,0,-7,2933,760,14,762,3165,100600,6594
2253072,73,53,383,1010,29,0,395,101,90,11,1,0,139,-33,2933,758,27,762,3164,100601,6591
2253572,73,86,383,1010,29,0,395,101,90,11,1,0,21,25,2933,761,13,761,3164,100601,6590
2254072,73,124,383,1010,29,0,395,101,90,11,1,0,-30,24,2938,760,25,761,3164,100605,6594
2254572,73,119,383,1010,29,0,395,101,90,11,1,0,-17,21,2938,760,17,761,3164,100603,6597
2255072,73,108,383,1010,29,0,395,101,90,11,1,0,-37,34,2938,760,20,762,3164,100603,6599
2255572,73,111,383,1010,29,0,395,101,90,11,1,0,-31,27,2933,760,20,761,3163,100602,6602
2256072,73,97,383,1010,29,0,395,101,90,11,1,0,-24,121,2933,760,20,761,3164,100605,6603
2256572,73,95,383,1010,29,0,395,101,90,11,1,0,-25,25,2938,760,15,761,3163,100601,6599
2257072,73,98,383,1010,29,0,395,101,90,11,1,0,-29,35,2928,760,16,762,3163,100602,6598
2257572,73,94,383,1010,29,0,395,101,90,11,1,0,-50,7,2924,760,22,762,3163,100602,6601
2258072,73,91,383,1010,29,0,395,101,90,11,1,0,-57,18,2933,759,26,761,3163,100601,6604
2258572,73,77,386,1010,29,0,395,101,90,11,1,0,-7,38,2924,760,18,761,3162,100601,6603
2259072,73,87,383,1010,30,0,395,101,90,11,1,0,-22,40,2933,761,17,761,3161,100600,6594
2259572,73,105,383,1010,29,0,395,101,90,11,1,0,-33,44,2938,760,21,762,3161,100600,6590
2260072,75,108,383,1010,29,0,395,101,90,11,1,0,-25,58,2924,759,19,761,3160,100601,6588
2260572,75,91,383,1010,29,0,395,101,90,11,1,0,-26,42,2924,760,23,761,3159,100601,6589
2261072,73,118,383,1010,29,0,395,101,90,11,1,0,-32,21,2938,760,17,761,3159,100597,6585
2261572,73,116,386,1010,29,0,395,101,90,11,1,0,-30,45,2924,759,28,761,3159,100600,6582
2262072,73,125,383,1010,29,0,395,101,90,11,1,0,-29,102,2928,752,29,761,3158,100600,6585
2262572,73,114,386,1010,29,0,395,101,90,11,1,0,-30,50,2928,760,26,761,3159,100600,6590
2263072,73,107,383,1010,29,0,395,101,90,11,1,0,-32,52,2928,760,19,761,3158,100600,6593
2263572,73,130,383,1010,30,0,395,101,90,11,1,0,-33,37,2924,752,23,761,3158,100602,6596
2264072,73,89,386,1010,29,0,395,101,90,11,1,0,-28,55,2933,760,17,761,3157,100603,6603
2264572,73,109,383,1010,29,0,395,101,90,11,1,0,-25,41,2933,760,12,761,3157,100600,6608
2265072,73,118,383,1010,29,0,395,101,90,11,1,0,-28,50,2924,755,20,762,3157,100600,6611
2265572,73,120,386,1010,29,0,395,101,90,11,1,0,-30,45,2924,761,14,761,3156,100601,6610
2266072,73,98,383,1010,30,0,395,101,90,11,1,0,-18,45,2919,760,20,761,3156,100600,6609
2266572,73,119,383,1010,30,0,395,101,90,11,1,0,-33,54,2924,751,10,761,3156,100604,6610
2267072,73,114,383,1010,29,0,395,101,90,11,1,0,-40,75,2924,761,15,761,3156,100600,6610
2267572,73,120,386,1010,29,0,395,101,90,11,1,0,-32,48,2914,761,12,761,3155,100602,6613
2268072,73,122,383,1010,29,0,395,101,90,11,1,0,-25,43,2910,751,18,761,3155,100599,6619
2268572,73,113,383,1010,29,0,395,101,90,11,1,0,-29,38,2928,760,17,761,3154,100601,6626
2269072,73,126,386,1010,29,0,395,101,90,11,1,0,-26,46,2924,760,27,761,3154,100600,6630
2269572,73,127,383,1010,30,0,395,101,90,11,1,0,-21,43,2928,760,22,761,3153,100602,6630
2270072,73,111,383,1010,29,0,395,101,90,11,1,0,-36,42,2924,760,20,761,3153,100601,6627
2270572,75,111,383,1010,29,0,395,101,90,11,1,0,-32,41,2928,760,17,761,3154,100602,6620
2271072,73,87,386,1010,29,0,395,101,90,11,1,0,-24,42,2938,760,18,761,3153,100600,6614
2271572,73,69,383,1010,29,0,395,101,90,11,1,0,-36,33,2933,760,16,761,3153,100599,6609
2272072,73,67,383,1010,29,0,395,101,90,11,1,0,-23,47,2919,761,14,761,3152,100601,6608
2272572,73,91,383,1010,29,0,395,101,90,11,1,0,-36,48,2933,761,14,761,3152,100602,6607
2273072,73,112,383,1010,29,0,395,101,90,11,1,0,-18,50,2924,760,22,761,3151,100600,6608
2273572,73,112,383,1010,29,0,395,101,90,11,1,0,-15,-2,2924,761,13,761,3151,100601,6606
2274072,73,100,383,1010,29,0,395,101,90,11,1,0,-34,55,2919,760,21,761,3150,100601,6603
2274572,73,105,386,1010,29,0,393,101,90,11,1,0,-31,30,2924,760,16,761,3150,100603,6603
2275072,73,123,383,1010,29,0,395,101,90,11,1,0,-31,73,2924,760,18,761,3150,100604,6602
2275572,73,114,383,1010,29,0,395,101,90,11,1,0,-34,63,2919,761,20,761,3149,100603,6602
2276072,73,134,383,1010,30,0,395,101,90,11,1,0,-43,36,2924,760,16,761,3148,100598,6597
2276572,73,118,386,1010,29,0,395,101,90,11,1,0,-23,48,2924,760,12,761,3148,100600,6594
2277072,73,137,383,1010,29,0,395,101,90,11,1,0,-20,47,2919,760,20,761,3147,100604,6591
2277572,73,127,383,1010,29,0,395,101,90,11,1,0,-21,45,2919,760,20,761,3147,100603,6589
2278072,73,123,386,1010,29,0,395,101,90,11,1,0,-31,39,2919,760,17,761,3146,100604,6589
2278572,73,122,386,1010,29,0,395,101,90,11,1,0,-21,36,2928,760,20,761,3146,100601,6591
2279072,73,130,386,1010,29,0,393,101,90,11,1,0,-23,41,2933,760,18,761,3145,100600,6591
2279572,73,117,383,1010,29,0,393,101,90,11,1,0,-28,41,2924,760,16,762,3145,100604,6593
2280072,69,104,383,1010,29,0,395,101,90,11,1,0,-32,43,2924,759,20,761,3144,100606,6596
2280572,75,113,383,1010,29,0,395,101,90,11,1,0,-26,38,2919,761,18,761,3144,100604,6600
2281072,73,114,383,1010,29,0,395,101,90,11,1,0,-27,41,2933,760,16,761,3143,100605,6602
2281572,75,125,383,1010,29,0,395,101,90,11,1,0,-30,44,2919,760,22,761,3143,100604,6603
2282072,73,116,386,1010,29,0,395,101,90,11,1,0,-27,38,2928,761,18,761,3143,100602,6603
2282572,73,122,383,1010,29,0,395,101,90,11,1,0,-23,43,2928,760,17,761,3142,100604,6606
2283072,73,130,383,1010,29,0,395,101,90,11,1,0,-20,51,2924,760,16,761,3141,100600,6608
2283572,73,127,383,1010,29,0,395,101,90,11,1,0,-23,38,2924,760,18,761,3141,100601,6613
2284072,73,124,383,1010,29,0,395,101,90,11,1,0,-22,40,2910,760,18,761,3141,100603,6619
2284572,73,131,386,1010,29,0,395,101,90,11,1,0,-28,46,2924,759,17,761,3139,100603,6619
2285072,73,117,383,1010,29,0,395,101,90,11,1,0,-25,44,2924,760,19,761,3139,100603,6621
2285572,73,113,383,1010,29,0,395,101,90,11,1,0,-20,45,2924,760,19,761,3139,100605,6623
2286072,71,86,386,1010,29,0,395,101,90,11,1,0,-22,46,2914,754,18,761,3139,100605,6625
2286572,73,107,383,1010,29,0,395,101,90,11,1,0,-26,50,2924,760,17,761,3139,100603,6625
2287072,71,118,386,1010,29,0,395,101,90,11,1,0,-28,52,2924,760,19,761,3138,100603,6627
2287572,73,130,383,1010,29,0,395,101,90,11,1,0,-29,54,2928,752,16,761,3137,100603,6629
2288072,73,113,383,1010,29,0,395,101,90,11,1,0,-33,41,2919,760,16,761,3137,100606,6633
2288572,73,100,383,1010,29,0,395,101,90,11,1,0,-28,39,2924,760,19,761,3136,100606,6637
2289072,73,105,383,1010,29,0,395,101,90,11,1,0,-31,38,2919,760,25,761,3137,100606,6640
2289572,73,84,386,1010,29,0,393,101,90,11,1,0,-18,36,2928,760,17,761,3136,100604,6642
2290072,73,73,383,1010,29,0,395,101,90,11,1,0,-25,36,2919,761,9,761,3136,100604,6644
2290572,73,65,383,1010,29,0,395,101,90,11,1,0,-20,36,2928,761,14,761,3136,100606,6645
2291072,73,65,386,1010,29,0,395,101,90,11,1,0,-31,43,2924,760,18,761,3136,100603,6647
2291572,73,94,383,1010,29,0,395,101,90,11,1,0,-23,69,2924,761,13,761,3136,100604,6648
2292072,73,95,386,1010,29,0,395,101,90,11,1,0,-27,35,2933,760,17,761,3136,100605,6650
2292572,73,114,386,1010,29,0,395,101,90,11,1,0,-24,33,2924,760,18,761,3135,100603,6659
2293072,73,105,386,1010,29,0,395,101,90,11,1,0,-42,22,2933,760,22,761,3136,100602,6663
2293572,73,100,383,1010,29,0,395,101,90,11,1,0,-26,29,2919,760,24,761,3135,100600,6665
2294072,73,100,383,1010,29,0,395,101,90,11,1,0,-27,29,2928,760,18,761,3135,100603,6666
2294572,73,118,383,1010,29,0,395,101,90,11,1,0,-23,27,2924,760,19,761,3135,100606,6673
2295072,73,133,383,1010,30,0,395,101,90,11,1,0,-31,34,2914,760,19,761,3134,100603,6676
2295572,73,132,386,1010,29,0,395,101,90,11,1,0,-22,36,2924,760,16,761,3134,100604,6680
2296072,73,136,383,1010,29,0,395,101,90,11,1,0,-28,33,2924,760,13,761,3134,100603,6680
2296572,73,146,386,1010,30,0,395,101,90,11,1,0,-23,29,2938,760,19,761,3134,100604,6680
2297072,73,164,386,1010,29,0,395,101,90,11,1,0,-24,36,2924,760,20,761,3134,100604,6680
2297572,73,154,386,1010,29,0,395,101,90,11,1,0,-28,28,2933,760,10,761,3134,100603,6685
2298072,73,159,383,1010,29,0,395,101,90,11,1,0,-27,30,2933,760,18,761,3133,100604,6689
2298572,73,134,383,1010,30,0,395,101,90,11,1,0,-28,39,2924,760,13,761,3133,100604,6690
2299072,73,131,383,1010,29,0,395,101,90,11,1,0,-26,30,2928,760,17,761,3133,100605,6687
2299572,73,154,383,1010,30,0,395,101,90,11,1,0,-24,36,2924,761,15,761,3132,100603,6686
2300072,73,144,383,1010,29,0,395,101,90,11,1,0,-22,36,2928,760,18,761,3131,100607,6688
2300572,73,131,383,1010,30,0,395,101,90,11,1,0,-25,28,2919,761,18,761,3131,100606,6688
2301072,73,136,383,1010,29,0,395,101,90,11,1,0,-28,39,2914,761,13,761,3131,100603,6684
2301572,73,128,386,1010,29,0,395,101,90,11,1,0,-29,34,2919,761,12,761,3129,100602,6682
2302072,73,125,386,1010,29,0,395,101,90,11,1,0,-59,43,2919,760,16,761,3127,100604,6681
2302572,75,102,386,1010,29,0,395,101,90,11,1,0,-29,37,2928,760,16,761,3127,100606,6679
2303072,73,114,383,1010,30,0,395,101,90,11,1,0,-29,33,2933,761,18,761,3127,100607,6678
2303572,73,117,383,1010,30,0,395,101,90,11,1,0,-21,29,2928,760,19,761,3128,100604,6676
2304072,73,105,386,1010,30,0,395,101,90,11,1,0,-36,31,2933,760,19,761,3125,100606,6675
2304572,73,127,386,1010,29,0,395,101,90,11,1,0,-20,38,2928,760,23,761,3127,100603,6674
2305072,73,124,383,1010,29,0,395,101,90,11,1,0,-27,31,2928,760,18,761,3127,100605,6672
2305572,73,118,383,1010,30,0,395,101,90,11,1,0,-24,32,2924,759,17,761,3128,100606,6669
2306072,73,109,383,1010,29,0,395,101,90,11,1,0,-35,24,2924,761,19,761,3128,100606,6666
2306572,73,114,386,1010,29,0,395,101,90,11,1,0,-27,34,2919,760,19,761,3128,100607,6670
2307072,73,107,383,1010,29,0,395,101,90,11,1,0,-24,33,2928,758,17,761,3128,100606,6670
2307572,73,104,386,1010,30,0,395,101,90,11,1,0,-29,23,2924,760,18,761,3129,100606,6670
2308072,73,125,383,1010,29,0,395,101,90,11,1,0,-30,30,2919,760,20,761,3131,100604,6668
2308572,73,119,386,1010,29,0,395,101,90,11,1,0,-31,36,2919,760,16,761,3131,100604,6666
2309072,73,104,383,1010,30,0,395,101,90,11,1,0,-29,29,2924,760,20,759,3132,100607,6665
2309572,73,113,386,1010,29,0,395,101,90,11,1,0,-26,34,2928,760,18,761,3132,100605,6661
2310072,73,125,383,1010,29,0,395,101,90,11,1,0,-26,39,2924,760,19,761,3132,100605,6660
2310572,73,136,383,1010,29,0,395,101,90,11,1,0,-32,37,2924,760,15,761,3133,100605,6661
2311072,73,122,383,1010,29,0,395,101,90,11,1,0,-26,35,2924,760,14,761,3133,100602,6662
2311572,73,114,383,1010,29,0,395,101,90,11,1,0,-27,33,2933,760,15,761,3133,100604,6662
2312072,73,123,383,1010,29,0,395,101,90,11,1,0,-26,33,2919,760,17,761,3134,100606,6660
2312572,73,125,386,1010,29,0,395,101,90,11,1,0,-28,37,2924,760,18,761,3135,100605,6657
2313072,75,113,383,1010,29,0,395,101,90,11,1,0,-25,37,2928,760,20,761,3136,100604,6652
2313572,73,109,386,1010,29,0,395,101,90,11,1,0,-27,33,2928,760,15,761,3136,100606,6649
2314072,73,118,386,1010,29,0,395,101,90,11,1,0,-24,33,2924,756,19,761,3137,100605,6647
2314572,73,139,383,1010,29,0,395,101,90,11,1,0,-24,34,2919,760,21,761,3137,100602,6644
2315072,71,150,386,1010,29,0,395,101,90,11,1,0,-30,39,2928,760,16,761,3137,100603,6644
2315572,73,141,386,1010,29,0,395,101,90,11,1,0,-23,35,2924,759,16,761,3138,100605,6648
2316072,73,145,386,1010,29,0,395,101,90,11,1,0,-28,31,2924,760,16,761,3137,100604,6651
2316572,73,133,386,1010,29,0,395,101,90,11,1,0,-42,34,2924,760,12,761,3137,100605,6653
2317072,73,140,383,1010,29,0,395,101,90,11,1,0,-16,36,2924,759,18,761,3136,100604,6652
2317572,73,151,383,1010,30,0,395,101,90,11,1,0,-33,29,2919,760,20,761,3135,100605,6658
2318072,73,134,383,1010,30,0,395,101,90,11,1,0,-29,37,2919,760,20,761,3136,100606,6658
2318572,73,138,386,1010,30,0,395,101,90,11,1,0,-30,38,2924,760,17,761,3136,100604,6655
2319072,73,123,383,1010,29,0,395,101,90,11,1,0,-26,38,2919,761,18,761,3136,100606,6652
2319572,73,127,383,1010,30,0,395,101,90,11,1,0,-23,34,2924,760,25,761,3137,100603,6651
2320072,73,112,386,1010,30,0,395,101,90,11,1,0,-27,32,2919,758,19,761,3137,100606,6651
2320572,73,104,386,1010,29,0,395,101,90,11,1,0,-27,33,2919,760,20,761,3137,100604,6648
2321072,73,133,383,1010,30,0,395,101,90,11,1,0,-35,33,2924,760,17,761,3137,100606,6643
2321572,73,123,383,1010,30,0,395,101,89,11,1,0,-25,32,2924,759,16,761,3138,100605,6642
2322072,73,139,386,1010,29,0,393,101,90,11,1,0,-31,36,2924,761,11,761,3139,100605,6645
2322572,73,132,383,1010,29,0,395,101,90,11,1,0,-30,39,2924,760,23,761,3139,100605,6645
2323072,75,102,386,1010,30,0,395,101,90,11,1,0,-30,36,2919,760,20,761,3140,100605,6646
2323572,75,132,386,1010,30,0,395,101,90,11,1,0,-23,38,2928,759,16,761,3140,100604,6651
2324072,73,130,386,1010,30,0,395,101,90,11,1,0,-30,34,2914,760,18,761,3141,100604,6655
2324572,73,132,386,1010,30,0,395,101,90,11,1,0,-27,34,2924,761,13,761,3141,100604,6661
2325072,73,140,383,1010,30,0,395,101,90,11,1,0,-26,38,2924,760,17,761,3142,100606,6667
2325572,73,146,386,1010,30,0,395,101,90,11,1,0,-31,34,2919,760,20,761,3142,100604,6664
2326072,73,135,383,1010,29,0,395,101,90,11,1,0,-29,39,2919,760,16,759,3142,100605,6653
2326572,73,139,386,1010,30,0,395,101,90,11,1,0,-25,41,2919,759,16,761,3142,100606,6645
2327072,73,143,383,1010,30,0,395,101,90,11,1,0,-30,37,2928,760,16,761,3142,100602,6641
2327572,73,137,386,1010,30,0,395,101,90,11,1,0,-25,30,2933,760,19,761,3142,100605,6637
2328072,73,143,383,1010,30,0,395,101,90,11,1,0,-29,37,2933,760,16,761,3142,100605,6631
2328572,73,140,383,1010,30,0,395,101,90,11,1,0,-28,39,2933,760,20,761,3141,100605,6626
2329072,73,138,383,1010,30,0,395,101,90,11,1,0,-25,37,2924,760,17,761,3141,100603,6626
2329572,73,145,383,1010,30,0,395,101,90,11,1,0,-24,36,2919,760,16,761,3140,100605,6625
2330072,71,156,386,1010,29,0,395,101,90,11,1,0,-27,39,2933,760,19,761,3140,100605,6625
2330572,73,155,386,1010,30,0,395,101,90,11,1,0,-29,34,2924,760,14,761,3139,100605,6625
2331072,73,153,386,1010,30,0,395,101,90,11,1,0,-30,38,2924,760,17,761,3140,100605,6622
2331572,73,146,383,1010,30,0,395,101,90,11,1,0,-21,34,2928,760,15,761,3141,100604,6620
2332072,73,145,386,1010,30,0,395,101,90,11,1,0,-29,35,2924,760,17,761,3139,100604,6623
2332572,73,145,386,1010,30,0,395,101,90,11,1,0,-27,36,2914,760,16,761,3140,100604,6625
2333072,73,138,386,1010,29,0,395,101,90,11,1,0,-29,35,2924,760,17,761,3140,100603,6626
2333572,73,140,386,1010,30,0,393,101,90,11,1,0,-29,29,2919,756,12,761,3140,100603,6626
2334072,75,141,386,1010,30,0,395,101,90,11,1,0,-28,33,2928,760,17,759,3140,100605,6627
2334572,73,139,386,1010,30,0,395,101,90,11,1,0,-26,30,2919,760,19,761,3140,100605,6627
2335072,73,133,386,1010,30,0,395,101,90,11,1,0,-30,41,2919,758,19,761,3140,100603,6629
2335572,73,130,386,1010,30,0,395,101,90,11,1,0,-27,33,2919,760,19,761,3141,100602,6631
2336072,73,135,386,1010,29,0,395,101,90,11,1,0,-26,32,2914,760,15,761,3141,100604,6629
2336572,73,144,386,1010,29,0,395,101,90,11,1,0,-29,37,2928,756,18,761,3141,100605,6627
2337072,73,148,383,1010,30,0,395,101,90,11,1,0,-25,28,2919,760,20,761,3141,100607,6627
2337572,73,161,386,1010,30,0,395,101,90,11,1,0,-29,35,2928,760,18,761,3141,100604,6629
2338072,73,159,383,1010,30,0,395,101,90,11,1,0,-31,34,2919,758,21,761,3141,100605,6633
2338572,73,142,383,1010,30,0,395,101,90,11,1,0,-25,35,2928,760,18,761,3140,100605,6636
2339072,73,155,386,1010,30,0,395,101,90,11,1,0,-30,36,2924,760,19,761,3140,100605,6637
2339572,73,143,386,1010,30,0,395,101,90,11,1,0,-26,28,2919,759,19,761,3141,100605,6637
2340072,73,140,386,1010,29,0,395,101,90,11,1,0,-28,36,2924,760,15,761,3140,100602,6638
2340572,73,146,383,1010,30,0,393,101,90,11,1,0,-4,27,2914,760,15,761,3140,100602,6637
2341072,73,137,383,1010,30,0,393,101,90,11,1,0,-23,34,2924,759,17,761,3140,100605,6638
2341572,73,134,386,1010,30,0,395,101,90,11,1,0,-28,39,2919,760,18,761,3139,100606,6640
2342072,73,149,383,1010,30,0,393,101,90,11,1,0,-32,26,2924,760,21,761,3140,100605,6642
2342572,73,139,383,1010,30,0,395,101,90,11,1,0,-27,38,2919,759,22,761,3140,100606,6642
2343072,73,147,386,1010,30,0,395,101,90,11,1,0,-29,35,2928,760,20,761,3138,100606,6641
2343572,73,145,386,1010,30,0,393,101,90,11,1,0,-24,38,2914,760,18,761,3138,100605,6640
2344072,73,140,383,1010,30,0,393,101,90,11,1,0,-30,36,2914,761,12,761,3139,100607,6637
2344572,73,135,386,1010,30,0,395,101,90,11,1,0,-35,39,2914,760,19,761,3139,100605,6632
2345072,73,148,386,1010,30,0,395,101,90,11,1,0,-41,34,2924,760,21,761,3138,100606,6629
2345572,73,151,386,1010,30,0,395,101,90,11,1,0,-32,25,2919,760,16,761,3138,100602,6627
2346072,73,147,386,1010,30,0,395,101,90,11,1,0,-30,31,2924,758,25,761,3138,100605,6629
2346572,73,154,386,1010,30,0,395,101,90,11,1,0,-29,39,2914,760,19,761,3139,100605,6633
2347072,73,152,383,1010,30,0,395,101,90,11,1,0,-29,41,2924,761,16,761,3138,100604,6635
2347572,73,155,383,1010,30,0,395,101,90,11,1,0,-24,38,2919,760,15,761,3138,100605,6635
2348072,73,148,383,1010,30,0,395,101,90,11,1,0,-20,34,2914,760,18,761,3137,100606,6634
2348572,73,149,383,1010,30,0,395,101,90,11,1,0,-28,43,2919,760,20,761,3137,100604,6630
2349072,73,149,386,1010,30,0,395,101,90,11,1,0,-33,38,2928,760,15,761,3137,100607,6632
2349572,73,146,383,1010,30,0,395,101,90,11,1,0,-38,42,2924,760,17,761,3137,100603,6633
2350072,73,144,386,1010,29,0,395,101,90,11,1,0,-21,39,2919,760,17,761,3138,100606,6634
2350572,73,148,383,1010,30,0,395,101,90,11,1,0,-34,38,2910,760,12,759,3138,100607,6636
2351072,71,152,386,1010,30,0,395,101,90,11,1,0,-23,33,2914,760,17,761,3138,100604,6641
2351572,73,154,386,1010,29,0,395,101,90,11,1,0,-20,36,2919,760,13,761,3138,100606,6638
2352072,73,150,386,1010,30,0,395,101,90,11,1,0,-22,32,2924,760,17,761,3138,100605,6634
2352572,73,149,383,1010,30,0,395,101,90,11,1,0,-23,27,2924,760,14,761,3138,100606,6634
2353072,73,151,383,1010,30,0,395,101,90,11,1,0,-15,30,2924,751,38,761,3137,100605,6636
2353572,73,152,386,1010,30,0,395,101,90,11,1,0,-30,41,2928,760,21,761,3137,100605,6641
2354072,73,148,386,1010,30,0,395,101,90,11,1,0,-29,29,2928,760,19,761,3137,100607,6643
2354572,73,153,383,1010,30,0,395,101,90,11,1,0,-28,29,2919,753,20,761,3138,100604,6647
2355072,73,136,383,1010,30,0,395,101,90,11,1,0,-28,28,2924,760,14,761,3138,100606,6647
2355572,75,138,386,1010,30,0,395,101,90,11,1,0,-26,36,2924,760,16,761,3138,100606,6645
2356072,73,146,386,1010,30,0,395,101,90,11,1,0,-35,59,2914,756,17,761,3138,100607,6642
2356572,73,139,383,1010,30,0,395,101,90,11,1,0,-25,32,2924,761,15,761,3138,100607,6639
2357072,73,128,383,1010,30,0,395,101,90,11,1,0,-30,35,2924,760,20,761,3138,100606,6635
2357572,73,116,386,1010,30,0,395,101,90,11,1,0,-33,34,2924,758,17,761,3139,100604,6632
2358072,73,133,386,1010,30,0,395,101,90,11,1,0,-29,38,2914,760,23,759,3138,100604,6632
2358572,73,127,386,1010,30,0,395,101,90,11,1,0,-25,34,2919,760,17,761,3139,100605,6631
2359072,73,127,383,1010,30,0,395,101,90,11,1,0,-30,39,2919,758,20,761,3139,100606,6627
2359572,73,120,386,1010,30,0,395,101,90,11,1,0,-27,33,2919,760,20,761,3139,100606,6624
2360072,73,125,386,1010,30,0,395,101,90,11,1,0,-24,35,2924,760,24,761,3139,100606,6624
2360572,73,133,386,1010,30,0,395,101,90,11,1,0,-28,35,2919,760,20,761,3139,100604,6620
2361072,73,141,386,1010,30,0,395,101,90,11,1,0,-32,38,2928,760,17,761,3139,100605,6617
2361572,73,126,386,1010,30,0,395,101,90,11,1,0,-27,39,2919,760,18,761,3140,100604,6613
2362072,73,119,383,1010,30,0,395,101,90,11,1,0,-23,39,2914,760,17,761,3140,100604,6612
2362572,73,126,383,1010,30,0,395,101,90,11,1,0,-30,42,2924,759,18,761,3139,100605,6613
2363072,73,126,386,1010,30,0,395,101,90,11,1,0,-34,27,2924,760,19,761,3140,100606,6616
2363572,73,128,386,1010,30,0,395,101,90,11,1,0,-26,35,2914,760,18,761,3139,100605,6617
2364072,73,116,386,1010,30,0,395,101,90,11,1,0,-31,32,2910,759,20,761,3139,100602,6624
2364572,73,122,386,1010,30,0,395,101,90,11,1,0,-32,34,2924,760,19,761,3139,100604,6632
2365072,73,119,386,1010,30,0,393,101,90,11,1,0,-27,32,2919,760,16,761,3139,100605,6638
2365572,73,113,386,1010,30,0,395,101,90,11,1,0,-28,38,2928,760,17,761,3139,100605,6635
2366072,73,105,386,1010,30,0,395,101,90,11,1,0,-29,33,2914,760,18,761,3139,100605,6631
2366572,75,108,383,1010,30,0,395,101,90,11,1,0,-27,38,2924,760,20,761,3139,100604,6633
2367072,73,102,386,1010,30,0,395,101,90,11,1,0,-30,43,2914,760,20,761,3138,100605,6638
2367572,73,111,383,1010,30,0,395,101,90,11,1,0,-38,81,2924,759,21,761,3138,100604,6641
2368072,71,118,386,1010,30,0,395,101,90,11,1,0,-30,45,2928,760,20,761,3138,100604,6643
2368572,73,116,386,1010,30,0,395,101,90,11,1,0,0,60,2914,759,21,761,3138,100604,6648
2369072,73,112,386,1010,30,0,395,101,90,11,1,0,-13,30,2928,756,15,761,3137,100604,6648
2369572,69,124,383,1010,30,0,395,101,90,11,1,0,-30,37,2914,758,34,761,3136,100608,6644
2370072,73,120,386,1010,30,0,395,101,90,11,1,0,-47,51,2924,759,24,761,3135,100607,6643
2370572,73,123,383,1010,30,0,395,101,90,11,1,0,-32,49,2914,753,29,761,3135,100607,6641
2371072,73,120,383,1010,30,0,395,101,90,11,1,0,-33,67,2924,760,18,761,3135,100605,6642
2371572,73,113,383,1010,30,0,395,101,90,11,1,0,-28,39,2914,760,15,761,3134,100606,6644
2372072,73,118,383,1010,30,0,395,101,90,11,1,0,-29,37,2924,756,16,761,3133,100604,6644
2372572,73,133,386,1010,30,0,395,101,90,11,1,0,-38,50,2910,760,15,761,3132,100605,6645
2373072,73,127,386,1010,30,0,395,101,90,11,1,0,-30,43,2919,760,19,761,3133,100605,6644
2373572,73,128,383,1010,30,0,395,101,90,11,1,0,-25,40,2914,755,20,761,3133,100606,6645
2374072,73,122,386,1010,30,0,393,101,90,11,1,0,-27,41,2910,760,20,761,3130,100604,6653
2374572,73,116,383,1010,30,0,395,101,90,11,1,0,-26,34,2914,760,18,761,3127,100607,6655
2375072,73,86,386,1010,30,0,393,101,89,11,1,0,-36,39,2914,755,24,761,3126,100606,6663
2375572,73,100,386,1010,30,0,395,101,89,11,1,0,-41,36,2914,760,14,761,3125,100602,6673
2376072,69,91,386,1010,30,0,395,101,89,11,1,0,-24,39,2924,760,19,761,3126,100605,6674
2376572,73,104,386,1010,30,0,395,101,89,11,1,0,-36,36,2914,760,22,761,3127,100607,6675
2377072,75,124,383,1010,30,0,395,101,89,11,1,0,-28,42,2914,760,20,759,3128,100606,6675
2377572,75,117,386,1010,30,0,395,101,89,11,1,0,-27,54,2905,760,21,761,3129,100603,6675
2378072,73,111,386,1010,30,0,395,101,89,11,1,0,-17,41,2914,760,24,761,3129,100605,6677
2378572,73,117,383,1010,30,0,395,101,89,11,1,0,-18,48,2914,760,14,761,3127,100607,6678
2379072,73,127,383,1010,30,0,395,101,89,11,1,0,-38,44,2919,761,14,759,3125,100605,6682
2379572,73,117,386,1010,30,0,395,101,89,11,1,0,-32,41,2914,760,12,761,3125,100604,6680
2380072,73,120,386,1010,30,0,395,101,89,11,1,0,-21,38,2919,760,20,761,3125,100607,6681
2380572,73,120,383,1010,30,0,393,101,89,11,1,0,-29,45,2914,760,15,761,3126,100605,6688
2381072,73,119,383,1010,30,0,395,101,89,11,1,0,-26,43,2914,760,14,761,3126,100606,6699
2381572,73,127,383,1010,30,0,395,101,89,11,1,0,-21,34,2914,759,21,761,3125,100604,6709
2382072,73,125,386,1010,30,0,393,101,89,11,1,0,-29,35,2910,759,17,761,3125,100605,6713
2382572,71,132,386,1010,30,0,395,101,89,11,1,0,-26,35,2914,760,17,761,3127,100609,6713
2383072,71,120,386,1010,30,0,393,101,89,11,1,0,-35,41,2910,760,17,761,3125,100607,6710
2383572,73,109,386,1010,30,0,395,101,89,11,1,0,-27,52,2905,759,21,761,3127,100609,6709
2384072,73,118,386,1010,30,0,395,101,89,11,1,0,-19,41,2900,760,20,761,3127,100605,6712
2384572,73,123,383,1010,30,0,395,101,89,11,1,0,-29,45,2924,760,16,759,3126,100606,6715
2385072,73,109,386,1010,30,0,395,101,89,11,1,0,-36,38,2910,760,12,761,3125,100604,6714
2385572,73,130,383,1010,30,0,395,101,89,11,1,0,-25,48,2905,760,16,759,3123,100606,6704
2386072,73,102,383,1010,30,0,393,101,89,11,1,0,-30,54,2900,760,20,761,3124,100604,6698
2386572,73,108,386,1010,30,0,395,101,89,11,1,0,-23,51,2900,759,20,761,3124,100605,6697
2387072,73,120,383,1010,30,0,393,101,89,11,1,0,-32,49,2914,760,17,761,3122,100605,6702
2387572,75,102,383,1010,30,0,395,101,89,11,1,0,-22,51,2900,760,13,761,3123,100606,6705
2388072,75,101,386,1010,30,0,395,101,89,11,1,0,-28,39,2900,759,18,761,3123,100605,6709
2388572,75,91,386,1010,30,0,393,101,89,11,1,0,-30,40,2900,760,18,761,3122,100606,6710
2389072,73,98,383,1010,30,0,395,101,89,11,1,0,-31,43,2900,760,19,761,3121,100606,6714
2389572,73,117,383,1010,30,0,393,101,89,11,1,0,-24,40,2905,759,17,761,3122,100603,6716
2390072,73,105,383,1010,30,0,393,101,89,11,1,0,-28,43,2895,751,16,761,3123,100605,6717
2390572,71,117,383,1010,30,0,395,101,89,11,1,0,-28,36,2895,760,18,761,3123,100606,6720
2391072,73,111,386,1010,30,0,395,101,89,11,1,0,-23,41,2910,760,20,761,3122,100606,6727
2391572,73,102,386,1010,30,0,395,101,89,11,1,0,-33,42,2905,755,14,761,3122,100609,6732
2392072,73,98,383,1010,30,0,393,101,89,11,1,0,-29,32,2900,760,15,761,3121,100604,6736
2392572,71,92,383,1010,30,0,395,101,89,11,1,0,-24,40,2895,760,19,761,3122,100605,6735
2393072,73,95,383,1010,30,0,393,101,89,11,1,0,-25,41,2900,754,9,761,3124,100606,6734
2393572,69,98,383,1010,30,0,395,101,89,11,1,0,32,92,2895,760,17,761,3125,100609,6733
2394072,73,113,383,1010,30,0,393,101,89,11,1,0,-20,39,2910,760,15,759,3126,100605,6731
2394572,73,109,386,1010,30,0,395,101,89,11,1,0,-32,67,2910,760,20,761,3127,100604,6728
2395072,73,86,386,1010,30,0,391,101,89,11,1,0,-35,27,2900,760,15,761,3127,100604,6720
2395572,73,86,386,1010,30,0,395,101,89,11,1,0,-27,34,2895,760,17,761,3128,100605,6716
2396072,73,91,383,1010,30,0,395,101,89,11,1,0,-24,35,2895,760,21,759,3129,100606,6716
2396572,73,109,383,1010,30,0,393,101,89,11,1,0,-25,35,2900,760,20,761,3129,100606,6713
2397072,73,102,383,1010,30,0,393,101,89,11,1,0,-31,34,2895,760,13,761,3130,100607,6714
2397572,73,56,386,1010,30,0,395,101,89,11,1,0,-30,35,2914,760,19,761,3131,100606,6718
2398072,73,102,383,1010,30,0,393,101,89,11,1,0,-23,30,2905,760,21,761,3131,100606,6723
2398572,73,95,386,1010,30,0,395,101,89,11,1,0,-29,36,2905,760,15,761,3131,100607,6723
2399072,75,98,383,1010,30,0,395,101,89,11,1,0,-27,35,2905,760,18,761,3132,100608,6719
2399572,73,104,386,1010,30,0,393,101,89,11,1,0,-35,31,2900,760,17,761,3132,100608,6716
2400072,73,130,386,1010,30,0,393,101,89,11,1,0,-28,31,2900,760,13,761,3133,100607,6712
2400572,73,112,383,1010,30,0,393,101,89,11,1,0,-24,37,2905,760,15,761,3133,100610,6709
2401072,73,105,383,1010,30,0,395,101,89,11,1,0,-30,34,2895,760,19,761,3133,100607,6708
2401572,73,117,386,1010,30,0,393,101,89,11,1,0,-29,34,2905,760,15,759,3134,100608,6707
2402072,73,118,383,1010,30,0,393,101,89,11,1,0,-30,27,2900,760,21,761,3135,100608,6712
